parser,input_length,token_count,median_time_ns,mad_ns,peak_memory_bytes,iterations,recognized,parse_correct,status,reject_correct
Leo,1,1,8312.50,125.00,32768,20,true,true,OK,
GLL,1,1,3208.50,229.50,0,20,true,true,OK,
RNGLR,1,1,2792.00,62.50,0,20,true,true,OK,
BRNGLR,1,1,2584.00,41.00,0,20,true,true,OK,
LL,1,1,500.00,41.00,0,20,true,true,OK,
LR,1,1,709.00,41.00,0,20,true,true,OK,
Leo,1,1,8291.00,104.00,32768,20,true,true,OK,
GLL,1,1,3020.50,62.50,0,20,true,true,OK,
RNGLR,1,1,2667.00,41.00,16384,20,true,true,OK,
BRNGLR,1,1,2625.00,41.50,0,20,true,true,OK,
LL,1,1,500.00,0.00,0,20,true,true,OK,
LR,1,1,709.00,1.00,0,20,true,true,OK,
Leo,1,1,8062.50,62.50,0,20,true,true,OK,
GLL,1,1,3125.00,83.50,0,20,true,true,OK,
RNGLR,1,1,2708.00,42.00,0,20,true,true,OK,
BRNGLR,1,1,2687.50,21.00,0,20,true,true,OK,
LL,1,1,500.00,41.00,0,20,true,true,OK,
LR,1,1,708.00,0.00,0,20,true,true,OK,
Leo,1,1,8250.00,62.50,0,20,true,true,OK,
GLL,1,1,3041.00,41.50,0,20,true,true,OK,
RNGLR,1,1,8062.50,5291.50,0,20,true,true,OK,
BRNGLR,1,1,2666.50,41.50,0,20,true,true,OK,
LL,1,1,500.00,0.00,0,20,true,true,OK,
LR,1,1,708.00,0.50,0,20,true,true,OK,
Leo,2,2,6520.50,125.00,32768,20,true,true,OK,
GLL,2,2,1583.00,41.50,0,20,true,true,OK,
RNGLR,2,2,2250.00,42.00,0,20,true,true,OK,
BRNGLR,2,2,2083.00,42.00,0,20,true,true,OK,
LL,2,2,291.00,1.00,0,20,true,true,OK,
LR,2,2,458.00,0.00,0,20,true,true,OK,
Leo,2,2,12916.50,83.50,0,20,true,true,OK,
GLL,2,2,4416.00,62.00,0,20,true,true,OK,
RNGLR,2,2,7958.00,4250.00,16384,20,true,true,OK,
BRNGLR,2,2,3520.50,62.00,0,20,true,true,OK,
LL,2,2,750.00,0.00,0,20,true,true,OK,
LR,2,2,1000.00,20.50,0,20,true,true,OK,
Leo,2,2,12437.50,62.50,16384,20,true,true,OK,
GLL,2,2,4250.00,42.00,0,20,true,true,OK,
RNGLR,2,2,3667.00,42.00,16384,20,true,true,OK,
BRNGLR,2,2,3375.00,41.50,0,20,true,true,OK,
LL,2,2,750.00,20.50,0,20,true,true,OK,
LR,2,2,1000.00,41.00,0,20,true,true,OK,
Leo,2,2,12604.00,250.00,16384,20,true,true,OK,
GLL,2,2,4479.50,21.00,0,20,true,true,OK,
RNGLR,2,2,3542.00,42.00,16384,20,true,true,OK,
BRNGLR,2,2,3417.00,41.50,0,20,true,true,OK,
LL,2,2,750.00,0.00,0,20,true,true,OK,
LR,2,2,1000.00,42.00,0,20,true,true,OK,
Leo,2,2,34375.50,20291.50,16384,20,true,true,OK,
GLL,2,2,12729.50,8229.50,0,20,true,true,OK,
RNGLR,2,2,11103.50,3959.00,16384,20,true,true,OK,
BRNGLR,2,2,3542.00,41.00,0,20,true,true,OK,
LL,2,2,791.00,41.00,0,20,true,true,OK,
LR,2,2,959.00,1.00,0,20,true,true,OK,
Leo,2,2,13145.50,228.50,16384,20,true,true,OK,
GLL,2,2,4500.00,42.00,0,20,true,true,OK,
RNGLR,2,2,3750.00,41.50,0,20,true,true,OK,
BRNGLR,2,2,3521.00,21.00,0,20,true,true,OK,
LL,2,2,750.00,0.00,0,20,true,true,OK,
LR,2,2,1021.00,21.00,0,20,true,true,OK,
Leo,3,3,13188.00,167.00,0,20,true,true,OK,
GLL,3,3,5541.50,83.50,0,20,true,true,OK,
RNGLR,3,3,4083.50,21.00,16384,20,true,true,OK,
BRNGLR,3,3,4000.00,62.50,0,20,true,true,OK,
LL,3,3,917.00,1.00,0,20,true,true,OK,
LR,3,3,1187.50,20.50,0,20,true,true,OK,
Leo,3,3,12833.00,83.00,16384,20,true,true,OK,
GLL,3,3,5333.00,42.00,16384,20,true,true,OK,
RNGLR,3,3,4042.00,42.00,0,20,true,true,OK,
BRNGLR,3,3,3917.00,42.00,0,20,true,true,OK,
LL,3,3,875.00,0.00,0,20,true,true,OK,
LR,3,3,1167.00,41.00,0,20,true,true,OK,
Leo,3,3,17979.50,145.50,16384,20,true,true,OK,
GLL,3,3,5542.00,42.00,0,20,true,true,OK,
RNGLR,3,3,4333.00,42.00,0,20,true,true,OK,
BRNGLR,3,3,4250.00,42.00,0,20,true,true,OK,
LL,3,3,959.00,21.00,0,20,true,true,OK,
LR,3,3,1292.00,0.50,0,20,true,true,OK,
Leo,3,3,17104.00,145.50,16384,20,true,true,OK,
GLL,3,3,5917.00,125.00,16384,20,true,true,OK,
RNGLR,3,3,4500.00,42.00,16384,20,true,true,OK,
BRNGLR,3,3,4250.00,41.00,0,20,true,true,OK,
LL,3,3,1000.00,0.00,0,20,true,true,OK,
LR,3,3,1292.00,1.00,0,20,true,true,OK,
Leo,4,4,18083.50,187.50,16384,20,true,true,OK,
GLL,4,4,6979.50,62.50,0,20,true,true,OK,
RNGLR,4,4,5270.50,125.00,0,20,true,true,OK,
BRNGLR,4,4,4958.00,42.00,0,20,true,true,OK,
LL,4,4,1167.00,0.50,0,20,true,true,OK,
LR,4,4,1542.00,42.00,0,20,true,true,OK,
Leo,4,4,18167.00,291.50,0,20,true,true,OK,
GLL,4,4,7187.50,187.50,16384,20,true,true,OK,
RNGLR,4,4,5249.50,166.50,0,20,true,true,OK,
BRNGLR,4,4,4667.00,42.00,0,20,true,true,OK,
LL,4,4,1208.00,1.00,0,20,true,true,OK,
LR,4,4,1500.00,0.00,0,20,true,true,OK,
Leo,5,5,22666.50,250.00,0,20,true,true,OK,
GLL,5,5,7958.00,104.00,0,20,true,true,OK,
RNGLR,5,5,6187.50,125.50,0,20,true,true,OK,
BRNGLR,5,5,5458.00,62.50,16384,20,true,true,OK,
LL,5,5,1417.00,0.00,0,20,true,true,OK,
LR,5,5,1875.00,42.00,0,20,true,true,OK,
Leo,7,7,27666.50,312.00,16384,20,true,true,OK,
GLL,7,7,10854.00,188.00,16384,20,true,true,OK,
RNGLR,7,7,7250.00,42.00,0,20,true,true,OK,
BRNGLR,7,7,7209.00,84.00,16384,20,true,true,OK,
LL,7,7,1792.00,1.00,0,20,true,true,OK,
LR,7,7,2666.50,270.50,0,20,true,true,OK,
Leo,8,8,30916.50,3146.00,0,20,true,true,OK,
GLL,8,8,11999.50,438.00,0,20,true,true,OK,
RNGLR,8,8,8604.00,250.50,0,20,true,true,OK,
BRNGLR,8,8,7479.50,145.50,0,20,true,true,OK,
LL,8,8,1979.50,21.50,0,20,true,true,OK,
LR,8,8,2479.50,21.50,0,20,true,true,OK,
Leo,9,9,31166.50,416.50,16384,20,true,true,OK,
GLL,9,9,12792.00,312.50,0,20,true,true,OK,
RNGLR,9,9,9188.00,125.50,32768,20,true,true,OK,
BRNGLR,9,9,8208.00,83.00,0,20,true,true,OK,
LL,9,9,2208.50,41.50,0,20,true,true,OK,
LR,9,9,2937.50,62.50,0,20,true,true,OK,
Leo,11,11,33000.00,125.00,16384,20,true,true,OK,
GLL,11,11,13042.00,62.50,16384,20,true,true,OK,
RNGLR,11,11,9437.50,83.00,16384,20,true,true,OK,
BRNGLR,11,11,9667.00,229.00,16384,20,true,true,OK,
LL,11,11,2291.50,82.50,0,20,true,true,OK,
LR,11,11,3083.00,41.50,0,20,true,true,OK,
Leo,12,12,45146.00,5709.00,16384,20,true,true,OK,
GLL,12,12,15875.00,375.00,0,20,true,true,OK,
RNGLR,12,12,11250.00,42.00,0,20,true,true,OK,
BRNGLR,12,12,10208.50,124.50,16384,20,true,true,OK,
LL,12,12,2792.00,1.00,0,20,true,true,OK,
LR,12,12,3792.00,41.50,0,20,true,true,OK,
Leo,14,14,35334.00,166.50,16384,20,true,true,OK,
GLL,14,14,13937.50,354.00,16384,20,true,true,OK,
RNGLR,14,14,10125.00,42.00,0,20,true,true,OK,
BRNGLR,14,14,9583.50,41.50,16384,20,true,true,OK,
LL,14,14,2334.00,83.50,0,20,true,true,OK,
LR,14,14,3208.50,42.50,0,20,true,true,OK,
Leo,15,15,41958.50,645.50,16384,20,true,true,OK,
GLL,15,15,15520.50,187.50,16384,20,true,true,OK,
RNGLR,15,15,11958.50,167.00,16384,20,true,true,OK,
BRNGLR,15,15,11229.00,416.00,16384,20,true,true,OK,
LL,15,15,2917.00,42.00,0,20,true,true,OK,
LR,15,15,4000.00,41.50,0,20,true,true,OK,
Leo,16,16,57438.00,9479.50,16384,20,true,true,OK,
GLL,16,16,17959.00,187.50,16384,20,true,true,OK,
RNGLR,16,16,13333.00,125.50,0,20,true,true,OK,
BRNGLR,16,16,12291.50,333.50,0,20,true,true,OK,
LL,16,16,3209.00,41.00,0,20,true,true,OK,
LR,16,16,4209.00,42.00,0,20,true,true,OK,
Leo,18,18,50687.50,791.50,16384,20,true,true,OK,
GLL,18,18,18854.50,375.00,16384,20,true,true,OK,
RNGLR,18,18,13917.00,125.00,16384,20,true,true,OK,
BRNGLR,18,18,12229.50,63.00,16384,20,true,true,OK,
LL,18,18,3375.00,42.00,0,20,true,true,OK,
LR,18,18,4500.00,42.00,0,20,true,true,OK,
Leo,20,20,57604.00,896.00,16384,20,true,true,OK,
GLL,20,20,21542.00,84.00,0,20,true,true,OK,
RNGLR,20,20,15646.00,271.00,16384,20,true,true,OK,
BRNGLR,20,20,14729.50,146.00,0,20,true,true,OK,
LL,20,20,3792.00,41.50,0,20,true,true,OK,
LR,20,20,5083.00,41.00,0,20,true,true,OK,
Leo,22,22,57396.00,229.50,16384,20,true,true,OK,
GLL,22,22,20979.00,353.50,16384,20,true,true,OK,
RNGLR,22,22,15666.50,83.50,0,20,true,true,OK,
BRNGLR,22,22,14208.50,62.50,16384,20,true,true,OK,
LL,22,22,3500.00,42.00,0,20,true,true,OK,
LR,22,22,4875.00,42.00,0,20,true,true,OK,
Leo,23,23,63792.00,1333.50,16384,20,true,true,OK,
GLL,23,23,24520.50,167.00,0,20,true,true,OK,
RNGLR,23,23,17395.50,145.50,16384,20,true,true,OK,
BRNGLR,23,23,16417.00,84.00,0,20,true,true,OK,
LL,23,23,4291.50,83.00,0,20,true,true,OK,
LR,23,23,5792.00,42.00,16384,20,true,true,OK,
Leo,26,26,71104.50,833.00,16384,20,true,true,OK,
GLL,26,26,27020.50,125.00,16384,20,true,true,OK,
RNGLR,26,26,20020.50,104.00,16384,20,true,true,OK,
BRNGLR,26,26,19041.50,166.50,16384,20,true,true,OK,
LL,26,26,5208.00,84.00,0,20,true,true,OK,
LR,26,26,6292.00,1.00,16384,20,true,true,OK,
Leo,28,28,89125.00,7625.00,16384,20,true,true,OK,
GLL,28,28,31625.00,125.00,16384,20,true,true,OK,
RNGLR,28,28,23374.50,188.50,16384,20,true,true,OK,
BRNGLR,28,28,21500.00,166.00,16384,20,true,true,OK,
LL,28,28,5770.50,21.50,0,20,true,true,OK,
LR,28,28,7542.00,42.00,16384,20,true,true,OK,
Leo,30,30,87958.00,1083.00,32768,20,true,true,OK,
GLL,30,30,31708.00,145.50,16384,20,true,true,OK,
RNGLR,30,30,22791.50,249.50,0,20,true,true,OK,
BRNGLR,30,30,23958.00,2458.50,16384,20,true,true,OK,
LL,30,30,5584.00,42.00,0,20,true,true,OK,
LR,30,30,7604.50,104.50,0,20,true,true,OK,
Leo,31,31,85833.00,3520.50,16384,20,true,true,OK,
GLL,31,31,30750.00,271.00,0,20,true,true,OK,
RNGLR,31,31,22687.50,104.50,0,20,true,true,OK,
BRNGLR,31,31,20459.00,42.00,16384,20,true,true,OK,
LL,31,31,5542.00,41.00,16384,20,true,true,OK,
LR,31,31,7395.50,62.50,16384,20,true,true,OK,
Leo,33,33,88833.50,291.50,16384,20,true,true,OK,
GLL,33,33,41312.50,5916.00,16384,20,true,true,OK,
RNGLR,33,33,24583.00,83.00,0,20,true,true,OK,
BRNGLR,33,33,22250.00,104.50,16384,20,true,true,OK,
LL,33,33,6292.00,42.00,0,20,true,true,OK,
LR,33,33,8500.00,83.00,0,20,true,true,OK,
Leo,36,36,99000.00,1520.50,16384,20,true,true,OK,
GLL,36,36,36687.50,145.50,16384,20,true,true,OK,
RNGLR,36,36,27021.00,104.00,16384,20,true,true,OK,
BRNGLR,36,36,23709.00,83.50,16384,20,true,true,OK,
LL,36,36,6875.00,20.50,0,20,true,true,OK,
LR,36,36,9375.00,62.50,16384,20,true,true,OK,
Leo,38,38,104042.00,1750.00,16384,20,true,true,OK,
GLL,38,38,38958.50,166.50,16384,20,true,true,OK,
RNGLR,38,38,28354.50,125.00,16384,20,true,true,OK,
BRNGLR,38,38,26062.50,437.50,16384,20,true,true,OK,
LL,38,38,7000.00,0.00,0,20,true,true,OK,
LR,38,38,9625.00,42.00,0,20,true,true,OK,
Leo,41,41,105458.00,396.00,32768,20,true,true,OK,
GLL,41,41,40000.00,229.00,16384,20,true,true,OK,
RNGLR,41,41,30104.00,770.50,16384,20,true,true,OK,
BRNGLR,41,41,27542.00,145.00,16384,20,true,true,OK,
LL,41,41,7500.00,83.00,16384,20,true,true,OK,
LR,41,41,9562.50,21.50,16384,20,true,true,OK,
Leo,44,44,123604.50,750.00,16384,20,true,true,OK,
GLL,44,44,46875.50,417.00,16384,20,true,true,OK,
RNGLR,44,44,32895.50,104.00,16384,20,true,true,OK,
BRNGLR,44,44,32604.00,1625.00,16384,20,true,true,OK,
LL,44,44,8604.00,229.00,0,20,true,true,OK,
LR,44,44,11354.00,63.00,0,20,true,true,OK,
Leo,47,47,129187.00,811.50,16384,20,true,true,OK,
GLL,47,47,49187.50,104.50,16384,20,true,true,OK,
RNGLR,47,47,35875.00,146.00,16384,20,true,true,OK,
BRNGLR,47,47,32500.00,104.50,16384,20,true,true,OK,
LL,47,47,8875.00,83.50,16384,20,true,true,OK,
LR,47,47,11583.00,62.50,0,20,true,true,OK,
Leo,49,49,139354.00,5499.50,16384,20,true,true,OK,
GLL,49,49,51396.00,312.00,0,20,true,true,OK,
RNGLR,49,49,38417.00,708.50,16384,20,true,true,OK,
BRNGLR,49,49,34812.50,604.00,16384,20,true,true,OK,
LL,49,49,9291.00,41.00,16384,20,true,true,OK,
LR,49,49,12041.50,41.50,0,20,true,true,OK,
Leo,52,52,138354.00,896.00,16384,20,true,true,OK,
GLL,52,52,55833.00,917.00,16384,20,true,true,OK,
RNGLR,52,52,39062.50,187.50,16384,20,true,true,OK,
BRNGLR,52,52,36125.50,521.50,16384,20,true,true,OK,
LL,52,52,9708.50,63.00,0,20,true,true,OK,
LR,52,52,12917.00,21.00,16384,20,true,true,OK,
Leo,56,56,160625.00,1916.50,16384,20,true,true,OK,
GLL,56,56,89958.00,26917.00,16384,20,true,true,OK,
RNGLR,56,56,124791.50,687.00,16384,20,true,true,OK,
BRNGLR,56,56,49875.00,166.50,0,20,true,true,OK,
LL,56,56,11729.00,166.50,0,20,true,true,OK,
LR,56,56,14771.00,125.00,0,20,true,true,OK,
Leo,61,61,301729.50,99188.00,0,20,true,true,OK,
GLL,61,61,81728.50,3478.00,0,20,true,true,OK,
RNGLR,61,61,49042.00,605.00,16384,20,true,true,OK,
BRNGLR,61,61,44500.50,1146.50,16384,20,true,true,OK,
LL,61,61,31708.00,166.50,16384,20,true,true,OK,
LR,61,61,43104.50,62.50,16384,20,true,true,OK,
Leo,65,65,189021.00,5146.50,0,20,true,true,OK,
GLL,65,65,70958.00,333.50,16384,20,true,true,OK,
RNGLR,65,65,50229.00,437.00,16384,20,true,true,OK,
BRNGLR,65,65,46062.50,187.50,16384,20,true,true,OK,
LL,65,65,13042.00,292.00,16384,20,true,true,OK,
LR,65,65,16417.00,42.00,0,20,true,true,OK,
Leo,68,68,195999.50,646.50,32768,20,true,true,OK,
GLL,68,68,74521.00,354.00,16384,20,true,true,OK,
RNGLR,68,68,52854.00,395.00,16384,20,true,true,OK,
BRNGLR,68,68,47292.00,104.50,16384,20,true,true,OK,
LL,68,68,13854.00,124.50,16384,20,true,true,OK,
LR,68,68,17459.00,42.00,16384,20,true,true,OK,
Leo,71,71,196417.00,480.00,16384,20,true,true,OK,
GLL,71,71,73209.00,292.00,16384,20,true,true,OK,
RNGLR,71,71,53729.50,291.50,16384,20,true,true,OK,
BRNGLR,71,71,49645.50,1103.50,16384,20,true,true,OK,
LL,71,71,13917.00,41.00,0,20,true,true,OK,
LR,71,71,17979.50,166.50,0,20,true,true,OK,
Leo,75,75,215187.50,729.00,16384,20,true,true,OK,
GLL,75,75,80771.00,271.00,16384,20,true,true,OK,
RNGLR,75,75,58062.50,458.00,16384,20,true,true,OK,
BRNGLR,75,75,56792.00,4875.00,16384,20,true,true,OK,
LL,75,75,15083.00,83.50,0,20,true,true,OK,
LR,75,75,19291.00,41.00,16384,20,true,true,OK,
Leo,76,76,214770.50,687.50,16384,20,true,true,OK,
GLL,76,76,82604.00,625.00,16384,20,true,true,OK,
RNGLR,76,76,57896.00,375.00,16384,20,true,true,OK,
BRNGLR,76,76,54937.50,2021.00,16384,20,true,true,OK,
LL,76,76,15292.00,83.50,0,20,true,true,OK,
LR,76,76,20000.00,333.50,16384,20,true,true,OK,
Leo,80,80,234333.00,1000.00,32768,20,true,true,OK,
GLL,80,80,90375.00,854.00,16384,20,true,true,OK,
RNGLR,80,80,65521.00,2854.50,16384,20,true,true,OK,
BRNGLR,80,80,55625.50,270.00,16384,20,true,true,OK,
LL,80,80,16625.00,104.50,16384,20,true,true,OK,
LR,80,80,21437.50,62.50,16384,20,true,true,OK,
Leo,84,84,242750.00,3354.00,16384,20,true,true,OK,
GLL,84,84,91041.50,625.00,16384,20,true,true,OK,
RNGLR,84,84,63167.00,271.50,16384,20,true,true,OK,
BRNGLR,84,84,57000.00,249.50,16384,20,true,true,OK,
LL,84,84,16291.00,41.00,16384,20,true,true,OK,
LR,84,84,21291.00,41.00,0,20,true,true,OK,
Leo,94,94,273812.50,2166.50,16384,20,true,true,OK,
GLL,94,94,104229.00,792.00,16384,20,true,true,OK,
RNGLR,94,94,71042.00,437.50,16384,20,true,true,OK,
BRNGLR,94,94,65333.50,250.00,16384,20,true,true,OK,
LL,94,94,18250.00,84.00,0,20,true,true,OK,
LR,94,94,23833.50,83.00,16384,20,true,true,OK,
Leo,96,96,277979.00,3687.50,16384,20,true,true,OK,
GLL,96,96,105250.00,500.50,16384,20,true,true,OK,
RNGLR,96,96,74270.50,230.00,16384,20,true,true,OK,
BRNGLR,96,96,67083.50,249.50,16384,20,true,true,OK,
LL,96,96,19729.50,250.00,16384,20,true,true,OK,
LR,96,96,24458.50,83.50,16384,20,true,true,OK,
Leo,100,100,292208.00,1458.50,16384,20,true,true,OK,
GLL,100,100,109125.00,666.50,16384,20,true,true,OK,
RNGLR,100,100,79395.50,1604.50,16384,20,true,true,OK,
BRNGLR,100,100,70937.50,1021.00,16384,20,true,true,OK,
LL,100,100,20083.50,312.50,16384,20,true,true,OK,
LR,100,100,25375.00,42.00,16384,20,true,true,OK,
Leo,106,106,317958.00,10604.00,16384,20,true,true,OK,
GLL,106,106,121562.50,2354.50,16384,20,true,true,OK,
RNGLR,106,106,82646.00,437.00,16384,20,true,true,OK,
BRNGLR,106,106,76145.50,354.00,16384,20,true,true,OK,
LL,106,106,20791.50,83.50,16384,20,true,true,OK,
LR,106,106,27062.50,62.50,0,20,true,true,OK,
Leo,109,109,314021.00,3812.50,16384,20,true,true,OK,
GLL,109,109,117125.00,229.00,16384,20,true,true,OK,
RNGLR,109,109,82625.00,229.00,16384,20,true,true,OK,
BRNGLR,109,109,78895.50,3000.50,16384,20,true,true,OK,
LL,109,109,20875.00,41.00,16384,20,true,true,OK,
LR,109,109,27000.00,42.00,16384,20,true,true,OK,
Leo,119,119,355791.50,1958.00,32768,20,true,true,OK,
GLL,119,119,136854.00,520.50,16384,20,true,true,OK,
RNGLR,119,119,94125.00,500.00,16384,20,true,true,OK,
BRNGLR,119,119,86416.50,374.50,16384,20,true,true,OK,
LL,119,119,24916.00,42.50,0,20,true,true,OK,
LR,119,119,31417.00,83.50,16384,20,true,true,OK,
Leo,123,123,376666.50,12916.50,16384,20,true,true,OK,
GLL,123,123,133604.00,1854.00,16384,20,true,true,OK,
RNGLR,123,123,92083.50,729.50,16384,20,true,true,OK,
BRNGLR,123,123,86250.00,2437.50,16384,20,true,true,OK,
LL,123,123,23958.50,62.00,16384,20,true,true,OK,
LR,123,123,30667.00,104.00,16384,20,true,true,OK,
Leo,133,133,370854.00,1708.50,16384,20,true,true,OK,
GLL,133,133,137499.50,583.00,16384,20,true,true,OK,
RNGLR,133,133,98125.00,417.00,16384,20,true,true,OK,
BRNGLR,133,133,89666.00,541.50,16384,20,true,true,OK,
LL,133,133,25291.00,207.50,16384,20,true,true,OK,
LR,133,133,32458.50,41.50,0,20,true,true,OK,
Leo,142,142,396166.50,6187.50,32768,20,true,true,OK,
GLL,142,142,143854.50,396.00,16384,20,true,true,OK,
RNGLR,142,142,102875.50,458.50,0,20,true,true,OK,
BRNGLR,142,142,99000.00,5062.50,16384,20,true,true,OK,
LL,142,142,26541.50,187.00,16384,20,true,true,OK,
LR,142,142,33979.50,104.00,16384,20,true,true,OK,
Leo,157,157,455562.50,4396.00,32768,20,true,true,OK,
GLL,157,157,191604.50,11459.00,16384,20,true,true,OK,
RNGLR,157,157,117666.50,749.50,16384,20,true,true,OK,
BRNGLR,157,157,114062.50,5666.50,16384,20,true,true,OK,
LL,157,157,33666.00,207.50,16384,20,true,true,OK,
LR,157,157,41541.50,124.50,16384,20,true,true,OK,
Leo,163,163,479812.50,11062.50,16384,20,true,true,OK,
GLL,163,163,187458.50,4292.00,16384,20,true,true,OK,
RNGLR,163,163,120437.50,708.50,16384,20,true,true,OK,
BRNGLR,163,163,119208.50,5312.50,16384,20,true,true,OK,
LL,163,163,33917.00,125.00,0,20,true,true,OK,
LR,163,163,41125.50,313.00,16384,20,true,true,OK,
Leo,170,170,468000.00,15229.00,16384,20,true,true,OK,
GLL,170,170,168208.50,479.00,16384,20,true,true,OK,
RNGLR,170,170,118438.00,583.50,16384,20,true,true,OK,
BRNGLR,170,170,124437.50,13750.00,16384,20,true,true,OK,
LL,170,170,30562.50,292.00,16384,20,true,true,OK,
LR,170,170,39083.00,104.50,16384,20,true,true,OK,
Leo,178,178,508708.00,7250.00,16384,20,true,true,OK,
GLL,178,178,197312.50,708.00,16384,20,true,true,OK,
RNGLR,178,178,135104.00,646.00,16384,20,true,true,OK,
BRNGLR,178,178,124792.00,6292.00,16384,20,true,true,OK,
LL,178,178,33958.50,375.00,16384,20,true,true,OK,
LR,178,178,43042.00,41.50,16384,20,true,true,OK,
Leo,191,191,526104.00,7562.50,16384,20,true,true,OK,
GLL,191,191,205625.00,8729.50,16384,20,true,true,OK,
RNGLR,191,191,134125.00,520.50,16384,20,true,true,OK,
BRNGLR,191,191,126896.00,417.00,16384,20,true,true,OK,
LL,191,191,35604.50,499.50,16384,20,true,true,OK,
LR,191,191,44541.50,41.50,16384,20,true,true,OK,
Leo,204,204,576458.50,3896.00,16384,20,true,true,OK,
GLL,204,204,225062.50,1437.50,16384,20,true,true,OK,
RNGLR,204,204,153771.00,1229.00,16384,20,true,true,OK,
BRNGLR,204,204,140375.00,395.50,16384,20,true,true,OK,
LL,204,204,39354.00,416.50,16384,20,true,true,OK,
LR,204,204,49625.00,83.50,16384,20,true,true,OK,
Leo,212,212,607749.50,5687.50,16384,20,true,true,OK,
GLL,212,212,235333.00,7958.00,16384,20,true,true,OK,
RNGLR,212,212,159770.50,895.50,16384,20,true,true,OK,
BRNGLR,212,212,143958.50,500.00,16384,20,true,true,OK,
LL,212,212,41187.50,250.50,0,20,true,true,OK,
LR,212,212,54542.00,521.00,16384,20,true,true,OK,
Leo,237,237,727938.00,35250.50,49152,20,true,true,OK,
GLL,237,237,261895.50,1166.00,16384,20,true,true,OK,
RNGLR,237,237,183875.00,729.50,16384,20,true,true,OK,
BRNGLR,237,237,166833.50,687.50,16384,20,true,true,OK,
LL,237,237,47916.00,83.00,16384,20,true,true,OK,
LR,237,237,62687.50,208.50,16384,20,true,true,OK,
Leo,259,259,773979.00,22687.50,32768,20,true,true,OK,
GLL,259,259,273937.50,2729.00,16384,20,true,true,OK,
RNGLR,259,259,191979.00,521.00,16384,20,true,true,OK,
BRNGLR,259,259,173354.00,479.00,16384,20,true,true,OK,
LL,259,259,51000.00,1104.50,0,20,true,true,OK,
LR,259,259,62541.50,104.00,16384,20,true,true,OK,
Leo,282,282,769562.50,7062.50,49152,20,true,true,OK,
GLL,282,282,284062.50,1083.50,16384,20,true,true,OK,
RNGLR,282,282,213041.50,10521.00,16384,20,true,true,OK,
BRNGLR,282,282,184687.50,854.00,16384,20,true,true,OK,
LL,282,282,52833.00,583.00,16384,20,true,true,OK,
LR,282,282,70271.00,1500.00,16384,20,true,true,OK,
Leo,298,298,860083.00,22104.50,16384,20,true,true,OK,
GLL,298,298,357520.50,29166.50,16384,20,true,true,OK,
RNGLR,298,298,227958.50,5771.00,16384,20,true,true,OK,
BRNGLR,298,298,213437.50,11458.50,16384,20,true,true,OK,
LL,298,298,59479.50,104.50,16384,20,true,true,OK,
LR,298,298,75124.50,395.50,16384,20,true,true,OK,
Leo,319,319,997000.50,61291.50,16384,20,true,true,OK,
GLL,319,319,356625.00,4167.00,16384,20,true,true,OK,
RNGLR,319,319,242979.50,1083.50,16384,20,true,true,OK,
BRNGLR,319,319,220916.50,2916.50,16384,20,true,true,OK,
LL,319,319,64167.00,124.00,16384,20,true,true,OK,
LR,319,319,81250.00,125.00,16384,20,true,true,OK,
Leo,353,353,1032771.00,30938.00,16384,20,true,true,OK,
GLL,353,353,395479.50,2437.50,16384,20,true,true,OK,
RNGLR,353,353,264896.00,4250.00,16384,20,true,true,OK,
BRNGLR,353,353,241708.50,2541.50,16384,20,true,true,OK,
LL,353,353,109333.00,40854.00,16384,20,true,true,OK,
LR,353,353,88583.00,1458.00,16384,20,true,true,OK,
Leo,395,395,1241104.50,70500.00,32768,20,true,true,OK,
GLL,395,395,462229.00,9479.00,16384,20,true,true,OK,
RNGLR,395,395,315208.50,5999.50,16384,20,true,true,OK,
BRNGLR,395,395,296500.50,10438.50,16384,20,true,true,OK,
LL,395,395,80021.00,416.50,16384,20,true,true,OK,
LR,395,395,101020.50,249.50,16384,20,true,true,OK,
Leo,415,415,1207541.50,19812.50,16384,20,true,true,OK,
GLL,415,415,461479.50,1896.50,16384,20,true,true,OK,
RNGLR,415,415,311479.50,1938.50,16384,20,true,true,OK,
BRNGLR,415,415,298416.00,6166.00,16384,20,true,true,OK,
LL,415,415,80270.50,229.50,16384,20,true,true,OK,
LR,415,415,106083.00,3020.50,16384,20,true,true,OK,
Leo,437,437,1340958.50,63396.00,16384,20,true,true,OK,
GLL,437,437,495437.50,10458.00,16384,20,true,true,OK,
RNGLR,437,437,341375.50,2208.00,16384,20,true,true,OK,
BRNGLR,437,437,318416.50,4083.00,16384,20,true,true,OK,
LL,437,437,88417.00,270.50,16384,20,true,true,OK,
LR,437,437,111687.50,583.50,16384,20,true,true,OK,
Leo,469,469,1393354.00,12354.00,32768,20,true,true,OK,
GLL,469,469,540291.50,2499.50,16384,20,true,true,OK,
RNGLR,469,469,366625.00,1771.00,16384,20,true,true,OK,
BRNGLR,469,469,336937.50,5458.50,16384,20,true,true,OK,
LL,469,469,98250.00,583.50,16384,20,true,true,OK,
LR,469,469,120917.00,270.50,16384,20,true,true,OK,
Leo,490,490,1493250.00,15062.50,32768,20,true,true,OK,
GLL,490,490,564395.50,1270.50,16384,20,true,true,OK,
RNGLR,490,490,387604.50,625.00,16384,20,true,true,OK,
BRNGLR,490,490,355479.00,1770.50,16384,20,true,true,OK,
LL,490,490,106145.50,291.50,16384,20,true,true,OK,
LR,490,490,132646.00,1688.00,16384,20,true,true,OK,
Leo,514,514,1568083.50,46459.00,32768,20,true,true,OK,
GLL,514,514,576646.00,5917.00,16384,20,true,true,OK,
RNGLR,514,514,399729.00,3229.00,16384,20,true,true,OK,
BRNGLR,514,514,367125.00,2500.00,16384,20,true,true,OK,
LL,514,514,107188.00,792.00,16384,20,true,true,OK,
LR,514,514,132874.50,1166.00,16384,20,true,true,OK,
Leo,544,544,1647938.00,48688.50,16384,20,true,true,OK,
GLL,544,544,607271.00,8146.50,16384,20,true,true,OK,
RNGLR,544,544,415604.50,2271.00,16384,20,true,true,OK,
BRNGLR,544,544,388041.00,5916.00,16384,20,true,true,OK,
LL,544,544,115563.00,1374.50,16384,20,true,true,OK,
LR,544,544,144667.00,2333.00,16384,20,true,true,OK,
Leo,582,582,1936312.00,167146.00,16384,20,true,true,OK,
GLL,582,582,659250.00,2583.50,16384,20,true,true,OK,
RNGLR,582,582,450729.00,3687.00,16384,20,true,true,OK,
BRNGLR,582,582,418437.50,7541.50,16384,20,true,true,OK,
LL,582,582,121104.00,229.00,16384,20,true,true,OK,
LR,582,582,151812.50,1062.50,16384,20,true,true,OK,
Leo,610,610,1922542.00,55229.50,32768,20,true,true,OK,
GLL,610,610,757562.50,33896.00,16384,20,true,true,OK,
RNGLR,610,610,480562.50,4125.00,16384,20,true,true,OK,
BRNGLR,610,610,438000.00,4312.50,16384,20,true,true,OK,
LL,610,610,131250.00,896.00,16384,20,true,true,OK,
LR,610,610,160812.50,708.50,16384,20,true,true,OK,
Leo,625,625,1892645.50,32124.50,16384,20,true,true,OK,
GLL,625,625,718875.00,3437.00,16384,20,true,true,OK,
RNGLR,625,625,482187.50,6646.00,16384,20,true,true,OK,
BRNGLR,625,625,440687.50,4500.00,16384,20,true,true,OK,
LL,625,625,127624.50,1270.50,16384,20,true,true,OK,
LR,625,625,158187.50,541.50,16384,20,true,true,OK,
Leo,661,661,2089458.00,82937.50,32768,20,true,true,OK,
GLL,661,661,776625.00,8083.00,16384,20,true,true,OK,
RNGLR,661,661,510770.50,2812.50,16384,20,true,true,OK,
BRNGLR,661,661,478291.50,10687.50,16384,20,true,true,OK,
LL,661,661,137624.50,521.50,16384,20,true,true,OK,
LR,661,661,172771.00,1458.50,16384,20,true,true,OK,
Leo,708,708,2274250.00,118646.00,16384,20,true,true,OK,
GLL,708,708,831166.50,3499.50,16384,20,true,true,OK,
RNGLR,708,708,560187.50,8166.50,16384,20,true,true,OK,
BRNGLR,708,708,516563.00,12021.50,16384,20,true,true,OK,
LL,708,708,146166.50,187.00,16384,20,true,true,OK,
LR,708,708,181104.00,250.00,16384,20,true,true,OK,
Leo,762,762,2516500.00,92791.50,16384,20,true,true,OK,
GLL,762,762,851375.00,4166.50,16384,20,true,true,OK,
RNGLR,762,762,591500.00,3291.50,16384,20,true,true,OK,
BRNGLR,762,762,569624.50,32604.00,16384,20,true,true,OK,
LL,762,762,158917.00,2209.00,16384,20,true,true,OK,
LR,762,762,192813.00,480.00,16384,20,true,true,OK,
Leo,806,806,2314062.00,24249.50,32768,20,true,true,OK,
GLL,806,806,898229.50,11542.00,16384,20,true,true,OK,
RNGLR,806,806,609292.00,3521.00,16384,20,true,true,OK,
BRNGLR,806,806,557874.50,3416.00,16384,20,true,true,OK,
LL,806,806,160020.50,2124.50,16384,20,true,true,OK,
LR,806,806,196375.00,187.50,16384,20,true,true,OK,
Leo,862,862,2524812.50,107020.50,16384,20,true,true,OK,
GLL,862,862,934791.50,13437.00,16384,20,true,true,OK,
RNGLR,862,862,647687.50,7833.50,16384,20,true,true,OK,
BRNGLR,862,862,593854.00,2166.00,16384,20,true,true,OK,
LL,862,862,165209.00,583.50,16384,20,true,true,OK,
LR,862,862,210500.00,3125.00,16384,20,true,true,OK,
Leo,929,929,3002062.50,315499.50,16384,20,true,true,OK,
GLL,929,929,1028792.00,35791.50,16384,20,true,true,OK,
RNGLR,929,929,706458.50,6896.00,16384,20,true,true,OK,
BRNGLR,929,929,637166.50,4750.00,16384,20,true,true,OK,
LL,929,929,181250.00,979.00,16384,20,true,true,OK,
LR,929,929,231895.50,4021.00,16384,20,true,true,OK,
Leo,973,973,2792500.00,51750.50,16384,20,true,true,OK,
GLL,973,973,1040604.00,4541.50,16384,20,true,true,OK,
RNGLR,973,973,734750.00,8229.00,16384,20,true,true,OK,
BRNGLR,973,973,663854.00,3812.50,16384,20,true,true,OK,
LL,973,973,192604.50,625.00,16384,20,true,true,OK,
LR,973,973,238791.50,937.50,16384,20,true,true,OK,
Leo,1058,1058,3098125.50,47000.50,32768,20,true,true,OK,
GLL,1058,1058,1135000.00,4958.50,16384,20,true,true,OK,
RNGLR,1058,1058,811187.50,10604.50,16384,20,true,true,OK,
BRNGLR,1058,1058,731062.50,5167.00,16384,20,true,true,OK,
LL,1058,1058,209916.50,917.00,16384,20,true,true,OK,
LR,1058,1058,269687.50,5479.00,16384,20,true,true,OK,
Leo,1116,1116,3289625.00,54250.00,16384,20,true,true,OK,
GLL,1116,1116,1210458.00,6395.50,16384,20,true,true,OK,
RNGLR,1116,1116,848646.00,6354.50,16384,20,true,true,OK,
BRNGLR,1116,1116,774125.00,6458.50,16384,20,true,true,OK,
LL,1116,1116,222708.50,1979.00,16384,20,true,true,OK,
LR,1116,1116,279666.50,791.50,16384,20,true,true,OK,
Leo,1220,1220,3523333.50,78646.00,16384,20,true,true,OK,
GLL,1220,1220,1328458.00,27750.00,16384,20,true,true,OK,
RNGLR,1220,1220,907604.00,6646.00,16384,20,true,true,OK,
BRNGLR,1220,1220,829354.50,5792.00,16384,20,true,true,OK,
LL,1220,1220,233792.00,3375.50,16384,20,true,true,OK,
LR,1220,1220,296958.50,1313.00,16384,20,true,true,OK,
Leo,1275,1275,3807896.00,92480.00,16384,20,true,true,OK,
GLL,1275,1275,1425416.50,13291.50,16384,20,true,true,OK,
RNGLR,1275,1275,955291.50,5583.00,16384,20,true,true,OK,
BRNGLR,1275,1275,875646.00,8625.00,16384,20,true,true,OK,
LL,1275,1275,250979.00,1520.50,16384,20,true,true,OK,
LR,1275,1275,322021.00,5250.50,16384,20,true,true,OK,
Leo,1320,1320,3951000.00,80458.00,32768,20,true,true,OK,
GLL,1320,1320,1431000.00,23708.00,16384,20,true,true,OK,
RNGLR,1320,1320,990917.00,7334.00,16384,20,true,true,OK,
BRNGLR,1320,1320,903667.00,9354.50,16384,20,true,true,OK,
LL,1320,1320,262499.50,3104.50,16384,20,true,true,OK,
LR,1320,1320,328146.00,1792.00,16384,20,true,true,OK,
Leo,1406,1406,4302542.00,128042.00,16384,20,true,true,OK,
GLL,1406,1406,1553875.00,13749.50,16384,20,true,true,OK,
RNGLR,1406,1406,1145021.00,99333.00,16384,20,true,true,OK,
BRNGLR,1406,1406,998229.50,29667.00,16384,20,true,true,OK,
LL,1406,1406,289979.50,15563.00,16384,20,true,true,OK,
LR,1406,1406,348437.50,2687.00,16384,20,true,true,OK,
Leo,1474,1474,4599354.50,281479.00,16384,20,true,true,OK,
GLL,1474,1474,1589333.50,13729.00,16384,20,true,true,OK,
RNGLR,1474,1474,1103750.50,7209.00,16384,20,true,true,OK,
BRNGLR,1474,1474,1024896.00,14875.50,16384,20,true,true,OK,
LL,1474,1474,287854.50,1978.50,16384,20,true,true,OK,
LR,1474,1474,358146.00,1896.00,16384,20,true,true,OK,
Leo,1579,1579,4959146.00,256646.00,32768,20,true,true,OK,
GLL,1579,1579,1712062.50,12458.00,16384,20,true,true,OK,
RNGLR,1579,1579,1209354.50,8062.50,32768,20,true,true,OK,
BRNGLR,1579,1579,1143229.50,27500.00,16384,20,true,true,OK,
LL,1579,1579,322937.00,2875.00,16384,20,true,true,OK,
LR,1579,1579,401104.00,520.50,16384,20,true,true,OK,
Leo,1704,1704,5438146.00,150667.00,16384,20,true,true,OK,
GLL,1704,1704,1846646.00,13250.00,16384,20,true,true,OK,
RNGLR,1704,1704,1307750.00,6187.50,16384,20,true,true,OK,
BRNGLR,1704,1704,1203583.50,12396.00,16384,20,true,true,OK,
LL,1704,1704,334542.00,1958.50,16384,20,true,true,OK,
LR,1704,1704,420875.50,521.50,16384,20,true,true,OK,
Leo,1765,1765,5412812.50,124021.00,16384,20,true,true,OK,
GLL,1765,1765,1992167.00,83979.00,16384,20,true,true,OK,
RNGLR,1765,1765,1353417.00,12541.50,16384,20,true,true,OK,
BRNGLR,1765,1765,1232104.00,12124.50,16384,20,true,true,OK,
LL,1765,1765,345604.00,1520.50,16384,20,true,true,OK,
LR,1765,1765,444333.50,8979.00,16384,20,true,true,OK,
Leo,1853,1853,5969437.50,267312.50,32768,20,true,true,OK,
GLL,1853,1853,1995500.00,9645.50,32768,20,true,true,OK,
RNGLR,1853,1853,1420875.00,5354.00,16384,20,true,true,OK,
BRNGLR,1853,1853,1290375.50,5104.50,16384,20,true,true,OK,
LL,1853,1853,367209.00,3499.50,16384,20,true,true,OK,
LR,1853,1853,462354.00,2374.50,16384,20,true,true,OK,
Leo,2005,2005,6564854.00,237000.00,16384,20,true,true,OK,
GLL,2005,2005,2210333.50,77396.00,16384,20,true,true,OK,
RNGLR,2005,2005,1596875.00,14791.50,16384,20,true,true,OK,
BRNGLR,2005,2005,1444770.50,9104.00,32768,20,true,true,OK,
LL,2005,2005,415312.50,646.00,16384,20,true,true,OK,
LR,2005,2005,518458.00,1499.50,16384,20,true,true,OK,
Leo,2111,2111,7347354.50,263770.50,32768,20,true,true,OK,
GLL,2111,2111,2356333.50,99291.50,16384,20,true,true,OK,
RNGLR,2111,2111,1596770.50,5333.00,16384,20,true,true,OK,
BRNGLR,2111,2111,1514229.00,59125.00,16384,20,true,true,OK,
LL,2111,2111,415958.50,2145.50,16384,20,true,true,OK,
LR,2111,2111,524125.00,1000.00,16384,20,true,true,OK,
Leo,2285,2285,8140458.50,500250.00,16384,20,true,true,OK,
GLL,2285,2285,2477395.50,91291.00,16384,20,true,true,OK,
RNGLR,2285,2285,1710208.50,17187.50,16384,20,true,true,OK,
BRNGLR,2285,2285,1562479.50,15229.50,16384,20,true,true,OK,
LL,2285,2285,441854.00,4521.00,16384,20,true,true,OK,
LR,2285,2285,582062.50,3000.50,16384,20,true,true,OK,
Leo,2466,2466,8554646.00,349896.00,32768,20,true,true,OK,
GLL,2466,2466,2781854.50,127625.50,16384,20,true,true,OK,
RNGLR,2466,2466,1857124.50,7770.50,16384,20,true,true,OK,
BRNGLR,2466,2466,1680270.50,9479.00,16384,20,true,true,OK,
LL,2466,2466,491958.00,4916.50,16384,20,true,true,OK,
LR,2466,2466,609604.00,2958.00,16384,20,true,true,OK,
Leo,2623,2623,9162833.50,259958.50,49152,20,true,true,OK,
GLL,2623,2623,2803771.00,22750.00,16384,20,true,true,OK,
RNGLR,2623,2623,2120166.50,140979.00,16384,20,true,true,OK,
BRNGLR,2623,2623,1789395.50,23437.00,49152,20,true,true,OK,
LL,2623,2623,535458.00,26208.00,16384,20,true,true,OK,
LR,2623,2623,643979.00,5187.50,16384,20,true,true,OK,
Leo,2718,2718,9693104.00,312500.00,32768,20,true,true,OK,
GLL,2718,2718,3163875.00,170312.50,16384,20,true,true,OK,
RNGLR,2718,2718,2177708.50,128771.00,16384,20,true,true,OK,
BRNGLR,2718,2718,1947521.00,119062.00,16384,20,true,true,OK,
LL,2718,2718,551833.50,25437.50,16384,20,true,true,OK,
LR,2718,2718,661020.50,3582.50,16384,20,true,true,OK,
Leo,3069,3069,11245646.00,338083.50,16384,20,true,true,OK,
GLL,3069,3069,3437583.50,48750.00,49152,20,true,true,OK,
RNGLR,3069,3069,2409895.50,41541.00,16384,20,true,true,OK,
BRNGLR,3069,3069,2213875.00,36020.50,16384,20,true,true,OK,
LL,3069,3069,614250.00,6416.50,16384,20,true,true,OK,
LR,3069,3069,754041.50,2437.00,16384,20,true,true,OK,
Leo,3337,3337,11800792.00,211812.50,344064,20,true,true,OK,
GLL,3337,3337,3758417.00,59938.00,49152,20,true,true,OK,
RNGLR,3337,3337,2728604.50,156083.50,491520,20,true,true,OK,
BRNGLR,3337,3337,2401000.00,45604.50,16384,20,true,true,OK,
LL,3337,3337,660938.00,5584.00,16384,20,true,true,OK,
LR,3337,3337,830479.50,5208.50,16384,20,true,true,OK,
Leo,3575,3575,13191562.50,434771.00,32768,20,true,true,OK,
GLL,3575,3575,3952770.50,59604.00,16384,20,true,true,OK,
RNGLR,3575,3575,2765333.50,17541.50,16384,20,true,true,OK,
BRNGLR,3575,3575,2601083.00,112291.00,16384,20,true,true,OK,
LL,3575,3575,720625.00,13708.50,16384,20,true,true,OK,
LR,3575,3575,900562.50,19042.00,16384,20,true,true,OK,
Leo,3728,3728,13893833.00,596062.50,49152,20,true,true,OK,
GLL,3728,3728,4098791.00,67791.50,32768,20,true,true,OK,
RNGLR,3728,3728,2859125.00,22146.00,16384,20,true,true,OK,
BRNGLR,3728,3728,2628291.50,43833.00,16384,20,true,true,OK,
LL,3728,3728,746250.00,11229.00,16384,20,true,true,OK,
LR,3728,3728,925812.50,2271.00,16384,20,true,true,OK,
Leo,4090,4090,15672208.00,1160062.50,16384,20,true,true,OK,
GLL,4090,4090,4880062.50,266020.50,32768,20,true,true,OK,
RNGLR,4090,4090,3101958.50,30979.50,16384,20,true,true,OK,
BRNGLR,4090,4090,2831749.50,13374.50,16384,20,true,true,OK,
LL,4090,4090,1078625.00,271479.50,16384,20,true,true,OK,
LR,4090,4090,1014229.50,4437.50,16384,20,true,true,OK,
Leo,4511,4511,17286395.50,847583.50,32768,20,true,true,OK,
GLL,4511,4511,5578645.50,355979.00,16384,20,true,true,OK,
RNGLR,4511,4511,3464229.00,67500.00,16384,20,true,true,OK,
BRNGLR,4511,4511,3160959.00,60520.50,16384,20,true,true,OK,
LL,4511,4511,939604.00,12979.00,16384,20,true,true,OK,
LR,4511,4511,1180583.50,15062.50,0,20,true,true,OK,
Leo,4937,4937,20594708.50,830229.00,16384,20,true,true,OK,
GLL,4937,4937,6468979.00,342083.50,16384,20,true,true,OK,
RNGLR,4937,4937,4073770.50,126208.00,573440,20,true,true,OK,
BRNGLR,4937,4937,3635063.00,78334.50,16384,20,true,true,OK,
LL,4937,4937,1038354.50,29604.50,16384,20,true,true,OK,
LR,4937,4937,1337146.50,51438.50,16384,20,true,true,OK,
Leo,5167,5167,24590771.00,1191770.50,16384,20,true,true,OK,
GLL,5167,5167,6126583.50,246646.00,16384,20,true,true,OK,
RNGLR,5167,5167,4009208.00,81061.50,49152,20,true,true,OK,
BRNGLR,5167,5167,3554375.00,39917.00,16384,20,true,true,OK,
LL,5167,5167,1030063.00,10250.50,16384,20,true,true,OK,
LR,5167,5167,1342729.50,47958.50,16384,20,true,true,OK,
Leo,5368,5368,23341791.50,772270.50,49152,20,true,true,OK,
GLL,5368,5368,6417541.50,159729.50,16384,20,true,true,OK,
RNGLR,5368,5368,4043792.00,46333.50,16384,20,true,true,OK,
BRNGLR,5368,5368,3706729.50,46417.00,32768,20,true,true,OK,
LL,5368,5368,1070812.50,11187.50,16384,20,true,true,OK,
LR,5368,5368,1339791.50,2167.00,16384,20,true,true,OK,
Leo,5531,5531,25917667.00,1696146.00,49152,20,true,true,OK,
GLL,5531,5531,7768875.00,584375.50,16384,20,true,true,OK,
RNGLR,5531,5531,4180187.50,40729.00,16384,20,true,true,OK,
BRNGLR,5531,5531,3898750.00,51167.00,32768,20,true,true,OK,
LL,5531,5531,1104458.50,6541.50,16384,20,true,true,OK,
LR,5531,5531,1393604.00,8458.50,16384,20,true,true,OK,
Leo,5973,5973,25705604.00,437646.00,16384,20,true,true,OK,
GLL,5973,5973,7268729.50,239458.50,16384,20,true,true,OK,
RNGLR,5973,5973,4730229.00,142479.00,16384,20,true,true,OK,
BRNGLR,5973,5973,4232416.50,57895.50,32768,20,true,true,OK,
LL,5973,5973,1179521.00,5625.50,16384,20,true,true,OK,
LR,5973,5973,1468978.50,7750.50,16384,20,true,true,OK,
Leo,6323,6323,27957104.50,1092250.00,49152,18,true,true,OK,
GLL,6323,6323,7749979.00,310042.00,16384,20,true,true,OK,
RNGLR,6323,6323,4921624.50,57437.00,32768,20,true,true,OK,
BRNGLR,6323,6323,4956312.50,480104.00,32768,20,true,true,OK,
LL,6323,6323,1266041.50,27229.00,16384,20,true,true,OK,
LR,6323,6323,1595333.00,22687.00,16384,20,true,true,OK,
Leo,6951,6951,30727667.00,1052584.00,16384,16,true,true,OK,
GLL,6951,6951,8963395.50,192479.00,16384,20,true,true,OK,
RNGLR,6951,6951,5460541.50,113229.00,16384,20,true,true,OK,
BRNGLR,6951,6951,4983021.00,83521.00,32768,20,true,true,OK,
LL,6951,6951,1378416.50,13437.50,16384,20,true,true,OK,
LR,6951,6951,1731520.50,1604.00,16384,20,true,true,OK,
Leo,7721,7721,34061750.00,565041.00,49152,15,true,true,OK,
GLL,7721,7721,10481145.50,618770.50,49152,20,true,true,OK,
RNGLR,7721,7721,6046479.50,149021.50,32768,20,true,true,OK,
BRNGLR,7721,7721,5737458.50,261104.50,16384,20,true,true,OK,
LL,7721,7721,1529166.00,18041.00,16384,20,true,true,OK,
LR,7721,7721,1927021.50,11979.50,16384,20,true,true,OK,
Leo,8292,8292,36439041.00,741250.00,16384,13,true,true,OK,
GLL,8292,8292,10687562.50,501604.00,16384,20,true,true,OK,
RNGLR,8292,8292,6577958.00,204042.00,32768,20,true,true,OK,
BRNGLR,8292,8292,5906687.50,138271.00,16384,20,true,true,OK,
LL,8292,8292,1620667.00,16000.50,16384,20,true,true,OK,
LR,8292,8292,2040604.00,3687.50,16384,20,true,true,OK,
Leo,9040,9040,44213833.00,4273584.00,32768,11,true,true,OK,
GLL,9040,9040,12653208.50,955771.00,16384,20,true,true,OK,
RNGLR,9040,9040,10715104.50,1503437.50,16384,20,true,true,OK,
BRNGLR,9040,9040,7653458.50,420125.00,16384,20,true,true,OK,
LL,9040,9040,2098874.50,225166.50,16384,20,true,true,OK,
LR,9040,9040,2343958.00,36749.50,16384,20,true,true,OK,
Leo,9431,9431,47450042.00,2024208.00,16384,11,true,true,OK,
GLL,9431,9431,12819396.00,307625.00,16384,20,true,true,OK,
RNGLR,9431,9431,7818791.50,227667.00,16384,20,true,true,OK,
BRNGLR,9431,9431,7346145.50,393228.50,32768,20,true,true,OK,
LL,9431,9431,1948083.00,32582.50,16384,20,true,true,OK,
LR,9431,9431,2436645.50,40416.00,16384,20,true,true,OK,
Leo,10035,10035,50602937.50,3893917.00,32768,10,true,true,OK,
GLL,10035,10035,13627792.00,658687.50,16384,20,true,true,OK,
RNGLR,10035,10035,8728708.00,429270.50,16384,20,true,true,OK,
BRNGLR,10035,10035,7601917.00,494708.50,16384,20,true,true,OK,
LL,10035,10035,1989625.00,23229.50,16384,20,true,true,OK,
LR,10035,10035,2503124.50,12583.00,16384,20,true,true,OK,
Leo,10755,10755,59783437.50,5767500.00,16384,10,true,true,OK,
GLL,10755,10755,16410146.00,614437.50,32768,20,true,true,OK,
RNGLR,10755,10755,8869666.50,615333.00,16384,20,true,true,OK,
BRNGLR,10755,10755,8070520.50,506417.00,32768,20,true,true,OK,
LL,10755,10755,2244062.50,99958.00,16384,20,true,true,OK,
LR,10755,10755,2744229.00,9562.50,16384,20,true,true,OK,
Leo,12226,12226,58716646.00,1040541.50,32768,10,true,true,OK,
GLL,12226,12226,18120333.50,1530041.50,147456,20,true,true,OK,
RNGLR,12226,12226,10067500.00,159708.50,16384,20,true,true,OK,
BRNGLR,12226,12226,9232563.00,105500.00,32768,20,true,true,OK,
LL,12226,12226,2455854.00,25208.50,16384,20,true,true,OK,
LR,12226,12226,3106417.00,42125.50,16384,20,true,true,OK,
Leo,13057,13057,62686458.50,2503313.00,32768,10,true,true,OK,
GLL,13057,13057,18715625.00,651396.00,311296,20,true,true,OK,
RNGLR,13057,13057,11365958.00,232499.00,16384,20,true,true,OK,
BRNGLR,13057,13057,10309479.50,181104.00,16384,20,true,true,OK,
LL,13057,13057,2799625.00,109312.00,16384,20,true,true,OK,
LR,13057,13057,3384541.00,36062.00,32768,20,true,true,OK,
Leo,13488,13488,64530292.00,1273938.00,16384,10,true,true,OK,
GLL,13488,13488,20348979.50,1329541.50,81920,16,true,true,OK,
RNGLR,13488,13488,12251625.00,636999.50,16384,20,true,true,OK,
BRNGLR,13488,13488,11383396.00,665270.50,131072,20,true,true,OK,
LL,13488,13488,3162333.00,293562.50,16384,20,true,true,OK,
LR,13488,13488,3503041.50,54208.00,16384,20,true,true,OK,
Leo,14288,14288,69484812.50,2539354.00,16384,10,true,true,OK,
GLL,14288,14288,21948271.00,1626312.50,98304,20,true,true,OK,
RNGLR,14288,14288,11574166.50,197333.50,49152,20,true,true,OK,
BRNGLR,14288,14288,10817812.50,534791.50,81920,20,true,true,OK,
LL,14288,14288,3018375.00,217228.50,16384,20,true,true,OK,
LR,14288,14288,3774063.00,271875.50,16384,20,true,true,OK,
Leo,15032,15032,71204333.00,437478.50,32768,10,true,true,OK,
GLL,15032,15032,21110708.00,686395.50,131072,20,true,true,OK,
RNGLR,15032,15032,12467125.00,431354.00,49152,20,true,true,OK,
BRNGLR,15032,15032,11339708.50,487000.00,81920,20,true,true,OK,
LL,15032,15032,2979250.00,13375.00,16384,20,true,true,OK,
LR,15032,15032,3709937.50,15833.00,32768,20,true,true,OK,
Leo,16316,16316,77810896.00,897583.50,16384,10,true,true,OK,
GLL,16316,16316,22358167.00,229875.00,163840,20,true,true,OK,
RNGLR,16316,16316,13947250.00,522042.00,180224,20,true,true,OK,
BRNGLR,16316,16316,12320270.50,390583.00,98304,20,true,true,OK,
LL,16316,16316,3520708.50,227604.50,16384,20,true,true,OK,
LR,16316,16316,4129229.00,122333.00,32768,20,true,true,OK,
Leo,17050,17050,85955041.50,962562.50,16384,10,true,true,OK,
GLL,17050,17050,26616584.00,1743292.00,147456,19,true,true,OK,
RNGLR,17050,17050,14052312.50,202771.00,32768,20,true,true,OK,
BRNGLR,17050,17050,13158125.00,603249.50,98304,20,true,true,OK,
LL,17050,17050,3902958.50,401146.00,16384,20,true,true,OK,
LR,17050,17050,4644292.00,329541.50,32768,20,true,true,OK,
Leo,18178,18178,94860187.50,2323604.00,16384,10,true,true,OK,
GLL,18178,18178,28542875.00,1030833.00,180224,17,true,true,OK,
RNGLR,18178,18178,15921104.50,840771.50,65536,20,true,true,OK,
BRNGLR,18178,18178,13817479.00,499229.00,32768,20,true,true,OK,
LL,18178,18178,4052541.50,351729.50,16384,20,true,true,OK,
LR,18178,18178,4970520.50,390833.00,16384,20,true,true,OK,
Leo,18700,18700,101181937.50,4359270.50,32768,10,true,true,OK,
GLL,18700,18700,28868042.00,586542.50,81920,18,true,true,OK,
RNGLR,18700,18700,15402937.50,191812.50,16384,20,true,true,OK,
BRNGLR,18700,18700,14255666.50,462687.50,32768,20,true,true,OK,
LL,18700,18700,3974937.50,221021.00,16384,20,true,true,OK,
LR,18700,18700,4781062.50,112395.50,32768,20,true,true,OK,
Leo,20065,20065,113978084.00,10716042.50,49152,10,true,true,OK,
GLL,20065,20065,33060395.50,1597625.00,180224,16,true,true,OK,
RNGLR,20065,20065,17938750.00,676812.00,163840,20,true,true,OK,
BRNGLR,20065,20065,16158666.50,1290875.00,16384,20,true,true,OK,
LL,20065,20065,4340541.50,172396.00,16384,20,true,true,OK,
LR,20065,20065,5227104.00,108458.50,49152,20,true,true,OK,
Leo,20937,20937,123133709.00,5735769.50,49152,10,true,true,OK,
GLL,20937,20937,35670542.00,949750.00,16384,15,true,true,OK,
RNGLR,20937,20937,20272916.50,1226271.00,212992,20,true,true,OK,
BRNGLR,20937,20937,16975604.00,821208.00,16384,20,true,true,OK,
LL,20937,20937,4322250.00,72645.50,16384,20,true,true,OK,
LR,20937,20937,5627250.00,187104.50,32768,20,true,true,OK,
Leo,21670,21670,114825375.00,4947938.00,32768,10,true,true,OK,
GLL,21670,21670,35981979.50,1685354.00,3325952,14,true,true,OK,
RNGLR,21670,21670,17874354.50,523563.00,212992,20,true,true,OK,
BRNGLR,21670,21670,16359000.00,461771.00,16384,20,true,true,OK,
LL,21670,21670,4437667.00,92354.50,16384,20,true,true,OK,
LR,21670,21670,5377208.50,43375.00,16384,20,true,true,OK,
Leo,23568,23568,122381770.50,2466603.50,16384,10,true,true,OK,
GLL,23568,23568,50419167.00,9997292.00,2555904,11,true,true,OK,
RNGLR,23568,23568,26479958.00,3963833.00,114688,14,true,true,OK,
BRNGLR,23568,23568,21606750.00,1277896.00,49152,20,true,true,OK,
LL,23568,23568,5534812.50,440562.50,16384,20,true,true,OK,
LR,23568,23568,6477375.00,297312.50,16384,20,true,true,OK,
Leo,25001,25001,135841750.00,2133187.50,81920,10,true,true,OK,
GLL,25001,25001,40386834.00,1107208.00,2506752,13,true,true,OK,
RNGLR,25001,25001,21524521.00,594542.00,98304,20,true,true,OK,
BRNGLR,25001,25001,20241562.50,370979.00,49152,20,true,true,OK,
LL,25001,25001,5767021.00,312208.00,16384,20,true,true,OK,
LR,25001,25001,6449062.50,237479.00,16384,20,true,true,OK,
Leo,26332,26332,146342458.50,3478917.00,16384,10,true,true,OK,
GLL,26332,26332,44251271.50,1651437.50,2441216,12,true,true,OK,
RNGLR,26332,26332,24879916.50,974187.00,16384,20,true,true,OK,
BRNGLR,26332,26332,22754187.50,659145.50,32768,20,true,true,OK,
LL,26332,26332,6004000.00,252020.50,16384,20,true,true,OK,
LR,26332,26332,7094770.50,190083.00,16384,20,true,true,OK,
Leo,27761,27761,163256583.50,5622645.50,16384,10,true,true,OK,
GLL,27761,27761,48181166.00,1619874.00,16384,11,true,true,OK,
RNGLR,27761,27761,25379854.00,778770.50,16384,20,true,true,OK,
BRNGLR,27761,27761,27558375.00,3779208.50,32768,10,true,true,OK,
LL,27761,27761,6527041.50,334020.50,16384,20,true,true,OK,
LR,27761,27761,7535979.50,370354.00,16384,20,true,true,OK,
Leo,29519,29519,169787812.00,5289145.50,49152,10,true,true,OK,
GLL,29519,29519,55756333.50,3212333.50,2523136,10,true,true,OK,
RNGLR,29519,29519,27940416.50,456104.50,32768,18,true,true,OK,
BRNGLR,29519,29519,25777562.50,935729.50,32768,20,true,true,OK,
LL,29519,29519,7499083.50,675354.50,16384,20,true,true,OK,
LR,29519,29519,7686812.50,212604.50,32768,20,true,true,OK,
Leo,31167,31167,174232437.50,4952938.00,32768,10,true,true,OK,
GLL,31167,31167,52583563.00,1027125.50,2490368,10,true,true,OK,
RNGLR,31167,31167,28518292.00,508687.50,294912,18,true,true,OK,
BRNGLR,31167,31167,25525833.50,364521.00,16384,20,true,true,OK,
LL,31167,31167,6875583.50,457313.00,16384,20,true,true,OK,
LR,31167,31167,7988416.50,209833.50,16384,20,true,true,OK,
Leo,32315,32315,180944166.50,8312312.00,147456,10,true,true,OK,
GLL,32315,32315,60279500.00,2021438.00,4751360,10,true,true,OK,
RNGLR,32315,32315,31279875.00,933354.50,3964928,16,true,true,OK,
BRNGLR,32315,32315,28409396.00,557312.00,4096000,18,true,true,OK,
LL,32315,32315,7181166.50,172375.00,16384,20,true,true,OK,
LR,32315,32315,8215229.50,58062.50,16384,20,true,true,OK,
Leo,34958,34958,187033167.00,2422417.00,49152,10,true,true,OK,
GLL,34958,34958,57335854.50,603062.50,2572288,10,true,true,OK,
RNGLR,34958,34958,30717625.00,586541.50,4292608,16,true,true,OK,
BRNGLR,34958,34958,29403875.00,787958.00,4440064,17,true,true,OK,
LL,34958,34958,7754333.00,303812.00,16384,20,true,true,OK,
LR,34958,34958,9144896.50,282000.50,16384,20,true,true,OK,
Leo,38502,38502,217444958.00,10637291.50,49152,10,true,true,OK,
GLL,38502,38502,64632041.50,906750.00,2523136,10,true,true,OK,
RNGLR,38502,38502,34460854.50,1085271.00,4702208,14,true,true,OK,
BRNGLR,38502,38502,33542459.00,1213667.00,229376,15,true,true,OK,
LL,38502,38502,8697729.50,283249.50,16384,20,true,true,OK,
LR,38502,38502,9904937.50,106292.00,49152,20,true,true,OK,
Leo,40150,40150,216093396.00,2115354.00,16384,10,true,true,OK,
GLL,40150,40150,68114916.50,921041.50,3866624,10,true,true,OK,
RNGLR,40150,40150,35194333.00,466999.00,4898816,15,true,true,OK,
BRNGLR,40150,40150,32256625.00,418375.00,5111808,15,true,true,OK,
LL,40150,40150,9081396.00,196312.50,16384,20,true,true,OK,
LR,40150,40150,10366354.00,191541.00,16384,20,true,true,OK,
Leo,42333,42333,269582208.00,16516583.50,81920,10,true,true,OK,
GLL,42333,42333,76827020.50,4845896.50,8585216,10,true,true,OK,
RNGLR,42333,42333,38538958.00,1038250.00,5160960,13,true,true,OK,
BRNGLR,42333,42333,34998417.00,691084.00,212992,13,true,true,OK,
LL,42333,42333,10806771.00,564270.50,16384,20,true,true,OK,
LR,42333,42333,11641292.00,449583.00,49152,20,true,true,OK,
Leo,46466,46466,271514917.00,3882562.50,81920,10,true,true,OK,
GLL,46466,46466,83860583.00,1001103.50,2523136,10,true,true,OK,
RNGLR,46466,46466,42221916.50,711083.50,5701632,12,true,true,OK,
BRNGLR,46466,46466,38985125.00,233583.00,229376,13,true,true,OK,
LL,46466,46466,10420646.00,181125.00,16384,20,true,true,OK,
LR,46466,46466,12152687.50,128437.50,16384,20,true,true,OK,
Leo,49854,49854,305247625.00,5660375.00,32768,10,true,true,OK,
GLL,49854,49854,89996917.00,1424187.50,2555904,10,true,true,OK,
RNGLR,49854,49854,48029208.00,1252416.00,16384,11,true,true,OK,
BRNGLR,49854,49854,44597791.50,509979.50,2588672,12,true,true,OK,
LL,49854,49854,11281958.00,166708.50,16384,20,true,true,OK,
LR,49854,49854,13057458.50,148688.00,32768,20,true,true,OK,
Leo,3,3,1125.00,41.00,0,20,false,,OK,true
GLL,3,3,187.50,20.50,0,20,false,,OK,true
RNGLR,3,3,812.50,21.00,0,20,false,,OK,true
BRNGLR,3,3,792.00,1.00,0,20,false,,OK,true
LL,3,3,42.00,0.00,0,20,false,,OK,true
LR,3,3,42.00,0.00,0,20,false,,OK,true
Leo,30,30,22687.50,229.00,16384,20,false,,OK,true
GLL,30,30,14437.50,187.50,16384,20,false,,OK,true
RNGLR,30,30,9000.00,42.00,16384,20,false,,OK,true
BRNGLR,30,30,8021.00,62.00,16384,20,false,,OK,true
LL,30,30,4292.00,42.00,0,20,false,,OK,true
LR,30,30,4500.00,62.50,0,20,false,,OK,true
Leo,319,319,212875.00,1021.00,16384,20,false,,OK,true
GLL,319,319,130729.50,875.00,16384,20,false,,OK,true
RNGLR,319,319,104771.00,687.50,16384,20,false,,OK,true
BRNGLR,319,319,90125.00,1395.50,16384,20,false,,OK,true
LL,319,319,39854.00,104.00,16384,20,false,,OK,true
LR,319,319,50125.00,42.00,16384,20,false,,OK,true
Leo,385,385,441479.50,12563.00,16384,20,false,,OK,true
GLL,385,385,263896.00,1958.50,16384,20,false,,OK,true
RNGLR,385,385,193750.00,2583.00,16384,20,false,,OK,true
BRNGLR,385,385,160687.50,479.00,16384,20,false,,OK,true
LL,385,385,76895.50,1041.50,16384,20,false,,OK,true
LR,385,385,95479.00,1374.50,16384,20,false,,OK,true
Leo,442,442,5084.00,41.00,0,20,false,,OK,true
GLL,442,442,250.00,0.00,0,20,false,,OK,true
RNGLR,442,442,1375.00,41.00,0,20,false,,OK,true
BRNGLR,442,442,1375.00,0.00,0,20,false,,OK,true
LL,442,442,42.00,0.50,0,20,false,,OK,true
LR,442,442,42.00,0.00,0,20,false,,OK,true
Leo,533,533,570167.00,7896.00,16384,20,false,,OK,true
GLL,533,533,328521.00,3249.50,16384,20,false,,OK,true
RNGLR,533,533,264709.00,1353.50,16384,20,false,,OK,true
BRNGLR,533,533,219624.50,624.50,16384,20,false,,OK,true
LL,533,533,106688.00,2875.00,16384,20,false,,OK,true
LR,533,533,128687.50,145.50,16384,20,false,,OK,true
Leo,1039,1039,30979.00,84.00,16384,20,false,,OK,true
GLL,1039,1039,12958.00,83.00,0,20,false,,OK,true
RNGLR,1039,1039,11209.00,83.50,16384,20,false,,OK,true
BRNGLR,1039,1039,9917.00,63.00,16384,20,false,,OK,true
LL,1039,1039,3958.50,62.50,0,20,false,,OK,true
LR,1039,1039,4583.00,42.00,0,20,false,,OK,true
Leo,1320,1320,1459917.00,46479.50,16384,20,false,,OK,true
GLL,1320,1320,842249.50,7624.00,16384,20,false,,OK,true
RNGLR,1320,1320,654854.00,4062.00,16384,20,false,,OK,true
BRNGLR,1320,1320,545520.50,3916.00,16384,20,false,,OK,true
LL,1320,1320,257854.00,4583.00,16384,20,false,,OK,true
LR,1320,1320,322770.50,1707.50,16384,20,false,,OK,true
Leo,1474,1474,1542833.50,11500.00,16384,20,false,,OK,true
GLL,1474,1474,931021.00,5625.00,16384,20,false,,OK,true
RNGLR,1474,1474,720646.00,4895.50,16384,20,false,,OK,true
BRNGLR,1474,1474,603583.50,5083.50,16384,20,false,,OK,true
LL,1474,1474,281312.00,1708.00,16384,20,false,,OK,true
LR,1474,1474,352396.50,2480.00,16384,20,false,,OK,true
Leo,1531,1531,1638688.00,3521.00,16384,20,false,,OK,true
GLL,1531,1531,995604.00,14479.50,16384,20,false,,OK,true
RNGLR,1531,1531,760020.50,8521.00,16384,20,false,,OK,true
BRNGLR,1531,1531,651021.50,4042.50,16384,20,false,,OK,true
LL,1531,1531,295500.00,2292.00,16384,20,false,,OK,true
LR,1531,1531,371208.50,3500.50,16384,20,false,,OK,true
Leo,1540,1540,1639999.50,13083.00,16384,20,false,,OK,true
GLL,1540,1540,982896.00,4937.50,16384,20,false,,OK,true
RNGLR,1540,1540,757354.00,3750.00,16384,20,false,,OK,true
BRNGLR,1540,1540,651979.50,6000.50,16384,20,false,,OK,true
LL,1540,1540,296479.00,2687.50,16384,20,false,,OK,true
LR,1540,1540,369854.50,3229.50,16384,20,false,,OK,true
Leo,1565,1565,14312.50,103.50,0,20,false,,OK,true
GLL,1565,1565,417.00,1.00,0,20,false,,OK,true
RNGLR,1565,1565,3521.00,124.50,0,20,false,,OK,true
BRNGLR,1565,1565,3375.00,42.00,0,20,false,,OK,true
LL,1565,1565,42.00,1.00,0,20,false,,OK,true
LR,1565,1565,41.00,1.00,0,20,false,,OK,true
Leo,1682,1682,37000.00,500.00,16384,20,false,,OK,true
GLL,1682,1682,12375.00,291.50,16384,20,false,,OK,true
RNGLR,1682,1682,11458.00,125.50,16384,20,false,,OK,true
BRNGLR,1682,1682,11125.00,41.50,16384,20,false,,OK,true
LL,1682,1682,3458.00,41.00,0,20,false,,OK,true
LR,1682,1682,3958.00,42.00,0,20,false,,OK,true
Leo,1723,1723,16708.00,104.00,16384,20,false,,OK,true
GLL,1723,1723,417.00,0.50,0,20,false,,OK,true
RNGLR,1723,1723,3812.50,145.50,0,20,false,,OK,true
BRNGLR,1723,1723,3667.00,21.00,0,20,false,,OK,true
LL,1723,1723,125.00,41.00,0,20,false,,OK,true
LR,1723,1723,125.00,0.00,0,20,false,,OK,true
Leo,1853,1853,244978.50,43686.50,0,20,false,,OK,true
GLL,1853,1853,108396.00,333.50,0,20,false,,OK,true
RNGLR,1853,1853,83541.50,812.50,0,20,false,,OK,true
BRNGLR,1853,1853,70708.50,229.00,16384,20,false,,OK,true
LL,1853,1853,33542.00,313.50,16384,20,false,,OK,true
LR,1853,1853,41041.50,62.50,0,20,false,,OK,true
Leo,2012,2012,2102729.50,24563.00,16384,20,false,,OK,true
GLL,2012,2012,1223437.50,4646.00,16384,20,false,,OK,true
RNGLR,2012,2012,994187.00,6708.50,16384,20,false,,OK,true
BRNGLR,2012,2012,820208.50,2250.50,16384,20,false,,OK,true
LL,2012,2012,383521.00,1792.00,16384,20,false,,OK,true
LR,2012,2012,484250.50,5292.00,16384,20,false,,OK,true
Leo,2079,2079,2157749.50,15396.00,16384,20,false,,OK,true
GLL,2079,2079,1261104.50,8666.50,16384,20,false,,OK,true
RNGLR,2079,2079,1018896.00,5187.50,16384,20,false,,OK,true
BRNGLR,2079,2079,845562.50,2354.00,16384,20,false,,OK,true
LL,2079,2079,401229.00,2062.50,16384,20,false,,OK,true
LR,2079,2079,495354.00,2083.00,16384,20,false,,OK,true
Leo,2285,2285,410979.00,2083.00,16384,20,false,,OK,true
GLL,2285,2285,241208.00,5937.50,16384,20,false,,OK,true
RNGLR,2285,2285,182062.50,312.50,16384,20,false,,OK,true
BRNGLR,2285,2285,157604.50,125.00,16384,20,false,,OK,true
LL,2285,2285,72416.50,1229.50,16384,20,false,,OK,true
LR,2285,2285,89500.00,125.00,16384,20,false,,OK,true
Leo,2466,2466,2143125.00,47625.00,16384,20,false,,OK,true
GLL,2466,2466,1246562.50,11083.50,16384,20,false,,OK,true
RNGLR,2466,2466,998500.00,8458.50,16384,20,false,,OK,true
BRNGLR,2466,2466,835542.00,12541.50,16384,20,false,,OK,true
LL,2466,2466,392895.50,3625.50,16384,20,false,,OK,true
LR,2466,2466,483583.00,1375.00,16384,20,false,,OK,true
Leo,2615,2615,2889104.50,19146.50,16384,20,false,,OK,true
GLL,2615,2615,1725187.00,8479.00,16384,20,false,,OK,true
RNGLR,2615,2615,1350417.00,4917.00,16384,20,false,,OK,true
BRNGLR,2615,2615,1117750.00,3937.00,16384,20,false,,OK,true
LL,2615,2615,532541.50,4666.00,16384,20,false,,OK,true
LR,2615,2615,663125.00,1062.50,16384,20,false,,OK,true
Leo,2628,2628,23708.00,42.00,16384,20,false,,OK,true
GLL,2628,2628,625.00,0.00,0,20,false,,OK,true
RNGLR,2628,2628,4917.00,21.00,16384,20,false,,OK,true
BRNGLR,2628,2628,4917.00,41.00,0,20,false,,OK,true
LL,2628,2628,42.00,0.00,0,20,false,,OK,true
LR,2628,2628,42.00,0.50,0,20,false,,OK,true
Leo,2708,2708,24375.00,146.00,0,20,false,,OK,true
GLL,2708,2708,666.00,41.00,0,20,false,,OK,true
RNGLR,2708,2708,5020.50,103.50,0,20,false,,OK,true
BRNGLR,2708,2708,4750.00,0.00,16384,20,false,,OK,true
LL,2708,2708,42.00,1.00,0,20,false,,OK,true
LR,2708,2708,42.00,0.00,0,20,false,,OK,true
Leo,3069,3069,3331500.00,71229.00,16384,20,false,,OK,true
GLL,3069,3069,2046916.00,22624.00,16384,20,false,,OK,true
RNGLR,3069,3069,1521979.00,14729.00,16384,20,false,,OK,true
BRNGLR,3069,3069,1213937.50,3250.00,16384,20,false,,OK,true
LL,3069,3069,579854.50,2916.50,16384,20,false,,OK,true
LR,3069,3069,715583.50,3833.00,16384,20,false,,OK,true
Leo,3247,3247,3689250.00,65667.00,16384,20,false,,OK,true
GLL,3247,3247,2256646.50,27312.50,16384,20,false,,OK,true
RNGLR,3247,3247,1762604.50,19584.00,16384,20,false,,OK,true
BRNGLR,3247,3247,1473500.00,24500.00,16384,20,false,,OK,true
LL,3247,3247,672958.50,9062.50,16384,20,false,,OK,true
LR,3247,3247,834604.50,6604.50,16384,20,false,,OK,true
Leo,3575,3575,1033396.50,15562.50,16384,20,false,,OK,true
GLL,3575,3575,596937.50,14937.50,16384,20,false,,OK,true
RNGLR,3575,3575,475542.00,6083.00,16384,20,false,,OK,true
BRNGLR,3575,3575,400541.50,9521.00,16384,20,false,,OK,true
LL,3575,3575,188833.50,2770.50,16384,20,false,,OK,true
LR,3575,3575,224167.00,584.00,16384,20,false,,OK,true
Leo,3575,3575,227854.50,1437.50,16384,20,false,,OK,true
GLL,3575,3575,122271.00,542.00,16384,20,false,,OK,true
RNGLR,3575,3575,97249.50,249.50,16384,20,false,,OK,true
BRNGLR,3575,3575,88062.50,3333.50,16384,20,false,,OK,true
LL,3575,3575,36083.50,375.50,16384,20,false,,OK,true
LR,3575,3575,45000.00,62.50,16384,20,false,,OK,true
Leo,3620,3620,4167000.00,93729.00,16384,20,false,,OK,true
GLL,3620,3620,2374521.00,37333.50,16384,20,false,,OK,true
RNGLR,3620,3620,1838854.50,18146.00,16384,20,false,,OK,true
BRNGLR,3620,3620,1531312.50,13312.50,16384,20,false,,OK,true
LL,3620,3620,705291.50,3958.00,16384,20,false,,OK,true
LR,3620,3620,893042.00,15562.50,16384,20,false,,OK,true
Leo,3742,3742,337041.50,1125.00,16384,20,false,,OK,true
GLL,3742,3742,185562.50,875.00,16384,20,false,,OK,true
RNGLR,3742,3742,151521.00,2521.00,16384,20,false,,OK,true
BRNGLR,3742,3742,123104.00,437.50,16384,20,false,,OK,true
LL,3742,3742,56916.50,625.00,16384,20,false,,OK,true
LR,3742,3742,69166.00,292.00,16384,20,false,,OK,true
Leo,3775,3775,4305604.50,41333.50,16384,20,false,,OK,true
GLL,3775,3775,2465146.00,91875.00,16384,20,false,,OK,true
RNGLR,3775,3775,1902792.00,17083.50,16384,20,false,,OK,true
BRNGLR,3775,3775,1562812.00,6979.00,16384,20,false,,OK,true
LL,3775,3775,736958.00,4458.00,16384,20,false,,OK,true
LR,3775,3775,909167.00,3438.00,16384,20,false,,OK,true
Leo,3975,3975,33541.00,126.00,16384,20,false,,OK,true
GLL,3975,3975,1000.00,42.00,0,20,false,,OK,true
RNGLR,3975,3975,6750.00,42.00,0,20,false,,OK,true
BRNGLR,3975,3975,6812.00,62.00,0,20,false,,OK,true
LL,3975,3975,42.00,1.00,0,20,false,,OK,true
LR,3975,3975,42.00,0.00,0,20,false,,OK,true
