language,corpus,file,bytes,parser,input_length,token_count,median_time_ns,mad_ns,peak_memory_bytes,iterations,recognized,parse_correct,status
gamma2,org,bb_bbba.006,12,Leo,6,6,7770.50,62.00,16384,20,true,true,OK
gamma2,org,bb_bbba.006,12,GLL,6,6,12833.00,146.00,16384,20,true,true,OK
gamma2,org,bb_bbba.006,12,RNGLR,6,6,11709.00,167.00,16384,20,true,true,OK
gamma2,org,bb_bbba.006,12,BRNGLR,6,6,10812.50,62.50,16384,20,true,true,OK
gamma2,org,bb_bbba.008,16,Leo,8,8,10583.50,42.50,16384,20,true,true,OK
gamma2,org,bb_bbba.008,16,GLL,8,8,18562.50,104.00,16384,20,true,true,OK
gamma2,org,bb_bbba.008,16,RNGLR,8,8,19166.00,166.00,16384,20,true,true,OK
gamma2,org,bb_bbba.008,16,BRNGLR,8,8,19229.50,145.50,16384,20,true,true,OK
gamma2,org,bb_bbba.010,20,Leo,10,10,14833.00,208.00,16384,20,true,true,OK
gamma2,org,bb_bbba.010,20,GLL,10,10,27520.50,437.50,16384,20,true,true,OK
gamma2,org,bb_bbba.010,20,RNGLR,10,10,30395.50,291.50,16384,20,true,true,OK
gamma2,org,bb_bbba.010,20,BRNGLR,10,10,28917.00,188.00,16384,20,true,true,OK
gamma2,org,bb_bbba.012,24,Leo,12,12,17437.50,83.00,0,20,true,true,OK
gamma2,org,bb_bbba.012,24,GLL,12,12,38521.00,416.50,16384,20,true,true,OK
gamma2,org,bb_bbba.012,24,RNGLR,12,12,42500.00,83.00,16384,20,true,true,OK
gamma2,org,bb_bbba.012,24,BRNGLR,12,12,43666.50,124.50,16384,20,true,true,OK
gamma2,org,bb_bbba.014,28,Leo,14,14,21396.00,125.50,16384,20,true,true,OK
gamma2,org,bb_bbba.014,28,GLL,14,14,50021.00,584.00,16384,20,true,true,OK
gamma2,org,bb_bbba.014,28,RNGLR,14,14,60083.00,229.00,16384,20,true,true,OK
gamma2,org,bb_bbba.014,28,BRNGLR,14,14,59396.00,437.50,16384,20,true,true,OK
gamma2,org,bb_bbba.016,32,Leo,16,16,24208.50,125.50,16384,20,true,true,OK
gamma2,org,bb_bbba.016,32,GLL,16,16,62812.50,312.50,16384,20,true,true,OK
gamma2,org,bb_bbba.016,32,RNGLR,16,16,76500.00,145.50,16384,20,true,true,OK
gamma2,org,bb_bbba.016,32,BRNGLR,16,16,77208.00,791.50,16384,20,true,true,OK
gamma2,org,bb_bbba.018,36,Leo,18,18,28229.00,229.00,16384,20,true,true,OK
gamma2,org,bb_bbba.018,36,GLL,18,18,75979.50,354.50,16384,20,true,true,OK
gamma2,org,bb_bbba.018,36,RNGLR,18,18,95958.00,83.00,16384,20,true,true,OK
gamma2,org,bb_bbba.018,36,BRNGLR,18,18,96916.50,521.00,16384,20,true,true,OK
gamma2,org,bb_bbba.020,40,Leo,20,20,31541.50,208.00,16384,20,true,true,OK
gamma2,org,bb_bbba.020,40,GLL,20,20,90979.50,479.50,16384,20,true,true,OK
gamma2,org,bb_bbba.020,40,RNGLR,20,20,116666.50,166.50,16384,20,true,true,OK
gamma2,org,bb_bbba.020,40,BRNGLR,20,20,120417.00,187.50,16384,20,true,true,OK
gamma2,org,bb_bbba.022,44,Leo,22,22,33833.50,125.00,16384,20,true,true,OK
gamma2,org,bb_bbba.022,44,GLL,22,22,124625.00,2188.00,16384,20,true,true,OK
gamma2,org,bb_bbba.022,44,RNGLR,22,22,139833.00,229.00,16384,20,true,true,OK
gamma2,org,bb_bbba.022,44,BRNGLR,22,22,144875.00,708.50,16384,20,true,true,OK
gamma2,org,bb_bbba.024,48,Leo,24,24,36792.00,146.00,16384,20,true,true,OK
gamma2,org,bb_bbba.024,48,GLL,24,24,128396.00,583.50,16384,20,true,true,OK
gamma2,org,bb_bbba.024,48,RNGLR,24,24,164750.00,125.00,16384,20,true,true,OK
gamma2,org,bb_bbba.024,48,BRNGLR,24,24,162145.50,229.00,16384,20,true,true,OK
gamma2,org,bb_bbba.026,52,Leo,26,26,37541.00,208.00,16384,20,true,true,OK
gamma2,org,bb_bbba.026,52,GLL,26,26,155520.50,7749.50,16384,20,true,true,OK
gamma2,org,bb_bbba.026,52,RNGLR,26,26,188604.50,5708.00,16384,20,true,true,OK
gamma2,org,bb_bbba.026,52,BRNGLR,26,26,190250.00,229.00,16384,20,true,true,OK
gamma2,org,bb_bbba.028,56,Leo,28,28,40125.00,104.50,16384,20,true,true,OK
gamma2,org,bb_bbba.028,56,GLL,28,28,172291.50,6270.50,16384,20,true,true,OK
gamma2,org,bb_bbba.028,56,RNGLR,28,28,206250.00,521.00,16384,20,true,true,OK
gamma2,org,bb_bbba.028,56,BRNGLR,28,28,221958.50,1354.00,16384,20,true,true,OK
gamma2,org,bb_bbba.030,60,Leo,30,30,43917.00,1458.50,16384,20,true,true,OK
gamma2,org,bb_bbba.030,60,GLL,30,30,187770.50,5728.50,16384,20,true,true,OK
gamma2,org,bb_bbba.030,60,RNGLR,30,30,229146.50,6999.50,16384,20,true,true,OK
gamma2,org,bb_bbba.030,60,BRNGLR,30,30,236687.00,2000.00,16384,20,true,true,OK
gamma2,org,bb_bbba.032,64,Leo,32,32,42208.00,166.50,16384,20,true,true,OK
gamma2,org,bb_bbba.032,64,GLL,32,32,217833.00,2813.00,16384,20,true,true,OK
gamma2,org,bb_bbba.032,64,RNGLR,32,32,256541.50,9916.50,16384,20,true,true,OK
gamma2,org,bb_bbba.032,64,BRNGLR,32,32,268229.50,917.50,16384,20,true,true,OK
gamma2,org,bb_bbba.034,68,Leo,34,34,44541.50,250.00,16384,20,true,true,OK
gamma2,org,bb_bbba.034,68,GLL,34,34,256750.50,19458.00,16384,20,true,true,OK
gamma2,org,bb_bbba.034,68,RNGLR,34,34,276708.50,292.00,16384,20,true,true,OK
gamma2,org,bb_bbba.034,68,BRNGLR,34,34,306625.00,2125.50,16384,20,true,true,OK
gamma2,org,bb_bbba.036,72,Leo,36,36,48354.00,666.50,16384,20,true,true,OK
gamma2,org,bb_bbba.036,72,GLL,36,36,251458.50,1187.50,16384,20,true,true,OK
gamma2,org,bb_bbba.036,72,RNGLR,36,36,311083.50,896.00,16384,20,true,true,OK
gamma2,org,bb_bbba.036,72,BRNGLR,36,36,341958.00,416.00,16384,20,true,true,OK
gamma2,org,bb_bbba.038,76,Leo,38,38,50208.00,167.00,16384,20,true,true,OK
gamma2,org,bb_bbba.038,76,GLL,38,38,293291.50,4770.50,16384,20,true,true,OK
gamma2,org,bb_bbba.038,76,RNGLR,38,38,346146.00,1229.00,16384,20,true,true,OK
gamma2,org,bb_bbba.038,76,BRNGLR,38,38,366063.00,6084.50,16384,20,true,true,OK
gamma2,org,bb_bbba.040,80,Leo,40,40,53020.50,228.50,16384,20,true,true,OK
gamma2,org,bb_bbba.040,80,GLL,40,40,328542.00,7542.00,16384,20,true,true,OK
gamma2,org,bb_bbba.040,80,RNGLR,40,40,381000.00,2312.50,16384,20,true,true,OK
gamma2,org,bb_bbba.040,80,BRNGLR,40,40,411020.50,4791.00,16384,20,true,true,OK
gamma2,org,bb_bbba.042,84,Leo,42,42,54521.00,166.50,16384,20,true,true,OK
gamma2,org,bb_bbba.042,84,GLL,42,42,361979.00,4374.50,16384,20,true,true,OK
gamma2,org,bb_bbba.042,84,RNGLR,42,42,406458.50,2270.50,16384,20,true,true,OK
gamma2,org,bb_bbba.042,84,BRNGLR,42,42,447854.50,6792.00,16384,20,true,true,OK
gamma2,org,bb_bbba.044,88,Leo,44,44,55958.00,271.00,16384,20,true,true,OK
gamma2,org,bb_bbba.044,88,GLL,44,44,400062.50,7312.50,16384,20,true,true,OK
gamma2,org,bb_bbba.044,88,RNGLR,44,44,457000.00,9188.00,16384,20,true,true,OK
gamma2,org,bb_bbba.044,88,BRNGLR,44,44,498000.50,14396.00,16384,20,true,true,OK
gamma2,org,bb_bbba.046,92,Leo,46,46,58791.50,395.50,16384,20,true,true,OK
gamma2,org,bb_bbba.046,92,GLL,46,46,419875.00,9562.50,16384,20,true,true,OK
gamma2,org,bb_bbba.046,92,RNGLR,46,46,486229.50,6979.00,16384,20,true,true,OK
gamma2,org,bb_bbba.046,92,BRNGLR,46,46,545270.50,10166.00,16384,20,true,true,OK
gamma2,org,bb_bbba.048,96,Leo,48,48,60770.50,666.50,16384,20,true,true,OK
gamma2,org,bb_bbba.048,96,GLL,48,48,475750.00,4375.00,16384,20,true,true,OK
gamma2,org,bb_bbba.048,96,RNGLR,48,48,523396.00,6125.50,16384,20,true,true,OK
gamma2,org,bb_bbba.048,96,BRNGLR,48,48,588333.00,6520.00,16384,20,true,true,OK
gamma2,org,bb_bbba.050,100,Leo,50,50,62229.00,479.00,16384,20,true,true,OK
gamma2,org,bb_bbba.050,100,GLL,50,50,501792.00,3541.50,16384,20,true,true,OK
gamma2,org,bb_bbba.050,100,RNGLR,50,50,567625.00,7146.00,16384,20,true,true,OK
gamma2,org,bb_bbba.050,100,BRNGLR,50,50,637146.50,8813.00,16384,20,true,true,OK
gamma2,org,bb_bbba.052,104,Leo,52,52,66229.00,229.00,16384,20,true,true,OK
gamma2,org,bb_bbba.052,104,GLL,52,52,554937.50,15750.00,16384,20,true,true,OK
gamma2,org,bb_bbba.052,104,RNGLR,52,52,612417.00,7104.00,16384,20,true,true,OK
gamma2,org,bb_bbba.052,104,BRNGLR,52,52,687875.50,7792.00,16384,20,true,true,OK
gamma2,org,bb_bbba.054,108,Leo,54,54,67208.00,146.00,16384,20,true,true,OK
gamma2,org,bb_bbba.054,108,GLL,54,54,596917.00,12937.00,16384,20,true,true,OK
gamma2,org,bb_bbba.054,108,RNGLR,54,54,658187.50,6937.50,16384,20,true,true,OK
gamma2,org,bb_bbba.054,108,BRNGLR,54,54,741708.00,10666.00,16384,20,true,true,OK
gamma2,org,bb_bbba.056,112,Leo,56,56,68875.00,437.50,16384,20,true,true,OK
gamma2,org,bb_bbba.056,112,GLL,56,56,687833.50,17875.50,16384,20,true,true,OK
gamma2,org,bb_bbba.056,112,RNGLR,56,56,709083.50,4791.50,16384,20,true,true,OK
gamma2,org,bb_bbba.056,112,BRNGLR,56,56,802895.50,12624.50,16384,20,true,true,OK
gamma2,org,bb_bbba.058,116,Leo,58,58,73958.50,792.00,16384,20,true,true,OK
gamma2,org,bb_bbba.058,116,GLL,58,58,682021.00,6583.50,16384,20,true,true,OK
gamma2,org,bb_bbba.058,116,RNGLR,58,58,765438.00,9625.50,16384,20,true,true,OK
gamma2,org,bb_bbba.058,116,BRNGLR,58,58,850041.50,9562.50,16384,20,true,true,OK
gamma2,org,bb_bbba.060,120,Leo,60,60,74625.00,208.50,16384,20,true,true,OK
gamma2,org,bb_bbba.060,120,GLL,60,60,732187.50,7250.00,16384,20,true,true,OK
gamma2,org,bb_bbba.060,120,RNGLR,60,60,811646.00,7812.50,16384,20,true,true,OK
gamma2,org,bb_bbba.060,120,BRNGLR,60,60,915541.50,10249.50,16384,20,true,true,OK
gamma2,org,bb_bbba.062,124,Leo,62,62,76437.50,854.00,16384,20,true,true,OK
gamma2,org,bb_bbba.062,124,GLL,62,62,795416.50,5458.00,16384,20,true,true,OK
gamma2,org,bb_bbba.062,124,RNGLR,62,62,872687.50,7041.50,16384,20,true,true,OK
gamma2,org,bb_bbba.062,124,BRNGLR,62,62,949666.50,6145.00,16384,20,true,true,OK
gamma2,org,bb_bbba.064,128,Leo,64,64,86062.00,1146.00,16384,20,true,true,OK
gamma2,org,bb_bbba.064,128,GLL,64,64,989333.50,36625.00,16384,20,true,true,OK
gamma2,org,bb_bbba.064,128,RNGLR,64,64,939125.50,21438.00,16384,20,true,true,OK
gamma2,org,bb_bbba.064,128,BRNGLR,64,64,1066646.00,20521.00,16384,20,true,true,OK
gamma2,org,bb_bbba.066,132,Leo,66,66,86979.50,2229.00,16384,20,true,true,OK
gamma2,org,bb_bbba.066,132,GLL,66,66,1009729.50,21000.50,16384,20,true,true,OK
gamma2,org,bb_bbba.066,132,RNGLR,66,66,984458.50,9896.00,16384,20,true,true,OK
gamma2,org,bb_bbba.066,132,BRNGLR,66,66,1116562.50,12167.00,16384,20,true,true,OK
gamma2,org,bb_bbba.068,136,Leo,68,68,89104.50,2875.00,16384,20,true,true,OK
gamma2,org,bb_bbba.068,136,GLL,68,68,1015583.00,11708.00,16384,20,true,true,OK
gamma2,org,bb_bbba.068,136,RNGLR,68,68,1038541.50,7249.50,16384,20,true,true,OK
gamma2,org,bb_bbba.068,136,BRNGLR,68,68,1195687.00,31208.00,16384,20,true,true,OK
gamma2,org,bb_bbba.070,140,Leo,70,70,91458.00,2187.00,16384,20,true,true,OK
gamma2,org,bb_bbba.070,140,GLL,70,70,1146979.00,66937.50,16384,20,true,true,OK
gamma2,org,bb_bbba.070,140,RNGLR,70,70,1144021.00,22041.50,16384,20,true,true,OK
gamma2,org,bb_bbba.070,140,BRNGLR,70,70,1270250.50,16292.50,16384,20,true,true,OK
gamma2,org,bb_bbba.072,144,Leo,72,72,90271.00,688.00,16384,20,true,true,OK
gamma2,org,bb_bbba.072,144,GLL,72,72,1131104.50,13229.50,16384,20,true,true,OK
gamma2,org,bb_bbba.072,144,RNGLR,72,72,1170062.50,7229.50,16384,20,true,true,OK
gamma2,org,bb_bbba.072,144,BRNGLR,72,72,1349562.50,17458.50,16384,20,true,true,OK
gamma2,org,bb_bbba.074,148,Leo,74,74,93041.50,375.00,16384,20,true,true,OK
gamma2,org,bb_bbba.074,148,GLL,74,74,1181833.50,5521.00,16384,20,true,true,OK
gamma2,org,bb_bbba.074,148,RNGLR,74,74,1267041.50,44020.50,16384,20,true,true,OK
gamma2,org,bb_bbba.074,148,BRNGLR,74,74,1425542.00,15562.50,16384,20,true,true,OK
gamma2,org,bb_bbba.076,152,Leo,76,76,98521.00,2979.50,16384,20,true,true,OK
gamma2,org,bb_bbba.076,152,GLL,76,76,1263458.50,7562.00,16384,20,true,true,OK
gamma2,org,bb_bbba.076,152,RNGLR,76,76,1290083.50,7375.00,16384,20,true,true,OK
gamma2,org,bb_bbba.076,152,BRNGLR,76,76,1504791.50,16229.00,16384,20,true,true,OK
gamma2,org,bb_bbba.078,156,Leo,78,78,98291.50,687.50,16384,20,true,true,OK
gamma2,org,bb_bbba.078,156,GLL,78,78,1350520.50,10521.00,16384,20,true,true,OK
gamma2,org,bb_bbba.078,156,RNGLR,78,78,1378396.00,21708.50,16384,20,true,true,OK
gamma2,org,bb_bbba.078,156,BRNGLR,78,78,1574917.00,32229.00,16384,20,true,true,OK
gamma2,org,bb_bbba.080,160,Leo,80,80,106687.50,2437.50,16384,20,true,true,OK
gamma2,org,bb_bbba.080,160,GLL,80,80,1445708.00,21396.00,16384,20,true,true,OK
gamma2,org,bb_bbba.080,160,RNGLR,80,80,1438145.50,8166.50,16384,20,true,true,OK
gamma2,org,bb_bbba.080,160,BRNGLR,80,80,1657250.00,16062.50,16384,20,true,true,OK
gamma2,org,bb_bbba.082,164,Leo,82,82,102584.00,208.00,16384,20,true,true,OK
gamma2,org,bb_bbba.082,164,GLL,82,82,1591729.50,12813.00,16384,20,true,true,OK
gamma2,org,bb_bbba.082,164,RNGLR,82,82,1511375.00,16771.00,16384,20,true,true,OK
gamma2,org,bb_bbba.082,164,BRNGLR,82,82,1752937.50,18125.00,16384,20,true,true,OK
gamma2,org,bb_bbba.084,168,Leo,84,84,105479.50,354.00,16384,20,true,true,OK
gamma2,org,bb_bbba.084,168,GLL,84,84,1733291.50,58938.00,16384,20,true,true,OK
gamma2,org,bb_bbba.084,168,RNGLR,84,84,1597145.50,16666.50,16384,20,true,true,OK
gamma2,org,bb_bbba.084,168,BRNGLR,84,84,1832875.50,14251.00,16384,20,true,true,OK
gamma2,org,bb_bbba.086,172,Leo,86,86,113833.00,937.50,16384,20,true,true,OK
gamma2,org,bb_bbba.086,172,GLL,86,86,1750625.00,31395.50,16384,20,true,true,OK
gamma2,org,bb_bbba.086,172,RNGLR,86,86,1719999.50,33582.50,16384,20,true,true,OK
gamma2,org,bb_bbba.086,172,BRNGLR,86,86,1957271.00,35917.00,16384,20,true,true,OK
gamma2,org,bb_bbba.088,176,Leo,88,88,116792.00,2396.00,16384,20,true,true,OK
gamma2,org,bb_bbba.088,176,GLL,88,88,1885333.00,31187.50,16384,20,true,true,OK
gamma2,org,bb_bbba.088,176,RNGLR,88,88,1743042.00,10709.00,16384,20,true,true,OK
gamma2,org,bb_bbba.088,176,BRNGLR,88,88,2036187.50,14625.00,16384,20,true,true,OK
gamma2,org,bb_bbba.090,180,Leo,90,90,113541.50,437.50,16384,20,true,true,OK
gamma2,org,bb_bbba.090,180,GLL,90,90,1953104.50,22500.50,16384,20,true,true,OK
gamma2,org,bb_bbba.090,180,RNGLR,90,90,1820583.50,8104.50,16384,20,true,true,OK
gamma2,org,bb_bbba.090,180,BRNGLR,90,90,2170395.50,48333.00,16384,20,true,true,OK
gamma2,org,bb_bbba.092,184,Leo,92,92,113479.00,770.50,16384,20,true,true,OK
gamma2,org,bb_bbba.092,184,GLL,92,92,2068104.50,21105.00,16384,20,true,true,OK
gamma2,org,bb_bbba.092,184,RNGLR,92,92,1906083.50,19374.50,16384,20,true,true,OK
gamma2,org,bb_bbba.092,184,BRNGLR,92,92,2228938.00,26291.00,16384,20,true,true,OK
gamma2,org,bb_bbba.094,188,Leo,94,94,115791.50,416.50,16384,20,true,true,OK
gamma2,org,bb_bbba.094,188,GLL,94,94,2154437.50,35208.50,16384,20,true,true,OK
gamma2,org,bb_bbba.094,188,RNGLR,94,94,2019104.00,26187.50,16384,20,true,true,OK
gamma2,org,bb_bbba.094,188,BRNGLR,94,94,2312708.50,16520.50,16384,20,true,true,OK
gamma2,org,bb_bbba.096,192,Leo,96,96,122291.50,1208.50,16384,20,true,true,OK
gamma2,org,bb_bbba.096,192,GLL,96,96,2298479.00,22646.00,16384,20,true,true,OK
gamma2,org,bb_bbba.096,192,RNGLR,96,96,2070833.50,16500.00,16384,20,true,true,OK
gamma2,org,bb_bbba.096,192,BRNGLR,96,96,2459770.50,38645.50,16384,20,true,true,OK
gamma2,org,bb_bbba.098,196,Leo,98,98,122750.00,417.00,16384,20,true,true,OK
gamma2,org,bb_bbba.098,196,GLL,98,98,2468791.50,50354.00,16384,20,true,true,OK
gamma2,org,bb_bbba.098,196,RNGLR,98,98,2178229.50,19917.00,16384,20,true,true,OK
gamma2,org,bb_bbba.098,196,BRNGLR,98,98,2891458.00,162499.50,16384,20,true,true,OK
gamma2,org,bb_bbba.100,200,Leo,100,100,131541.50,458.00,16384,20,true,true,OK
gamma2,org,bb_bbba.100,200,GLL,100,100,2566250.00,93146.00,16384,20,true,true,OK
gamma2,org,bb_bbba.100,200,RNGLR,100,100,2265375.00,24125.00,16384,20,true,true,OK
gamma2,org,bb_bbba.100,200,BRNGLR,100,100,2638916.50,22250.00,16384,20,true,true,OK
gamma2,org,bb_bbba.102,204,Leo,102,102,127041.50,354.00,16384,20,true,true,OK
gamma2,org,bb_bbba.102,204,GLL,102,102,2584896.00,27541.50,16384,20,true,true,OK
gamma2,org,bb_bbba.102,204,RNGLR,102,102,2364166.50,36187.50,16384,20,true,true,OK
gamma2,org,bb_bbba.102,204,BRNGLR,102,102,2738062.50,18167.00,16384,20,true,true,OK
gamma2,org,bb_bbba.104,208,Leo,104,104,126854.50,416.50,16384,20,true,true,OK
gamma2,org,bb_bbba.104,208,GLL,104,104,2885916.50,34833.50,16384,20,true,true,OK
gamma2,org,bb_bbba.104,208,RNGLR,104,104,2446187.50,19937.50,16384,20,true,true,OK
gamma2,org,bb_bbba.104,208,BRNGLR,104,104,2927187.50,61458.50,16384,20,true,true,OK
gamma2,org,bb_bbba.106,212,Leo,106,106,131083.50,437.50,16384,20,true,true,OK
gamma2,org,bb_bbba.106,212,GLL,106,106,2983667.00,28042.00,16384,20,true,true,OK
gamma2,org,bb_bbba.106,212,RNGLR,106,106,2544791.50,16354.00,16384,20,true,true,OK
gamma2,org,bb_bbba.106,212,BRNGLR,106,106,2958979.50,18021.00,16384,20,true,true,OK
gamma2,org,bb_bbba.108,216,Leo,108,108,134479.50,563.00,16384,20,true,true,OK
gamma2,org,bb_bbba.108,216,GLL,108,108,3157541.50,65125.00,16384,20,true,true,OK
gamma2,org,bb_bbba.108,216,RNGLR,108,108,2644958.50,27916.50,16384,20,true,true,OK
gamma2,org,bb_bbba.108,216,BRNGLR,108,108,3096187.50,39313.00,16384,20,true,true,OK
gamma2,org,bb_bbba.110,220,Leo,110,110,137583.00,458.50,16384,20,true,true,OK
gamma2,org,bb_bbba.110,220,GLL,110,110,3276438.00,42083.50,16384,20,true,true,OK
gamma2,org,bb_bbba.110,220,RNGLR,110,110,2740833.00,19125.00,16384,20,true,true,OK
gamma2,org,bb_bbba.110,220,BRNGLR,110,110,3208041.50,22208.50,16384,20,true,true,OK
gamma2,org,bb_bbba.112,224,Leo,112,112,141458.00,562.50,16384,20,true,true,OK
gamma2,org,bb_bbba.112,224,GLL,112,112,3399250.00,76646.00,16384,20,true,true,OK
gamma2,org,bb_bbba.112,224,RNGLR,112,112,2825208.00,18791.50,16384,20,true,true,OK
gamma2,org,bb_bbba.112,224,BRNGLR,112,112,3316750.00,22354.50,16384,20,true,true,OK
gamma2,org,bb_bbba.114,228,Leo,114,114,141541.00,291.50,16384,20,true,true,OK
gamma2,org,bb_bbba.114,228,GLL,114,114,3510750.00,42708.50,16384,20,true,true,OK
gamma2,org,bb_bbba.114,228,RNGLR,114,114,2963083.50,24541.50,16384,20,true,true,OK
gamma2,org,bb_bbba.114,228,BRNGLR,114,114,3449687.00,31833.00,16384,20,true,true,OK
gamma2,org,bb_bbba.116,232,Leo,116,116,143375.50,333.00,16384,20,true,true,OK
gamma2,org,bb_bbba.116,232,GLL,116,116,3669709.00,55896.00,16384,20,true,true,OK
gamma2,org,bb_bbba.116,232,RNGLR,116,116,3071895.50,35083.50,16384,20,true,true,OK
gamma2,org,bb_bbba.116,232,BRNGLR,116,116,3571125.50,22000.50,16384,20,true,true,OK
gamma2,org,bb_bbba.118,236,Leo,118,118,144041.50,417.00,32768,20,true,true,OK
gamma2,org,bb_bbba.118,236,GLL,118,118,3809583.00,47604.00,16384,20,true,true,OK
gamma2,org,bb_bbba.118,236,RNGLR,118,118,3161062.50,31937.50,16384,20,true,true,OK
gamma2,org,bb_bbba.118,236,BRNGLR,118,118,3687396.00,26229.00,16384,20,true,true,OK
gamma2,org,bb_bbba.120,240,Leo,120,120,151166.50,1333.00,16384,20,true,true,OK
gamma2,org,bb_bbba.120,240,GLL,120,120,3941062.50,46792.00,16384,20,true,true,OK
gamma2,org,bb_bbba.120,240,RNGLR,120,120,3286208.00,19583.50,16384,20,true,true,OK
gamma2,org,bb_bbba.120,240,BRNGLR,120,120,3824354.50,25916.50,16384,20,true,true,OK
gamma2,org,bb_bbba.122,244,Leo,122,122,152875.00,1292.00,16384,20,true,true,OK
gamma2,org,bb_bbba.122,244,GLL,122,122,4097271.00,52541.50,16384,20,true,true,OK
gamma2,org,bb_bbba.122,244,RNGLR,122,122,3386603.50,22271.00,16384,20,true,true,OK
gamma2,org,bb_bbba.122,244,BRNGLR,122,122,3962812.50,25458.50,16384,20,true,true,OK
gamma2,org,bb_bbba.124,248,Leo,124,124,151604.00,271.00,16384,20,true,true,OK
gamma2,org,bb_bbba.124,248,GLL,124,124,4336187.50,71708.50,16384,20,true,true,OK
gamma2,org,bb_bbba.124,248,RNGLR,124,124,3512520.50,38250.00,16384,20,true,true,OK
gamma2,org,bb_bbba.124,248,BRNGLR,124,124,4127792.00,41562.50,16384,20,true,true,OK
gamma2,org,bb_bbba.126,252,Leo,126,126,155833.50,479.50,16384,20,true,true,OK
gamma2,org,bb_bbba.126,252,GLL,126,126,4516208.50,67083.50,16384,20,true,true,OK
gamma2,org,bb_bbba.126,252,RNGLR,126,126,3621250.50,20438.00,16384,20,true,true,OK
gamma2,org,bb_bbba.126,252,BRNGLR,126,126,4277937.50,39416.50,16384,20,true,true,OK
gamma2,org,bb_bbba.128,256,Leo,128,128,159021.00,312.50,16384,20,true,true,OK
gamma2,org,bb_bbba.128,256,GLL,128,128,4699895.50,55625.00,16384,20,true,true,OK
gamma2,org,bb_bbba.128,256,RNGLR,128,128,3726938.00,20041.50,16384,20,true,true,OK
gamma2,org,bb_bbba.128,256,BRNGLR,128,128,4407270.50,41562.50,16384,20,true,true,OK
gamma2,org,bb_bbba.130,260,Leo,130,130,160916.50,416.50,16384,20,true,true,OK
gamma2,org,bb_bbba.130,260,GLL,130,130,4882917.00,63312.00,16384,20,true,true,OK
gamma2,org,bb_bbba.130,260,RNGLR,130,130,3863729.00,40729.50,16384,20,true,true,OK
gamma2,org,bb_bbba.130,260,BRNGLR,130,130,4568208.50,35417.00,16384,20,true,true,OK
gamma2,org,bb_bbba.132,264,Leo,132,132,164250.00,1208.00,16384,20,true,true,OK
gamma2,org,bb_bbba.132,264,GLL,132,132,5155771.00,89167.00,32768,20,true,true,OK
gamma2,org,bb_bbba.132,264,RNGLR,132,132,3988271.00,39500.00,16384,20,true,true,OK
gamma2,org,bb_bbba.132,264,BRNGLR,132,132,4688187.00,27729.50,16384,20,true,true,OK
gamma2,org,bb_bbba.134,268,Leo,134,134,167271.00,917.00,16384,20,true,true,OK
gamma2,org,bb_bbba.134,268,GLL,134,134,5791416.50,105395.50,16384,20,true,true,OK
gamma2,org,bb_bbba.134,268,RNGLR,134,134,4079187.50,19958.50,16384,20,true,true,OK
gamma2,org,bb_bbba.134,268,BRNGLR,134,134,4845021.00,46291.50,16384,20,true,true,OK
gamma2,org,bb_bbba.136,272,Leo,136,136,169021.00,1562.50,16384,20,true,true,OK
gamma2,org,bb_bbba.136,272,GLL,136,136,5951645.50,58708.50,16384,20,true,true,OK
gamma2,org,bb_bbba.136,272,RNGLR,136,136,4233542.00,39625.00,16384,20,true,true,OK
gamma2,org,bb_bbba.136,272,BRNGLR,136,136,5003750.00,106937.50,16384,20,true,true,OK
gamma2,org,bb_bbba.138,276,Leo,138,138,173375.00,1104.00,16384,20,true,true,OK
gamma2,org,bb_bbba.138,276,GLL,138,138,6211271.00,116146.00,16384,20,true,true,OK
gamma2,org,bb_bbba.138,276,RNGLR,138,138,4323208.50,25937.50,16384,20,true,true,OK
gamma2,org,bb_bbba.138,276,BRNGLR,138,138,5171937.50,69417.00,16384,20,true,true,OK
gamma2,org,bb_bbba.140,280,Leo,140,140,175792.00,1083.50,16384,20,true,true,OK
gamma2,org,bb_bbba.140,280,GLL,140,140,6960437.50,65687.50,16384,20,true,true,OK
gamma2,org,bb_bbba.140,280,RNGLR,140,140,4513084.00,60146.00,16384,20,true,true,OK
gamma2,org,bb_bbba.140,280,BRNGLR,140,140,5291479.50,18416.50,16384,20,true,true,OK
gamma2,org,bb_bbba.142,284,Leo,142,142,176874.50,603.50,16384,20,true,true,OK
gamma2,org,bb_bbba.142,284,GLL,142,142,7306646.00,109187.50,16384,20,true,true,OK
gamma2,org,bb_bbba.142,284,RNGLR,142,142,4574792.00,21979.50,16384,20,true,true,OK
gamma2,org,bb_bbba.142,284,BRNGLR,142,142,5494083.00,63999.50,16384,20,true,true,OK
gamma2,org,bb_bbba.144,288,Leo,144,144,177791.50,417.00,16384,20,true,true,OK
gamma2,org,bb_bbba.144,288,GLL,144,144,7471937.50,190542.00,16384,20,true,true,OK
gamma2,org,bb_bbba.144,288,RNGLR,144,144,4804520.50,43479.00,16384,20,true,true,OK
gamma2,org,bb_bbba.144,288,BRNGLR,144,144,5672520.50,49208.50,16384,20,true,true,OK
gamma2,org,bb_bbba.146,292,Leo,146,146,185958.00,3437.50,16384,20,true,true,OK
gamma2,org,bb_bbba.146,292,GLL,146,146,7599166.50,124854.50,16384,20,true,true,OK
gamma2,org,bb_bbba.146,292,RNGLR,146,146,4933625.00,80521.00,16384,20,true,true,OK
gamma2,org,bb_bbba.146,292,BRNGLR,146,146,5769041.50,51646.00,16384,20,true,true,OK
gamma2,org,bb_bbba.148,296,Leo,148,148,186229.50,1521.00,16384,20,true,true,OK
gamma2,org,bb_bbba.148,296,GLL,148,148,7850479.50,122500.00,16384,20,true,true,OK
gamma2,org,bb_bbba.148,296,RNGLR,148,148,4989354.00,23375.00,16384,20,true,true,OK
gamma2,org,bb_bbba.148,296,BRNGLR,148,148,5931770.50,42770.50,16384,20,true,true,OK
gamma2,org,bb_bbba.150,300,Leo,150,150,187999.50,791.50,16384,20,true,true,OK
gamma2,org,bb_bbba.150,300,GLL,150,150,8104729.00,129187.00,16384,20,true,true,OK
gamma2,org,bb_bbba.150,300,RNGLR,150,150,5129271.00,20250.00,16384,20,true,true,OK
gamma2,org,bb_bbba.150,300,BRNGLR,150,150,6141625.00,80938.00,16384,20,true,true,OK
gamma2,org,bb_bbba.152,304,Leo,152,152,191125.00,625.00,16384,20,true,true,OK
gamma2,org,bb_bbba.152,304,GLL,152,152,8286625.00,81729.00,16384,20,true,true,OK
gamma2,org,bb_bbba.152,304,RNGLR,152,152,5246208.00,18521.50,16384,20,true,true,OK
gamma2,org,bb_bbba.152,304,BRNGLR,152,152,6295063.00,70291.50,16384,20,true,true,OK
gamma2,org,bb_bbba.154,308,Leo,154,154,192437.50,583.50,16384,20,true,true,OK
gamma2,org,bb_bbba.154,308,GLL,154,154,8555646.00,119771.00,16384,20,true,true,OK
gamma2,org,bb_bbba.154,308,RNGLR,154,154,5419563.00,29104.50,16384,20,true,true,OK
gamma2,org,bb_bbba.154,308,BRNGLR,154,154,6492562.50,67395.50,16384,20,true,true,OK
gamma2,org,bb_bbba.156,312,Leo,156,156,195563.00,1125.00,16384,20,true,true,OK
gamma2,org,bb_bbba.156,312,GLL,156,156,9098854.50,387334.00,16384,20,true,true,OK
gamma2,org,bb_bbba.156,312,RNGLR,156,156,5557687.50,28833.50,16384,20,true,true,OK
gamma2,org,bb_bbba.156,312,BRNGLR,156,156,6622562.50,50833.00,32768,20,true,true,OK
gamma2,org,bb_bbba.158,316,Leo,158,158,198041.50,771.00,16384,20,true,true,OK
gamma2,org,bb_bbba.158,316,GLL,158,158,9061521.00,97854.50,16384,20,true,true,OK
gamma2,org,bb_bbba.158,316,RNGLR,158,158,5698333.00,39854.00,16384,20,true,true,OK
gamma2,org,bb_bbba.158,316,BRNGLR,158,158,6973750.00,174021.00,16384,20,true,true,OK
gamma2,org,bb_bbba.160,320,Leo,160,160,201354.50,709.00,16384,20,true,true,OK
gamma2,org,bb_bbba.160,320,GLL,160,160,9340521.00,132229.50,16384,20,true,true,OK
gamma2,org,bb_bbba.160,320,RNGLR,160,160,5844833.50,21729.00,16384,20,true,true,OK
gamma2,org,bb_bbba.160,320,BRNGLR,160,160,6997667.00,72021.00,16384,20,true,true,OK
gamma2,org,bb_bbba.162,324,Leo,162,162,205271.00,1437.00,16384,20,true,true,OK
gamma2,org,bb_bbba.162,324,GLL,162,162,9623125.00,113500.00,16384,20,true,true,OK
gamma2,org,bb_bbba.162,324,RNGLR,162,162,5966708.50,20812.00,16384,20,true,true,OK
gamma2,org,bb_bbba.162,324,BRNGLR,162,162,7221666.50,78979.00,16384,20,true,true,OK
gamma2,org,bb_bbba.164,328,Leo,164,164,207916.50,604.00,16384,20,true,true,OK
gamma2,org,bb_bbba.164,328,GLL,164,164,9972875.00,115438.00,16384,20,true,true,OK
gamma2,org,bb_bbba.164,328,RNGLR,164,164,6144624.50,40333.50,16384,20,true,true,OK
gamma2,org,bb_bbba.164,328,BRNGLR,164,164,7361979.00,41625.00,16384,20,true,true,OK
gamma2,org,bb_bbba.166,332,Leo,166,166,209458.50,812.50,16384,20,true,true,OK
gamma2,org,bb_bbba.166,332,GLL,166,166,10252625.00,127187.50,16384,20,true,true,OK
gamma2,org,bb_bbba.166,332,RNGLR,166,166,6352708.50,54167.00,16384,20,true,true,OK
gamma2,org,bb_bbba.166,332,BRNGLR,166,166,7533145.50,59417.00,16384,20,true,true,OK
gamma2,org,bb_bbba.168,336,Leo,168,168,217895.50,2646.00,16384,20,true,true,OK
gamma2,org,bb_bbba.168,336,GLL,168,168,10519208.50,77062.50,16384,20,true,true,OK
gamma2,org,bb_bbba.168,336,RNGLR,168,168,6413583.00,23937.50,16384,20,true,true,OK
gamma2,org,bb_bbba.168,336,BRNGLR,168,168,7775583.50,86666.50,16384,20,true,true,OK
gamma2,org,bb_bbba.170,340,Leo,170,170,214687.50,791.50,16384,20,true,true,OK
gamma2,org,bb_bbba.170,340,GLL,170,170,11863750.00,157042.00,16384,20,true,true,OK
gamma2,org,bb_bbba.170,340,RNGLR,170,170,6601937.50,17208.00,16384,20,true,true,OK
gamma2,org,bb_bbba.170,340,BRNGLR,170,170,7972021.00,49416.50,16384,20,true,true,OK
gamma2,org,bb_bbba.172,344,Leo,172,172,215417.00,896.00,16384,20,true,true,OK
gamma2,org,bb_bbba.172,344,GLL,172,172,12083500.50,98041.50,16384,20,true,true,OK
gamma2,org,bb_bbba.172,344,RNGLR,172,172,6818875.00,51937.50,16384,20,true,true,OK
gamma2,org,bb_bbba.172,344,BRNGLR,172,172,8348354.00,119604.00,16384,20,true,true,OK
gamma2,org,bb_bbba.174,348,Leo,174,174,222813.00,667.00,16384,20,true,true,OK
gamma2,org,bb_bbba.174,348,GLL,174,174,12376833.00,141291.00,16384,20,true,true,OK
gamma2,org,bb_bbba.174,348,RNGLR,174,174,6984562.50,83125.00,16384,20,true,true,OK
gamma2,org,bb_bbba.174,348,BRNGLR,174,174,8921687.00,514770.00,16384,20,true,true,OK
gamma2,org,bb_bbba.176,352,Leo,176,176,222771.00,2750.00,16384,20,true,true,OK
gamma2,org,bb_bbba.176,352,GLL,176,176,12751104.50,198541.50,16384,20,true,true,OK
gamma2,org,bb_bbba.176,352,RNGLR,176,176,7127291.00,50729.00,16384,20,true,true,OK
gamma2,org,bb_bbba.176,352,BRNGLR,176,176,8608375.50,55000.50,32768,20,true,true,OK
gamma2,org,bb_bbba.178,356,Leo,178,178,222979.50,1166.50,16384,20,true,true,OK
gamma2,org,bb_bbba.178,356,GLL,178,178,13550208.00,103625.00,16384,20,true,true,OK
gamma2,org,bb_bbba.178,356,RNGLR,178,178,7290083.00,48832.50,16384,20,true,true,OK
gamma2,org,bb_bbba.178,356,BRNGLR,178,178,8808250.00,47333.00,16384,20,true,true,OK
gamma2,org,bb_bbba.180,360,Leo,180,180,240583.50,8895.50,16384,20,true,true,OK
gamma2,org,bb_bbba.180,360,GLL,180,180,13921520.50,131729.50,16384,20,true,true,OK
gamma2,org,bb_bbba.180,360,RNGLR,180,180,7434833.50,34250.00,16384,20,true,true,OK
gamma2,org,bb_bbba.180,360,BRNGLR,180,180,9095416.50,85062.50,16384,20,true,true,OK
gamma2,org,bb_bbba.182,364,Leo,182,182,228708.50,1104.50,16384,20,true,true,OK
gamma2,org,bb_bbba.182,364,GLL,182,182,14256187.50,157312.50,16384,20,true,true,OK
gamma2,org,bb_bbba.182,364,RNGLR,182,182,7609333.50,29958.50,16384,20,true,true,OK
gamma2,org,bb_bbba.182,364,BRNGLR,182,182,9270625.00,67687.50,16384,20,true,true,OK
gamma2,org,bb_bbba.184,368,Leo,184,184,231645.50,1062.50,16384,20,true,true,OK
gamma2,org,bb_bbba.184,368,GLL,184,184,14647500.50,159875.00,16384,20,true,true,OK
gamma2,org,bb_bbba.184,368,RNGLR,184,184,7780125.00,32458.00,16384,20,true,true,OK
gamma2,org,bb_bbba.184,368,BRNGLR,184,184,9519104.50,50270.50,16384,20,true,true,OK
gamma2,org,bb_bbba.186,372,Leo,186,186,235520.50,2167.00,16384,20,true,true,OK
gamma2,org,bb_bbba.186,372,GLL,186,186,14926771.00,157166.50,16384,20,true,true,OK
gamma2,org,bb_bbba.186,372,RNGLR,186,186,7962354.00,35041.50,16384,20,true,true,OK
gamma2,org,bb_bbba.186,372,BRNGLR,186,186,9838895.50,149228.50,16384,20,true,true,OK
gamma2,org,bb_bbba.188,376,Leo,188,188,238166.50,1270.50,16384,20,true,true,OK
gamma2,org,bb_bbba.188,376,GLL,188,188,15451562.50,166979.50,16384,20,true,true,OK
gamma2,org,bb_bbba.188,376,RNGLR,188,188,8177666.50,94645.50,16384,20,true,true,OK
gamma2,org,bb_bbba.188,376,BRNGLR,188,188,9991916.50,81604.00,16384,20,true,true,OK
gamma2,org,bb_bbba.190,380,Leo,190,190,245812.50,2687.50,16384,20,true,true,OK
gamma2,org,bb_bbba.190,380,GLL,190,190,15811604.00,100396.00,16384,20,true,true,OK
gamma2,org,bb_bbba.190,380,RNGLR,190,190,8342604.00,55729.00,16384,20,true,true,OK
gamma2,org,bb_bbba.190,380,BRNGLR,190,190,10195374.50,102417.00,16384,20,true,true,OK
gamma2,org,bb_bbba.192,384,Leo,192,192,243625.00,1271.00,16384,20,true,true,OK
gamma2,org,bb_bbba.192,384,GLL,192,192,16354999.50,111728.50,16384,20,true,true,OK
gamma2,org,bb_bbba.192,384,RNGLR,192,192,8485083.50,48917.00,16384,20,true,true,OK
gamma2,org,bb_bbba.192,384,BRNGLR,192,192,10690271.50,233500.50,32768,20,true,true,OK
gamma2,org,bb_bbba.194,388,Leo,194,194,254166.50,2354.00,16384,20,true,true,OK
gamma2,org,bb_bbba.194,388,GLL,194,194,16729291.50,167125.00,16384,20,true,true,OK
gamma2,org,bb_bbba.194,388,RNGLR,194,194,8651542.00,40459.00,16384,20,true,true,OK
gamma2,org,bb_bbba.194,388,BRNGLR,194,194,10613812.50,80874.50,16384,20,true,true,OK
gamma2,org,bb_bbba.196,392,Leo,196,196,249916.50,4124.50,16384,20,true,true,OK
gamma2,org,bb_bbba.196,392,GLL,196,196,17091667.00,84812.00,16384,20,true,true,OK
gamma2,org,bb_bbba.196,392,RNGLR,196,196,8869083.50,56521.50,16384,20,true,true,OK
gamma2,org,bb_bbba.196,392,BRNGLR,196,196,10875687.50,88875.00,16384,20,true,true,OK
gamma2,org,bb_bbba.198,396,Leo,198,198,253166.50,5833.00,16384,20,true,true,OK
gamma2,org,bb_bbba.198,396,GLL,198,198,17783895.50,170542.50,16384,20,true,true,OK
gamma2,org,bb_bbba.198,396,RNGLR,198,198,9030979.50,26625.50,16384,20,true,true,OK
gamma2,org,bb_bbba.198,396,BRNGLR,198,198,11124916.50,87250.00,16384,20,true,true,OK
gamma2,org,bb_bbba.200,400,Leo,200,200,264417.00,4687.50,16384,20,true,true,OK
gamma2,org,bb_bbba.200,400,GLL,200,200,18046917.00,136062.50,16384,20,true,true,OK
gamma2,org,bb_bbba.200,400,RNGLR,200,200,9236854.00,52625.00,16384,20,true,true,OK
gamma2,org,bb_bbba.200,400,BRNGLR,200,200,11410854.00,185395.50,16384,20,true,true,OK
gamma2,org,bb_bbba.202,404,Leo,202,202,252437.50,1020.50,16384,20,true,true,OK
gamma2,org,bb_bbba.202,404,GLL,202,202,18524896.00,174062.50,16384,20,true,true,OK
gamma2,org,bb_bbba.202,404,RNGLR,202,202,9404999.50,40438.00,16384,20,true,true,OK
gamma2,org,bb_bbba.202,404,BRNGLR,202,202,11693250.00,147083.00,32768,20,true,true,OK
gamma2,org,bb_bbba.204,408,Leo,204,204,254833.50,1541.50,16384,20,true,true,OK
gamma2,org,bb_bbba.204,408,GLL,204,204,18978438.00,119292.00,16384,20,true,true,OK
gamma2,org,bb_bbba.204,408,RNGLR,204,204,9604437.50,52187.50,16384,20,true,true,OK
gamma2,org,bb_bbba.204,408,BRNGLR,204,204,11898333.50,126895.50,16384,20,true,true,OK
gamma2,org,bb_bbba.206,412,Leo,206,206,261645.50,4292.00,16384,20,true,true,OK
gamma2,org,bb_bbba.206,412,GLL,206,206,19347000.00,232250.00,2637824,20,true,true,OK
gamma2,org,bb_bbba.206,412,RNGLR,206,206,9771125.00,32125.00,16384,20,true,true,OK
gamma2,org,bb_bbba.206,412,BRNGLR,206,206,12286208.50,191562.50,16384,20,true,true,OK
gamma2,org,bb_bbba.208,416,Leo,208,208,258708.00,1708.50,16384,20,true,true,OK
gamma2,org,bb_bbba.208,416,GLL,208,208,19732562.50,173354.50,5636096,20,true,true,OK
gamma2,org,bb_bbba.208,416,RNGLR,208,208,9973604.50,24188.00,16384,20,true,true,OK
gamma2,org,bb_bbba.208,416,BRNGLR,208,208,12555541.50,252854.00,16384,20,true,true,OK
gamma2,org,bb_bbba.210,420,Leo,210,210,263270.50,3937.00,16384,20,true,true,OK
gamma2,org,bb_bbba.210,420,GLL,210,210,20366375.00,190958.00,4030464,20,true,true,OK
gamma2,org,bb_bbba.210,420,RNGLR,210,210,10203167.00,42146.00,16384,20,true,true,OK
gamma2,org,bb_bbba.210,420,BRNGLR,210,210,12675125.50,111188.50,16384,20,true,true,OK
gamma2,org,bb_bbba.212,424,Leo,212,212,271625.00,4500.00,16384,20,true,true,OK
gamma2,org,bb_bbba.212,424,GLL,212,212,21019000.50,229917.00,16384,20,true,true,OK
gamma2,org,bb_bbba.212,424,RNGLR,212,212,10386166.50,49188.00,16384,20,true,true,OK
gamma2,org,bb_bbba.212,424,BRNGLR,212,212,12966916.50,106874.50,32768,20,true,true,OK
gamma2,org,bb_bbba.214,428,Leo,214,214,268000.00,3708.50,16384,20,true,true,OK
gamma2,org,bb_bbba.214,428,GLL,214,214,21595250.00,169458.50,16384,20,true,true,OK
gamma2,org,bb_bbba.214,428,RNGLR,214,214,10665791.50,30146.50,32768,20,true,true,OK
gamma2,org,bb_bbba.214,428,BRNGLR,214,214,13191687.00,92521.00,16384,20,true,true,OK
gamma2,org,bb_bbba.216,432,Leo,216,216,269396.00,1687.50,16384,20,true,true,OK
gamma2,org,bb_bbba.216,432,GLL,216,216,23659104.50,221374.50,16384,20,true,true,OK
gamma2,org,bb_bbba.216,432,RNGLR,216,216,10864625.00,54250.00,16384,20,true,true,OK
gamma2,org,bb_bbba.216,432,BRNGLR,216,216,13533583.50,156375.00,16384,20,true,true,OK
gamma2,org,bb_bbba.218,436,Leo,218,218,269812.50,1104.50,16384,20,true,true,OK
gamma2,org,bb_bbba.218,436,GLL,218,218,24295958.50,230521.00,1802240,20,true,true,OK
gamma2,org,bb_bbba.218,436,RNGLR,218,218,11097667.00,120604.00,16384,20,true,true,OK
gamma2,org,bb_bbba.218,436,BRNGLR,218,218,13750292.00,68479.00,32768,20,true,true,OK
gamma2,org,bb_bbba.220,440,Leo,220,220,275437.50,3770.50,16384,20,true,true,OK
gamma2,org,bb_bbba.220,440,GLL,220,220,25245792.00,289292.00,16384,19,true,true,OK
gamma2,org,bb_bbba.220,440,RNGLR,220,220,11237687.50,47812.50,16384,20,true,true,OK
gamma2,org,bb_bbba.220,440,BRNGLR,220,220,14066667.00,99584.00,16384,20,true,true,OK
gamma2,org,bb_bbba.222,444,Leo,222,222,275125.00,1000.00,16384,20,true,true,OK
gamma2,org,bb_bbba.222,444,GLL,222,222,25610833.00,144145.50,16384,20,true,true,OK
gamma2,org,bb_bbba.222,444,RNGLR,222,222,11555958.50,138688.00,16384,20,true,true,OK
gamma2,org,bb_bbba.222,444,BRNGLR,222,222,14424791.50,182271.50,16384,20,true,true,OK
gamma2,org,bb_bbba.224,448,Leo,224,224,286396.00,5313.00,16384,20,true,true,OK
gamma2,org,bb_bbba.224,448,GLL,224,224,26131250.00,260875.00,16384,19,true,true,OK
gamma2,org,bb_bbba.224,448,RNGLR,224,224,11675999.50,32646.00,16384,20,true,true,OK
gamma2,org,bb_bbba.224,448,BRNGLR,224,224,14541208.50,142104.50,16384,20,true,true,OK
gamma2,org,bb_bbba.226,452,Leo,226,226,286437.50,6374.50,16384,20,true,true,OK
gamma2,org,bb_bbba.226,452,GLL,226,226,28092646.00,214208.00,16384,18,true,true,OK
gamma2,org,bb_bbba.226,452,RNGLR,226,226,11884500.00,86541.50,16384,20,true,true,OK
gamma2,org,bb_bbba.226,452,BRNGLR,226,226,15421875.00,540625.00,16384,20,true,true,OK
gamma2,org,bb_bbba.228,456,Leo,228,228,295396.00,13104.50,16384,20,true,true,OK
gamma2,org,bb_bbba.228,456,GLL,228,228,28810646.00,220146.00,81920,18,true,true,OK
gamma2,org,bb_bbba.228,456,RNGLR,228,228,12119500.50,45834.00,16384,20,true,true,OK
gamma2,org,bb_bbba.228,456,BRNGLR,228,228,15275333.50,222875.50,32768,20,true,true,OK
gamma2,org,bb_bbba.230,460,Leo,230,230,304541.50,6333.50,16384,20,true,true,OK
gamma2,org,bb_bbba.230,460,GLL,230,230,29480271.00,371042.50,16384,16,true,true,OK
gamma2,org,bb_bbba.230,460,RNGLR,230,230,12388375.50,105333.00,16384,20,true,true,OK
gamma2,org,bb_bbba.230,460,BRNGLR,230,230,15627083.50,303125.50,16384,20,true,true,OK
gamma2,org,bb_bbba.232,464,Leo,232,232,286083.50,708.50,16384,20,true,true,OK
gamma2,org,bb_bbba.232,464,GLL,232,232,28279896.00,581854.00,737280,18,true,true,OK
gamma2,org,bb_bbba.232,464,RNGLR,232,232,12542624.50,38083.50,16384,20,true,true,OK
gamma2,org,bb_bbba.232,464,BRNGLR,232,232,15977166.00,229604.50,16384,20,true,true,OK
gamma2,org,bb_bbba.234,468,Leo,234,234,293895.50,5166.50,16384,20,true,true,OK
gamma2,org,bb_bbba.234,468,GLL,234,234,29038208.50,603666.50,11190272,18,true,true,OK
gamma2,org,bb_bbba.234,468,RNGLR,234,234,12829500.00,92854.00,16384,20,true,true,OK
gamma2,org,bb_bbba.234,468,BRNGLR,234,234,16502333.50,352999.50,32768,20,true,true,OK
gamma2,org,bb_bbba.236,472,Leo,236,236,301083.50,3437.50,49152,20,true,true,OK
gamma2,org,bb_bbba.236,472,GLL,236,236,30196834.00,1186542.00,9371648,17,true,true,OK
gamma2,org,bb_bbba.236,472,RNGLR,236,236,13017021.00,60125.00,16384,20,true,true,OK
gamma2,org,bb_bbba.236,472,BRNGLR,236,236,16719937.50,173458.50,16384,20,true,true,OK
gamma2,org,bb_bbba.238,476,Leo,238,238,296375.00,3229.50,16384,20,true,true,OK
gamma2,org,bb_bbba.238,476,GLL,238,238,30114583.00,549333.00,16384,17,true,true,OK
gamma2,org,bb_bbba.238,476,RNGLR,238,238,13192041.50,77750.50,16384,20,true,true,OK
gamma2,org,bb_bbba.238,476,BRNGLR,238,238,16570416.50,75978.50,16384,20,true,true,OK
gamma2,org,bb_bbba.240,480,Leo,240,240,297666.50,2250.00,16384,20,true,true,OK
gamma2,org,bb_bbba.240,480,GLL,240,240,30506416.00,280708.00,16384,17,true,true,OK
gamma2,org,bb_bbba.240,480,RNGLR,240,240,13465604.50,64063.00,16384,20,true,true,OK
gamma2,org,bb_bbba.240,480,BRNGLR,240,240,16912542.00,98084.00,16384,20,true,true,OK
gamma2,org,bb_bbba.242,484,Leo,242,242,305104.00,6500.00,16384,20,true,true,OK
gamma2,org,bb_bbba.242,484,GLL,242,242,32742354.00,1450062.50,212992,16,true,true,OK
gamma2,org,bb_bbba.242,484,RNGLR,242,242,13691479.50,57105.00,16384,20,true,true,OK
gamma2,org,bb_bbba.242,484,BRNGLR,242,242,17520229.00,197708.00,16384,20,true,true,OK
gamma2,org,bb_bbba.244,488,Leo,244,244,302791.50,3312.50,16384,20,true,true,OK
gamma2,org,bb_bbba.244,488,GLL,244,244,32043729.00,535562.50,16384,16,true,true,OK
gamma2,org,bb_bbba.244,488,RNGLR,244,244,13923771.00,81396.50,16384,20,true,true,OK
gamma2,org,bb_bbba.244,488,BRNGLR,244,244,17795687.00,259083.50,16384,20,true,true,OK
gamma2,org,bb_bbba.246,492,Leo,246,246,313250.00,8083.50,16384,20,true,true,OK
gamma2,org,bb_bbba.246,492,GLL,246,246,33493500.00,1311833.00,16384,15,true,true,OK
gamma2,org,bb_bbba.246,492,RNGLR,246,246,14192521.00,66437.00,16384,20,true,true,OK
gamma2,org,bb_bbba.246,492,BRNGLR,246,246,18001916.50,231708.50,16384,20,true,true,OK
gamma2,org,bb_bbba.248,496,Leo,248,248,311271.00,2792.00,16384,20,true,true,OK
gamma2,org,bb_bbba.248,496,GLL,248,248,34633750.00,515291.00,5259264,15,true,true,OK
gamma2,org,bb_bbba.248,496,RNGLR,248,248,14390541.50,49666.50,16384,20,true,true,OK
gamma2,org,bb_bbba.248,496,BRNGLR,248,248,18206083.50,109270.50,16384,20,true,true,OK
gamma2,org,bb_bbba.250,500,Leo,250,250,309167.00,2729.50,16384,20,true,true,OK
gamma2,org,bb_bbba.250,500,GLL,250,250,34902708.00,314417.00,5259264,15,true,true,OK
gamma2,org,bb_bbba.250,500,RNGLR,250,250,14746354.00,130646.00,16384,20,true,true,OK
gamma2,org,bb_bbba.250,500,BRNGLR,250,250,18851083.50,233229.00,16384,20,true,true,OK
gamma2,org,bb_bbba.252,504,Leo,252,252,314625.00,4083.50,16384,20,true,true,OK
gamma2,org,bb_bbba.252,504,GLL,252,252,35741625.00,314625.00,5259264,14,true,true,OK
gamma2,org,bb_bbba.252,504,RNGLR,252,252,14886542.00,68604.00,16384,20,true,true,OK
gamma2,org,bb_bbba.252,504,BRNGLR,252,252,19158374.50,328750.50,16384,20,true,true,OK
gamma2,org,bb_bbba.254,508,Leo,254,254,318937.50,4520.50,16384,20,true,true,OK
gamma2,org,bb_bbba.254,508,GLL,254,254,36322750.00,220395.50,5259264,14,true,true,OK
gamma2,org,bb_bbba.254,508,RNGLR,254,254,15134708.50,40417.00,16384,20,true,true,OK
gamma2,org,bb_bbba.254,508,BRNGLR,254,254,19447521.00,345708.50,16384,20,true,true,OK
gamma2,org,bb_bbba.256,512,Leo,256,256,321188.00,5666.50,16384,20,true,true,OK
gamma2,org,bb_bbba.256,512,GLL,256,256,37134500.00,437812.50,5259264,14,true,true,OK
gamma2,org,bb_bbba.256,512,RNGLR,256,256,15576645.50,208562.50,32768,20,true,true,OK
gamma2,org,bb_bbba.256,512,BRNGLR,256,256,19892104.50,236167.50,32768,20,true,true,OK
gamma2,org,bb_bbba.258,516,Leo,258,258,333979.00,5687.50,16384,20,true,true,OK
gamma2,org,bb_bbba.258,516,GLL,258,258,39359334.00,621875.00,5259264,13,true,true,OK
gamma2,org,bb_bbba.258,516,RNGLR,258,258,15641875.00,66792.00,16384,20,true,true,OK
gamma2,org,bb_bbba.258,516,BRNGLR,258,258,20639249.50,432624.50,49152,20,true,true,OK
gamma2,org,bb_bbba.260,520,Leo,260,260,336771.00,10562.50,16384,20,true,true,OK
gamma2,org,bb_bbba.260,520,GLL,260,260,38275563.00,533500.00,5259264,14,true,true,OK
gamma2,org,bb_bbba.260,520,RNGLR,260,260,15854333.50,90208.50,16384,20,true,true,OK
gamma2,org,bb_bbba.260,520,BRNGLR,260,260,20995812.50,363875.00,16384,20,true,true,OK
gamma2,org,bb_bbba.262,524,Leo,262,262,328437.00,3812.00,16384,20,true,true,OK
gamma2,org,bb_bbba.262,524,GLL,262,262,39387042.00,604001.00,5259264,13,true,true,OK
gamma2,org,bb_bbba.262,524,RNGLR,262,262,16127104.50,115229.00,16384,20,true,true,OK
gamma2,org,bb_bbba.262,524,BRNGLR,262,262,21209875.00,312666.50,16384,20,true,true,OK
gamma2,org,bb_bbba.264,528,Leo,264,264,330208.50,3562.50,16384,20,true,true,OK
gamma2,org,bb_bbba.264,528,GLL,264,264,40513416.00,481834.00,5259264,13,true,true,OK
gamma2,org,bb_bbba.264,528,RNGLR,264,264,16496917.00,103521.50,16384,20,true,true,OK
gamma2,org,bb_bbba.264,528,BRNGLR,264,264,21615416.50,316250.00,16384,20,true,true,OK
gamma2,org,bb_bbba.266,532,Leo,266,266,329979.00,1957.50,16384,20,true,true,OK
gamma2,org,bb_bbba.266,532,GLL,266,266,41758979.00,443937.50,5259264,12,true,true,OK
gamma2,org,bb_bbba.266,532,RNGLR,266,266,16820812.50,109228.50,16384,20,true,true,OK
gamma2,org,bb_bbba.266,532,BRNGLR,266,266,22095666.00,183541.50,16384,20,true,true,OK
gamma2,org,bb_bbba.268,536,Leo,268,268,333187.50,3625.50,16384,20,true,true,OK
gamma2,org,bb_bbba.268,536,GLL,268,268,41966437.50,208833.50,5259264,12,true,true,OK
gamma2,org,bb_bbba.268,536,RNGLR,268,268,16911563.00,42666.50,16384,20,true,true,OK
gamma2,org,bb_bbba.268,536,BRNGLR,268,268,22442041.50,487895.50,32768,20,true,true,OK
gamma2,org,bb_bbba.270,540,Leo,270,270,353499.50,1958.50,16384,20,true,true,OK
gamma2,org,bb_bbba.270,540,GLL,270,270,43014646.00,197042.00,5259264,12,true,true,OK
gamma2,org,bb_bbba.270,540,RNGLR,270,270,17261041.50,109812.00,16384,20,true,true,OK
gamma2,org,bb_bbba.270,540,BRNGLR,270,270,22839479.00,288229.00,16384,20,true,true,OK
gamma2,org,bb_bbba.272,544,Leo,272,272,339500.00,2541.50,16384,20,true,true,OK
gamma2,org,bb_bbba.272,544,GLL,272,272,44862771.00,762792.00,5259264,12,true,true,OK
gamma2,org,bb_bbba.272,544,RNGLR,272,272,17420854.50,46208.50,16384,20,true,true,OK
gamma2,org,bb_bbba.272,544,BRNGLR,272,272,23225917.00,344458.50,16384,20,true,true,OK
gamma2,org,bb_bbba.274,548,Leo,274,274,341250.50,3271.00,16384,20,true,true,OK
gamma2,org,bb_bbba.274,548,GLL,274,274,48698417.00,726375.00,17186816,11,true,true,OK
gamma2,org,bb_bbba.274,548,RNGLR,274,274,17764417.00,97854.00,16384,20,true,true,OK
gamma2,org,bb_bbba.274,548,BRNGLR,274,274,23603604.00,428458.50,16384,20,true,true,OK
gamma2,org,bb_bbba.276,552,Leo,276,276,346729.00,6333.00,16384,20,true,true,OK
gamma2,org,bb_bbba.276,552,GLL,276,276,52553396.00,1143333.50,17383424,10,true,true,OK
gamma2,org,bb_bbba.276,552,RNGLR,276,276,18021104.00,79625.00,16384,20,true,true,OK
gamma2,org,bb_bbba.276,552,BRNGLR,276,276,24077708.50,282771.00,32768,20,true,true,OK
gamma2,org,bb_bbba.278,556,Leo,278,278,352500.00,8041.50,16384,20,true,true,OK
gamma2,org,bb_bbba.278,556,GLL,278,278,52580000.00,395562.50,6864896,10,true,true,OK
gamma2,org,bb_bbba.278,556,RNGLR,278,278,18239208.00,67999.50,16384,20,true,true,OK
gamma2,org,bb_bbba.278,556,BRNGLR,278,278,24380687.50,370500.00,32768,20,true,true,OK
gamma2,org,bb_bbba.280,560,Leo,280,280,352291.50,4812.50,16384,20,true,true,OK
gamma2,org,bb_bbba.280,560,GLL,280,280,53130854.50,213791.50,6635520,10,true,true,OK
gamma2,org,bb_bbba.280,560,RNGLR,280,280,18540041.50,71146.00,16384,20,true,true,OK
gamma2,org,bb_bbba.280,560,BRNGLR,280,280,25042458.00,309979.00,16384,20,true,true,OK
gamma2,org,bb_bbba.282,564,Leo,282,282,351000.00,2562.50,16384,20,true,true,OK
gamma2,org,bb_bbba.282,564,GLL,282,282,55110645.50,805750.00,6242304,10,true,true,OK
gamma2,org,bb_bbba.282,564,RNGLR,282,282,18786958.00,73249.50,16384,20,true,true,OK
gamma2,org,bb_bbba.282,564,BRNGLR,282,282,25179625.00,220646.00,49152,20,true,true,OK
gamma2,org,bb_bbba.284,568,Leo,284,284,357750.00,4021.00,16384,20,true,true,OK
gamma2,org,bb_bbba.284,568,GLL,284,284,55504583.00,648521.00,6176768,10,true,true,OK
gamma2,org,bb_bbba.284,568,RNGLR,284,284,19153041.50,119250.50,16384,20,true,true,OK
gamma2,org,bb_bbba.284,568,BRNGLR,284,284,25585166.50,392396.00,16384,20,true,true,OK
gamma2,org,bb_bbba.286,572,Leo,286,286,356604.00,1583.50,16384,20,true,true,OK
gamma2,org,bb_bbba.286,572,GLL,286,286,58334020.50,581020.50,8912896,10,true,true,OK
gamma2,org,bb_bbba.286,572,RNGLR,286,286,19439916.50,119375.00,16384,20,true,true,OK
gamma2,org,bb_bbba.286,572,BRNGLR,286,286,26186520.50,369395.00,16384,20,true,true,OK
gamma2,org,bb_bbba.288,576,Leo,288,288,360521.00,2458.50,16384,20,true,true,OK
gamma2,org,bb_bbba.288,576,GLL,288,288,59670292.00,708437.50,8896512,10,true,true,OK
gamma2,org,bb_bbba.288,576,RNGLR,288,288,19600729.50,65770.50,16384,20,true,true,OK
gamma2,org,bb_bbba.288,576,BRNGLR,288,288,26530625.00,233000.00,16384,19,true,true,OK
gamma2,org,bb_bbba.290,580,Leo,290,290,362895.50,3208.00,16384,20,true,true,OK
gamma2,org,bb_bbba.290,580,GLL,290,290,60099666.50,349479.00,8880128,10,true,true,OK
gamma2,org,bb_bbba.290,580,RNGLR,290,290,19989312.50,53396.00,16384,20,true,true,OK
gamma2,org,bb_bbba.290,580,BRNGLR,290,290,26858500.00,268625.00,16384,19,true,true,OK
gamma2,org,bb_bbba.292,584,Leo,292,292,367854.00,5583.50,16384,20,true,true,OK
gamma2,org,bb_bbba.292,584,GLL,292,292,63835083.00,1563021.50,8847360,10,true,true,OK
gamma2,org,bb_bbba.292,584,RNGLR,292,292,20238458.50,71104.50,16384,20,true,true,OK
gamma2,org,bb_bbba.292,584,BRNGLR,292,292,27355417.00,272291.00,16384,19,true,true,OK
gamma2,org,bb_bbba.294,588,Leo,294,294,364875.00,2333.50,16384,20,true,true,OK
gamma2,org,bb_bbba.294,588,GLL,294,294,57475521.00,978021.00,24510464,10,true,true,OK
gamma2,org,bb_bbba.294,588,RNGLR,294,294,20537083.50,81708.50,16384,20,true,true,OK
gamma2,org,bb_bbba.294,588,BRNGLR,294,294,27877146.00,275646.00,114688,18,true,true,OK
gamma2,org,bb_bbba.296,592,Leo,296,296,398500.00,10104.50,16384,20,true,true,OK
gamma2,org,bb_bbba.296,592,GLL,296,296,59313521.00,2457104.00,28622848,10,true,true,OK
gamma2,org,bb_bbba.296,592,RNGLR,296,296,20798458.50,86708.50,16384,20,true,true,OK
gamma2,org,bb_bbba.296,592,BRNGLR,296,296,28358312.50,292646.00,16384,18,true,true,OK
gamma2,org,bb_bbba.298,596,Leo,298,298,380249.50,5187.00,16384,20,true,true,OK
gamma2,org,bb_bbba.298,596,GLL,298,298,58254062.50,806500.00,23904256,10,true,true,OK
gamma2,org,bb_bbba.298,596,RNGLR,298,298,21018479.00,77146.00,16384,20,true,true,OK
gamma2,org,bb_bbba.298,596,BRNGLR,298,298,28614499.50,303520.00,16384,18,true,true,OK
gamma2,org,bb_bbba.300,600,Leo,300,300,405667.00,13667.00,16384,20,true,true,OK
gamma2,org,bb_bbba.300,600,GLL,300,300,61598604.50,2028333.50,16384,10,true,true,OK
gamma2,org,bb_bbba.300,600,RNGLR,300,300,21375146.00,124313.00,16384,20,true,true,OK
gamma2,org,bb_bbba.300,600,BRNGLR,300,300,29161500.00,302792.00,16384,18,true,true,OK
gamma2,org,bb_bbba.302,604,Leo,302,302,381062.50,2771.00,16384,20,true,true,OK
gamma2,org,bb_bbba.302,604,GLL,302,302,61957791.50,1799375.00,4227072,10,true,true,OK
gamma2,org,bb_bbba.302,604,RNGLR,302,302,21709250.00,171417.00,16384,20,true,true,OK
gamma2,org,bb_bbba.302,604,BRNGLR,302,302,29688875.00,265458.00,16384,17,true,true,OK
gamma2,org,bb_bbba.304,608,Leo,304,304,389750.00,3938.00,16384,20,true,true,OK
gamma2,org,bb_bbba.304,608,GLL,304,304,63945520.50,1310021.00,14172160,10,true,true,OK
gamma2,org,bb_bbba.304,608,RNGLR,304,304,21980771.00,86646.00,16384,20,true,true,OK
gamma2,org,bb_bbba.304,608,BRNGLR,304,304,30004417.00,228708.00,131072,17,true,true,OK
gamma2,org,bb_bbba.306,612,Leo,306,306,390958.00,4333.00,16384,20,true,true,OK
gamma2,org,bb_bbba.306,612,GLL,306,306,65426645.50,2372896.00,23379968,10,true,true,OK
gamma2,org,bb_bbba.306,612,RNGLR,306,306,22305729.50,97646.00,16384,20,true,true,OK
gamma2,org,bb_bbba.306,612,BRNGLR,306,306,30499334.00,242043.00,16384,17,true,true,OK
gamma2,org,bb_bbba.308,616,Leo,308,308,393521.00,5938.00,16384,20,true,true,OK
gamma2,org,bb_bbba.308,616,GLL,308,308,63766438.00,1270000.00,26312704,10,true,true,OK
gamma2,org,bb_bbba.308,616,RNGLR,308,308,22665479.50,190937.00,16384,20,true,true,OK
gamma2,org,bb_bbba.308,616,BRNGLR,308,308,31034500.00,229583.00,16384,17,true,true,OK
gamma2,org,bb_bbba.310,620,Leo,310,310,398020.50,4416.00,16384,20,true,true,OK
gamma2,org,bb_bbba.310,620,GLL,310,310,64956104.00,1173313.00,26640384,10,true,true,OK
gamma2,org,bb_bbba.310,620,RNGLR,310,310,22878083.50,103937.50,16384,20,true,true,OK
gamma2,org,bb_bbba.310,620,BRNGLR,310,310,31453354.00,94312.00,16384,16,true,true,OK
gamma2,org,bb_bbba.312,624,Leo,312,312,403021.00,8417.00,16384,20,true,true,OK
gamma2,org,bb_bbba.312,624,GLL,312,312,66010292.00,1190479.50,2375680,10,true,true,OK
gamma2,org,bb_bbba.312,624,RNGLR,312,312,23251958.00,204687.50,16384,20,true,true,OK
gamma2,org,bb_bbba.312,624,BRNGLR,312,312,31886687.50,86292.00,16384,16,true,true,OK
gamma2,org,bb_bbba.314,628,Leo,314,314,400750.00,5167.00,16384,20,true,true,OK
gamma2,org,bb_bbba.314,628,GLL,314,314,68981333.50,1165708.00,12894208,10,true,true,OK
gamma2,org,bb_bbba.314,628,RNGLR,314,314,23551749.50,84333.50,16384,20,true,true,OK
gamma2,org,bb_bbba.314,628,BRNGLR,314,314,32784583.50,244542.00,16384,16,true,true,OK
gamma2,org,bb_bbba.316,632,Leo,316,316,404999.50,4208.50,16384,20,true,true,OK
gamma2,org,bb_bbba.316,632,GLL,316,316,67965375.00,1372666.50,16384,10,true,true,OK
gamma2,org,bb_bbba.316,632,RNGLR,316,316,23839624.50,114979.00,16384,20,true,true,OK
gamma2,org,bb_bbba.316,632,BRNGLR,316,316,33015229.00,64062.50,114688,16,true,true,OK
gamma2,org,bb_bbba.318,636,Leo,318,318,417104.00,8604.00,16384,20,true,true,OK
gamma2,org,bb_bbba.318,636,GLL,318,318,69814374.50,1399895.50,2277376,10,true,true,OK
gamma2,org,bb_bbba.318,636,RNGLR,318,318,24159395.50,74312.50,16384,20,true,true,OK
gamma2,org,bb_bbba.318,636,BRNGLR,318,318,33503333.00,92167.00,16384,15,true,true,OK
gamma2,org,bb_bbba.320,640,Leo,320,320,408229.00,5104.00,16384,20,true,true,OK
gamma2,org,bb_bbba.320,640,GLL,320,320,70653125.00,833250.00,2473984,10,true,true,OK
gamma2,org,bb_bbba.320,640,RNGLR,320,320,24404895.50,39000.00,16384,20,true,true,OK
gamma2,org,bb_bbba.320,640,BRNGLR,320,320,33814125.00,312375.00,16384,15,true,true,OK
gamma2,org,bb_bbba.322,644,Leo,322,322,412375.00,5563.00,16384,20,true,true,OK
gamma2,org,bb_bbba.322,644,GLL,322,322,72083396.00,1400771.00,0,10,true,true,OK
gamma2,org,bb_bbba.322,644,RNGLR,322,322,24691833.00,116270.50,16384,20,true,true,OK
gamma2,org,bb_bbba.322,644,BRNGLR,322,322,34234958.00,244501.00,16384,15,true,true,OK
gamma2,org,bb_bbba.324,648,Leo,324,324,408875.50,1708.00,16384,20,true,true,OK
gamma2,org,bb_bbba.324,648,GLL,324,324,75277375.00,2709625.50,16384,10,true,true,OK
gamma2,org,bb_bbba.324,648,RNGLR,324,324,25091604.00,81020.50,16384,20,true,true,OK
gamma2,org,bb_bbba.324,648,BRNGLR,324,324,34711333.00,98624.00,16384,15,true,true,OK
gamma2,org,bb_bbba.326,652,Leo,326,326,412000.00,3562.00,16384,20,true,true,OK
gamma2,org,bb_bbba.326,652,GLL,326,326,78641083.00,1062562.00,20758528,10,true,true,OK
gamma2,org,bb_bbba.326,652,RNGLR,326,326,25650167.00,242500.00,16384,18,true,true,OK
gamma2,org,bb_bbba.326,652,BRNGLR,326,326,35298125.00,282791.00,114688,15,true,true,OK
gamma2,org,bb_bbba.328,656,Leo,328,328,420583.00,7416.50,16384,20,true,true,OK
gamma2,org,bb_bbba.328,656,GLL,328,328,80096333.00,637458.00,8437760,10,true,true,OK
gamma2,org,bb_bbba.328,656,RNGLR,328,328,25894874.50,141978.50,16384,20,true,true,OK
gamma2,org,bb_bbba.328,656,BRNGLR,328,328,35797500.00,162958.00,16384,14,true,true,OK
gamma2,org,bb_bbba.330,660,Leo,330,330,421166.50,3499.50,16384,20,true,true,OK
gamma2,org,bb_bbba.330,660,GLL,330,330,81357291.50,811666.50,8404992,10,true,true,OK
gamma2,org,bb_bbba.330,660,RNGLR,330,330,26227875.00,253417.00,16384,19,true,true,OK
gamma2,org,bb_bbba.330,660,BRNGLR,330,330,36415479.00,410083.50,16384,14,true,true,OK
gamma2,org,bb_bbba.332,664,Leo,332,332,420354.00,1145.50,16384,20,true,true,OK
gamma2,org,bb_bbba.332,664,GLL,332,332,82414291.50,1012145.00,8388608,10,true,true,OK
gamma2,org,bb_bbba.332,664,RNGLR,332,332,26482625.00,89083.00,16384,19,true,true,OK
gamma2,org,bb_bbba.332,664,BRNGLR,332,332,36806687.00,272917.00,16384,14,true,true,OK
gamma2,org,bb_bbba.334,668,Leo,334,334,422583.00,1874.50,16384,20,true,true,OK
gamma2,org,bb_bbba.334,668,GLL,334,334,83068479.00,616895.50,2457600,10,true,true,OK
gamma2,org,bb_bbba.334,668,RNGLR,334,334,26743292.00,79167.00,16384,19,true,true,OK
gamma2,org,bb_bbba.334,668,BRNGLR,334,334,37308771.50,325937.50,16384,14,true,true,OK
gamma2,org,bb_bbba.336,672,Leo,336,336,432374.50,8187.50,16384,20,true,true,OK
gamma2,org,bb_bbba.336,672,GLL,336,336,87136938.00,1977667.00,8339456,10,true,true,OK
gamma2,org,bb_bbba.336,672,RNGLR,336,336,27091417.00,102584.00,16384,19,true,true,OK
gamma2,org,bb_bbba.336,672,BRNGLR,336,336,37783583.50,269729.50,131072,14,true,true,OK
gamma2,org,bb_bbba.338,676,Leo,338,338,427354.50,1666.50,16384,20,true,true,OK
gamma2,org,bb_bbba.338,676,GLL,338,338,85469250.00,814875.00,8306688,10,true,true,OK
gamma2,org,bb_bbba.338,676,RNGLR,338,338,27490625.00,147875.00,16384,19,true,true,OK
gamma2,org,bb_bbba.338,676,BRNGLR,338,338,38267458.00,265062.00,32768,14,true,true,OK
gamma2,org,bb_bbba.340,680,Leo,340,340,460187.50,10895.50,16384,20,true,true,OK
gamma2,org,bb_bbba.340,680,GLL,340,340,87525208.00,1299874.50,8290304,10,true,true,OK
gamma2,org,bb_bbba.340,680,RNGLR,340,340,27876562.50,76145.50,16384,18,true,true,OK
gamma2,org,bb_bbba.340,680,BRNGLR,340,340,39199541.00,387500.00,16384,13,true,true,OK
gamma2,org,bb_bbba.342,684,Leo,342,342,443979.00,5687.50,16384,20,true,true,OK
gamma2,org,bb_bbba.342,684,GLL,342,342,85445541.50,1486145.50,17367040,10,true,true,OK
gamma2,org,bb_bbba.342,684,RNGLR,342,342,28222354.00,109833.00,16384,18,true,true,OK
gamma2,org,bb_bbba.342,684,BRNGLR,342,342,39410666.00,111916.00,16384,13,true,true,OK
gamma2,org,bb_bbba.344,688,Leo,344,344,440667.00,3271.00,16384,20,true,true,OK
gamma2,org,bb_bbba.344,688,GLL,344,344,88840375.00,2216792.00,36372480,10,true,true,OK
gamma2,org,bb_bbba.344,688,RNGLR,344,344,28657750.00,190042.00,16384,15,true,true,OK
gamma2,org,bb_bbba.344,688,BRNGLR,344,344,40136416.00,405916.00,16384,13,true,true,OK
gamma2,org,bb_bbba.346,692,Leo,346,346,437812.50,4021.00,16384,20,true,true,OK
gamma2,org,bb_bbba.346,692,GLL,346,346,96028063.00,2169208.50,36765696,10,true,true,OK
gamma2,org,bb_bbba.346,692,RNGLR,346,346,28960625.00,174354.50,16384,18,true,true,OK
gamma2,org,bb_bbba.346,692,BRNGLR,346,346,40377125.00,182541.00,49152,13,true,true,OK
gamma2,org,bb_bbba.348,696,Leo,348,348,447166.50,9208.50,16384,20,true,true,OK
gamma2,org,bb_bbba.348,696,GLL,348,348,98151250.00,839583.50,37519360,10,true,true,OK
gamma2,org,bb_bbba.348,696,RNGLR,348,348,29193875.50,110959.50,16384,18,true,true,OK
gamma2,org,bb_bbba.348,696,BRNGLR,348,348,41057959.00,140834.00,163840,13,true,true,OK
gamma2,org,bb_bbba.350,700,Leo,350,350,447854.50,8000.00,16384,20,true,true,OK
gamma2,org,bb_bbba.350,700,GLL,350,350,100056729.50,1230499.50,1130496,10,true,true,OK
gamma2,org,bb_bbba.350,700,RNGLR,350,350,29694167.00,172167.00,16384,17,true,true,OK
gamma2,org,bb_bbba.350,700,BRNGLR,350,350,41432792.00,134542.00,32768,13,true,true,OK
gamma2,org,bb_bbba.352,704,Leo,352,352,453562.50,5250.00,16384,20,true,true,OK
gamma2,org,bb_bbba.352,704,GLL,352,352,102649833.00,991021.50,10420224,10,true,true,OK
gamma2,org,bb_bbba.352,704,RNGLR,352,352,29988708.00,84708.00,16384,17,true,true,OK
gamma2,org,bb_bbba.352,704,BRNGLR,352,352,42166479.00,196479.00,16384,12,true,true,OK
gamma2,org,bb_bbba.354,708,Leo,354,354,453416.50,3708.50,16384,20,true,true,OK
gamma2,org,bb_bbba.354,708,GLL,354,354,103197583.50,1091895.50,13533184,10,true,true,OK
gamma2,org,bb_bbba.354,708,RNGLR,354,354,30390917.00,166584.00,16384,17,true,true,OK
gamma2,org,bb_bbba.354,708,BRNGLR,354,354,42678979.00,280729.00,16384,12,true,true,OK
gamma2,org,bb_bbba.356,712,Leo,356,356,453499.50,3708.00,16384,20,true,true,OK
gamma2,org,bb_bbba.356,712,GLL,356,356,103424812.50,1183896.00,5668864,10,true,true,OK
gamma2,org,bb_bbba.356,712,RNGLR,356,356,30740208.00,197916.00,16384,17,true,true,OK
gamma2,org,bb_bbba.356,712,BRNGLR,356,356,42960937.00,144978.50,16384,12,true,true,OK
gamma2,org,bb_bbba.358,716,Leo,358,358,462979.00,10687.50,16384,20,true,true,OK
gamma2,org,bb_bbba.358,716,GLL,358,358,105315500.00,1420895.50,16384,10,true,true,OK
gamma2,org,bb_bbba.358,716,RNGLR,358,358,31082167.00,64376.00,16384,17,true,true,OK
gamma2,org,bb_bbba.358,716,BRNGLR,358,358,43580916.50,187603.50,16384,12,true,true,OK
gamma2,org,bb_bbba.360,720,Leo,360,360,476708.50,22312.50,16384,20,true,true,OK
gamma2,org,bb_bbba.360,720,GLL,360,360,106186792.00,1278125.00,8175616,10,true,true,OK
gamma2,org,bb_bbba.360,720,RNGLR,360,360,31416666.00,87374.00,16384,16,true,true,OK
gamma2,org,bb_bbba.360,720,BRNGLR,360,360,44064000.00,151083.50,16384,12,true,true,OK
gamma2,org,bb_bbba.362,724,Leo,362,362,459854.50,2688.00,16384,20,true,true,OK
gamma2,org,bb_bbba.362,724,GLL,362,362,118166250.00,1455958.50,42237952,10,true,true,OK
gamma2,org,bb_bbba.362,724,RNGLR,362,362,31902020.50,139937.50,16384,16,true,true,OK
gamma2,org,bb_bbba.362,724,BRNGLR,362,362,44666208.50,232666.50,16384,12,true,true,OK
gamma2,org,bb_bbba.364,728,Leo,364,364,467833.50,8187.50,16384,20,true,true,OK
gamma2,org,bb_bbba.364,728,GLL,364,364,118507708.50,4588645.50,3686400,10,true,true,OK
gamma2,org,bb_bbba.364,728,RNGLR,364,364,32202791.50,104166.50,16384,16,true,true,OK
gamma2,org,bb_bbba.364,728,BRNGLR,364,364,45481250.00,133417.00,131072,11,true,true,OK
gamma2,org,bb_bbba.366,732,Leo,366,366,471396.00,7978.50,16384,20,true,true,OK
gamma2,org,bb_bbba.366,732,GLL,366,366,116927625.00,2664833.00,53690368,10,true,true,OK
gamma2,org,bb_bbba.366,732,RNGLR,366,366,32783916.00,312124.00,16384,15,true,true,OK
gamma2,org,bb_bbba.366,732,BRNGLR,366,366,46945000.00,268917.00,3260416,11,true,true,OK
gamma2,org,bb_bbba.368,736,Leo,368,368,469625.00,2937.50,16384,20,true,true,OK
gamma2,org,bb_bbba.368,736,GLL,368,368,116372854.00,3827146.00,62914560,10,true,true,OK
gamma2,org,bb_bbba.368,736,RNGLR,368,368,32941396.00,92541.50,16384,16,true,true,OK
gamma2,org,bb_bbba.368,736,BRNGLR,368,368,47060084.00,97374.00,3260416,11,true,true,OK
gamma2,org,bb_bbba.370,740,Leo,370,370,475042.00,4396.00,16384,20,true,true,OK
gamma2,org,bb_bbba.370,740,GLL,370,370,128571416.50,3504146.00,16384,10,true,true,OK
gamma2,org,bb_bbba.370,740,RNGLR,370,370,33280542.00,52750.00,16384,15,true,true,OK
gamma2,org,bb_bbba.370,740,BRNGLR,370,370,47495959.00,468708.00,32768,11,true,true,OK
gamma2,org,bb_bbba.372,744,Leo,372,372,473771.00,3812.50,16384,20,true,true,OK
gamma2,org,bb_bbba.372,744,GLL,372,372,123950812.50,4568313.00,55934976,10,true,true,OK
gamma2,org,bb_bbba.372,744,RNGLR,372,372,33660542.00,117125.00,16384,15,true,true,OK
gamma2,org,bb_bbba.372,744,BRNGLR,372,372,48035250.00,498062.00,16384,10,true,true,OK
gamma2,org,bb_bbba.374,748,Leo,374,374,476521.00,2562.50,16384,20,true,true,OK
gamma2,org,bb_bbba.374,748,GLL,374,374,125927167.00,3109583.00,20987904,10,true,true,OK
gamma2,org,bb_bbba.374,748,RNGLR,374,374,34271375.00,260292.00,16384,15,true,true,OK
gamma2,org,bb_bbba.374,748,BRNGLR,374,374,48363583.00,248291.00,3375104,11,true,true,OK
gamma2,org,bb_bbba.376,752,Leo,376,376,483437.50,6666.50,16384,20,true,true,OK
gamma2,org,bb_bbba.376,752,GLL,376,376,133150729.50,1740292.00,63553536,10,true,true,OK
gamma2,org,bb_bbba.376,752,RNGLR,376,376,34394958.00,125500.00,16384,15,true,true,OK
gamma2,org,bb_bbba.376,752,BRNGLR,376,376,49392417.00,186042.00,3522560,11,true,true,OK
gamma2,org,bb_bbba.378,756,Leo,378,378,485583.00,4521.00,16384,20,true,true,OK
gamma2,org,bb_bbba.378,756,GLL,378,378,134262396.00,3643270.50,21889024,10,true,true,OK
gamma2,org,bb_bbba.378,756,RNGLR,378,378,34753083.00,130375.00,16384,15,true,true,OK
gamma2,org,bb_bbba.378,756,BRNGLR,378,378,49966458.00,144062.50,3440640,10,true,true,OK
gamma2,org,bb_bbba.380,760,Leo,380,380,492500.00,8083.50,16384,20,true,true,OK
gamma2,org,bb_bbba.380,760,GLL,380,380,143697291.50,4968958.50,21889024,10,true,true,OK
gamma2,org,bb_bbba.380,760,RNGLR,380,380,35352708.00,86792.00,16384,15,true,true,OK
gamma2,org,bb_bbba.380,760,BRNGLR,380,380,50481000.00,193541.50,114688,10,true,true,OK
gamma2,org,bb_bbba.382,764,Leo,382,382,491479.50,3396.50,16384,20,true,true,OK
gamma2,org,bb_bbba.382,764,GLL,382,382,137374208.50,1684646.00,20987904,10,true,true,OK
gamma2,org,bb_bbba.382,764,RNGLR,382,382,35795479.50,208646.50,16384,14,true,true,OK
gamma2,org,bb_bbba.382,764,BRNGLR,382,382,51142625.00,196729.00,16384,10,true,true,OK
gamma2,org,bb_bbba.384,768,Leo,384,384,486958.00,5478.50,16384,20,true,true,OK
gamma2,org,bb_bbba.384,768,GLL,384,384,138295062.50,3329688.00,20987904,10,true,true,OK
gamma2,org,bb_bbba.384,768,RNGLR,384,384,36036104.50,145771.50,16384,14,true,true,OK
gamma2,org,bb_bbba.384,768,BRNGLR,384,384,51719604.00,89270.50,3162112,10,true,true,OK
gamma2,org,bb_bbba.386,772,Leo,386,386,495937.00,4208.50,16384,20,true,true,OK
gamma2,org,bb_bbba.386,772,GLL,386,386,136100250.00,2605020.50,61341696,10,true,true,OK
gamma2,org,bb_bbba.386,772,RNGLR,386,386,36455292.00,107187.50,16384,14,true,true,OK
gamma2,org,bb_bbba.386,772,BRNGLR,386,386,52095604.50,104958.50,32768,10,true,true,OK
gamma2,org,bb_bbba.388,776,Leo,388,388,498708.50,6708.50,16384,20,true,true,OK
gamma2,org,bb_bbba.388,776,GLL,388,388,142396083.50,2328103.50,35553280,10,true,true,OK
gamma2,org,bb_bbba.388,776,RNGLR,388,388,36704813.00,100479.50,16384,14,true,true,OK
gamma2,org,bb_bbba.388,776,BRNGLR,388,388,52962958.50,275624.50,32768,10,true,true,OK
gamma2,org,bb_bbba.390,780,Leo,390,390,497437.50,5041.50,16384,20,true,true,OK
gamma2,org,bb_bbba.390,780,GLL,390,390,146171562.50,1249708.00,20987904,10,true,true,OK
gamma2,org,bb_bbba.390,780,RNGLR,390,390,37234812.50,84813.00,16384,14,true,true,OK
gamma2,org,bb_bbba.390,780,BRNGLR,390,390,53386687.50,113416.50,16384,10,true,true,OK
gamma2,org,bb_bbba.392,784,Leo,392,392,506583.50,8917.50,16384,20,true,true,OK
gamma2,org,bb_bbba.392,784,GLL,392,392,148768541.50,1812583.00,20987904,10,true,true,OK
gamma2,org,bb_bbba.392,784,RNGLR,392,392,37886667.00,305917.00,16384,13,true,true,OK
gamma2,org,bb_bbba.392,784,BRNGLR,392,392,54020458.50,233000.00,131072,10,true,true,OK
gamma2,org,bb_bbba.394,788,Leo,394,394,507104.00,7333.00,16384,20,true,true,OK
gamma2,org,bb_bbba.394,788,GLL,394,394,150355896.00,1812208.50,20987904,10,true,true,OK
gamma2,org,bb_bbba.394,788,RNGLR,394,394,37974896.00,117729.00,16384,14,true,true,OK
gamma2,org,bb_bbba.394,788,BRNGLR,394,394,54682459.00,278459.00,16384,10,true,true,OK
gamma2,org,bb_bbba.396,792,Leo,396,396,496542.00,2896.00,16384,20,true,true,OK
gamma2,org,bb_bbba.396,792,GLL,396,396,152637916.50,2204562.50,20987904,10,true,true,OK
gamma2,org,bb_bbba.396,792,RNGLR,396,396,38449333.00,107417.00,16384,13,true,true,OK
gamma2,org,bb_bbba.396,792,BRNGLR,396,396,55341917.00,239959.00,3883008,10,true,true,OK
gamma2,org,bb_bbba.398,796,Leo,398,398,512188.00,5771.50,16384,20,true,true,OK
gamma2,org,bb_bbba.398,796,GLL,398,398,156416833.50,1700271.00,55623680,10,true,true,OK
gamma2,org,bb_bbba.398,796,RNGLR,398,398,38729416.00,203000.00,16384,13,true,true,OK
gamma2,org,bb_bbba.398,796,BRNGLR,398,398,55897646.00,101125.00,16384,10,true,true,OK
gamma2,org,bb_bbba.400,800,Leo,400,400,513708.00,8978.50,16384,20,true,true,OK
gamma2,org,bb_bbba.400,800,GLL,400,400,158396833.50,837833.50,10502144,10,true,true,OK
gamma2,org,bb_bbba.400,800,RNGLR,400,400,39368375.00,351125.00,16384,13,true,true,OK
gamma2,org,bb_bbba.400,800,BRNGLR,400,400,56502208.00,248208.50,16384,10,true,true,OK
gamma2,org,bb_bbba.402,804,Leo,402,402,504187.50,2958.50,16384,20,true,true,OK
gamma2,org,bb_bbba.402,804,GLL,402,402,160833125.00,1734521.00,10502144,10,true,true,OK
gamma2,org,bb_bbba.402,804,RNGLR,402,402,39732708.00,223626.00,16384,13,true,true,OK
gamma2,org,bb_bbba.402,804,BRNGLR,402,402,57201791.50,279250.00,16384,10,true,true,OK
gamma2,org,bb_bbba.404,808,Leo,404,404,515229.50,4708.50,16384,20,true,true,OK
gamma2,org,bb_bbba.404,808,GLL,404,404,163029000.00,1365187.50,39288832,10,true,true,OK
gamma2,org,bb_bbba.404,808,RNGLR,404,404,40103209.00,189043.00,16384,13,true,true,OK
gamma2,org,bb_bbba.404,808,BRNGLR,404,404,57598771.00,134874.50,16384,10,true,true,OK
gamma2,org,bb_bbba.406,812,Leo,406,406,508604.00,2938.00,16384,20,true,true,OK
gamma2,org,bb_bbba.406,812,GLL,406,406,165189520.50,1344146.00,7880704,10,true,true,OK
gamma2,org,bb_bbba.406,812,RNGLR,406,406,40500583.00,118125.00,16384,13,true,true,OK
gamma2,org,bb_bbba.406,812,BRNGLR,406,406,58278375.50,244292.50,16384,10,true,true,OK
gamma2,org,bb_bbba.408,816,Leo,408,408,518791.50,9333.50,16384,20,true,true,OK
gamma2,org,bb_bbba.408,816,GLL,408,408,165599229.50,1351042.00,4718592,10,true,true,OK
gamma2,org,bb_bbba.408,816,RNGLR,408,408,40871416.00,91666.00,16384,13,true,true,OK
gamma2,org,bb_bbba.408,816,BRNGLR,408,408,58925396.00,190271.00,131072,10,true,true,OK
gamma2,org,bb_bbba.410,820,Leo,410,410,516625.00,5958.50,16384,20,true,true,OK
gamma2,org,bb_bbba.410,820,GLL,410,410,170438854.00,1759249.50,4702208,10,true,true,OK
gamma2,org,bb_bbba.410,820,RNGLR,410,410,41681292.00,427167.00,16384,12,true,true,OK
gamma2,org,bb_bbba.410,820,BRNGLR,410,410,59436625.00,117792.00,16384,10,true,true,OK
gamma2,org,bb_bbba.412,824,Leo,412,412,521291.50,6354.00,16384,20,true,true,OK
gamma2,org,bb_bbba.412,824,GLL,412,412,174323979.50,2133063.00,4669440,10,true,true,OK
gamma2,org,bb_bbba.412,824,RNGLR,412,412,41776458.50,50395.50,16384,12,true,true,OK
gamma2,org,bb_bbba.412,824,BRNGLR,412,412,60063562.00,291875.50,114688,10,true,true,OK
gamma2,org,bb_bbba.414,828,Leo,414,414,522729.00,6875.00,16384,20,true,true,OK
gamma2,org,bb_bbba.414,828,GLL,414,414,165719083.50,1598188.00,59228160,10,true,true,OK
gamma2,org,bb_bbba.414,828,RNGLR,414,414,42240708.50,95729.50,16384,12,true,true,OK
gamma2,org,bb_bbba.414,828,BRNGLR,414,414,61538083.50,771541.50,16384,10,true,true,OK
gamma2,org,bb_bbba.416,832,Leo,416,416,554687.50,12375.00,16384,20,true,true,OK
gamma2,org,bb_bbba.416,832,GLL,416,416,174264708.50,2314125.00,59719680,10,true,true,OK
gamma2,org,bb_bbba.416,832,RNGLR,416,416,42699937.00,76229.00,16384,12,true,true,OK
gamma2,org,bb_bbba.416,832,BRNGLR,416,416,61473500.00,156666.50,16384,10,true,true,OK
gamma2,org,bb_bbba.418,836,Leo,418,418,529354.00,5375.00,16384,20,true,true,OK
gamma2,org,bb_bbba.418,836,GLL,418,418,175676604.00,612125.00,2080768,10,true,true,OK
gamma2,org,bb_bbba.418,836,RNGLR,418,418,43502500.00,198020.50,16384,12,true,true,OK
gamma2,org,bb_bbba.418,836,BRNGLR,418,418,62025021.00,222521.00,16384,10,true,true,OK
gamma2,org,bb_bbba.420,840,Leo,420,420,530500.00,5854.00,16384,20,true,true,OK
gamma2,org,bb_bbba.420,840,GLL,420,420,176315792.00,2316146.50,29900800,10,true,true,OK
gamma2,org,bb_bbba.420,840,RNGLR,420,420,43655229.50,204209.00,98304,12,true,true,OK
gamma2,org,bb_bbba.420,840,BRNGLR,420,420,62690687.00,170771.50,32768,10,true,true,OK
gamma2,org,bb_bbba.422,844,Leo,422,422,532042.00,3896.50,16384,20,true,true,OK
gamma2,org,bb_bbba.422,844,GLL,422,422,183613292.00,2534291.50,24969216,10,true,true,OK
gamma2,org,bb_bbba.422,844,RNGLR,422,422,43989438.00,210041.50,16384,12,true,true,OK
gamma2,org,bb_bbba.422,844,BRNGLR,422,422,63487625.00,234479.00,16384,10,true,true,OK
gamma2,org,bb_bbba.424,848,Leo,424,424,530083.00,2062.50,16384,20,true,true,OK
gamma2,org,bb_bbba.424,848,GLL,424,424,188066375.00,1891979.00,26263552,10,true,true,OK
gamma2,org,bb_bbba.424,848,RNGLR,424,424,44489354.50,116208.50,16384,12,true,true,OK
gamma2,org,bb_bbba.424,848,BRNGLR,424,424,64449854.00,370583.50,131072,10,true,true,OK
gamma2,org,bb_bbba.426,852,Leo,426,426,561729.00,23062.50,16384,20,true,true,OK
gamma2,org,bb_bbba.426,852,GLL,426,426,186721125.00,2348438.00,59293696,10,true,true,OK
gamma2,org,bb_bbba.426,852,RNGLR,426,426,44973750.00,61229.50,16384,12,true,true,OK
gamma2,org,bb_bbba.426,852,BRNGLR,426,426,65012771.00,157875.50,16384,10,true,true,OK
gamma2,org,bb_bbba.428,856,Leo,428,428,542291.50,7125.00,16384,20,true,true,OK
gamma2,org,bb_bbba.428,856,GLL,428,428,189915229.50,2875229.00,25559040,10,true,true,OK
gamma2,org,bb_bbba.428,856,RNGLR,428,428,45427250.00,92416.00,16384,11,true,true,OK
gamma2,org,bb_bbba.428,856,BRNGLR,428,428,65456042.00,206521.00,1081344,10,true,true,OK
gamma2,org,bb_bbba.430,860,Leo,430,430,542833.50,5521.00,16384,20,true,true,OK
gamma2,org,bb_bbba.430,860,GLL,430,430,199459375.00,4918729.50,53477376,10,true,true,OK
gamma2,org,bb_bbba.430,860,RNGLR,430,430,45705083.00,157792.00,16384,11,true,true,OK
gamma2,org,bb_bbba.430,860,BRNGLR,430,430,66130083.50,133792.00,16384,10,true,true,OK
gamma2,org,bb_bbba.432,864,Leo,432,432,545229.00,7354.00,16384,20,true,true,OK
gamma2,org,bb_bbba.432,864,GLL,432,432,197910979.50,1467562.00,8552448,10,true,true,OK
gamma2,org,bb_bbba.432,864,RNGLR,432,432,46357459.00,221417.00,16384,11,true,true,OK
gamma2,org,bb_bbba.432,864,BRNGLR,432,432,66953270.50,139417.00,16384,10,true,true,OK
gamma2,org,bb_bbba.434,868,Leo,434,434,565166.50,12646.00,16384,20,true,true,OK
gamma2,org,bb_bbba.434,868,GLL,434,434,216128771.00,3361521.00,8519680,10,true,true,OK
gamma2,org,bb_bbba.434,868,RNGLR,434,434,46928541.00,193291.00,16384,11,true,true,OK
gamma2,org,bb_bbba.434,868,BRNGLR,434,434,68786729.00,774249.50,16384,10,true,true,OK
gamma2,org,bb_bbba.436,872,Leo,436,436,564749.50,9979.00,16384,20,true,true,OK
gamma2,org,bb_bbba.436,872,GLL,436,436,219565520.50,7120771.00,245760,10,true,true,OK
gamma2,org,bb_bbba.436,872,RNGLR,436,436,47012625.00,239375.00,16384,11,true,true,OK
gamma2,org,bb_bbba.436,872,BRNGLR,436,436,68912166.50,550708.50,32768,10,true,true,OK
gamma2,org,bb_bbba.438,876,Leo,438,438,550749.50,5812.00,16384,20,true,true,OK
gamma2,org,bb_bbba.438,876,GLL,438,438,234478604.50,1014854.50,20365312,10,true,true,OK
gamma2,org,bb_bbba.438,876,RNGLR,438,438,47648042.00,163292.00,16384,11,true,true,OK
gamma2,org,bb_bbba.438,876,BRNGLR,438,438,69078958.00,208291.00,16384,10,true,true,OK
gamma2,org,bb_bbba.440,880,Leo,440,440,555687.50,3562.50,16384,20,true,true,OK
gamma2,org,bb_bbba.440,880,GLL,440,440,238808125.50,3091000.00,74219520,10,true,true,OK
gamma2,org,bb_bbba.440,880,RNGLR,440,440,48047542.00,140917.00,16384,11,true,true,OK
gamma2,org,bb_bbba.440,880,BRNGLR,440,440,69883687.50,311208.00,131072,10,true,true,OK
gamma2,org,bb_bbba.442,884,Leo,442,442,557437.50,5458.50,16384,20,true,true,OK
gamma2,org,bb_bbba.442,884,GLL,442,442,235540500.00,6337708.50,32800768,10,true,true,OK
gamma2,org,bb_bbba.442,884,RNGLR,442,442,48343500.00,66750.00,16384,11,true,true,OK
gamma2,org,bb_bbba.442,884,BRNGLR,442,442,70357312.00,229958.50,16384,10,true,true,OK
gamma2,org,bb_bbba.444,888,Leo,444,444,553417.00,1083.50,16384,20,true,true,OK
gamma2,org,bb_bbba.444,888,GLL,444,444,231221458.00,2373312.50,73711616,10,true,true,OK
gamma2,org,bb_bbba.444,888,RNGLR,444,444,48839625.00,211084.00,81920,11,true,true,OK
gamma2,org,bb_bbba.444,888,BRNGLR,444,444,70872375.00,122854.00,114688,10,true,true,OK
gamma2,org,bb_bbba.446,892,Leo,446,446,563083.00,9042.00,16384,20,true,true,OK
gamma2,org,bb_bbba.446,892,GLL,446,446,243769333.00,4879687.00,66813952,10,true,true,OK
gamma2,org,bb_bbba.446,892,RNGLR,446,446,49352000.00,120250.00,16384,11,true,true,OK
gamma2,org,bb_bbba.446,892,BRNGLR,446,446,71727729.00,335854.50,32768,10,true,true,OK
gamma2,org,bb_bbba.448,896,Leo,448,448,564417.00,6208.00,16384,20,true,true,OK
gamma2,org,bb_bbba.448,896,GLL,448,448,240910708.00,966562.50,2703360,10,true,true,OK
gamma2,org,bb_bbba.448,896,RNGLR,448,448,50193750.00,354833.50,16384,10,true,true,OK
gamma2,org,bb_bbba.448,896,BRNGLR,448,448,72368166.50,174833.00,16384,10,true,true,OK
gamma2,org,bb_bbba.450,900,Leo,450,450,561916.50,3583.00,16384,20,true,true,OK
gamma2,org,bb_bbba.450,900,GLL,450,450,244421958.00,2574104.50,33570816,10,true,true,OK
gamma2,org,bb_bbba.450,900,RNGLR,450,450,50425062.50,163166.50,16384,10,true,true,OK
gamma2,org,bb_bbba.450,900,BRNGLR,450,450,72974083.00,374791.50,16384,10,true,true,OK
gamma2,org,bb_bbba.452,904,Leo,452,452,567833.50,4958.50,16384,20,true,true,OK
gamma2,org,bb_bbba.452,904,GLL,452,452,240272563.00,2482334.00,80084992,10,true,true,OK
gamma2,org,bb_bbba.452,904,RNGLR,452,452,50865312.50,181458.50,16384,10,true,true,OK
gamma2,org,bb_bbba.452,904,BRNGLR,452,452,73551687.50,267646.00,16384,10,true,true,OK
gamma2,org,bb_bbba.454,908,Leo,454,454,570313.00,4417.00,16384,20,true,true,OK
gamma2,org,bb_bbba.454,908,GLL,454,454,254545021.00,3258125.00,78725120,10,true,true,OK
gamma2,org,bb_bbba.454,908,RNGLR,454,454,51237208.50,185250.00,16384,10,true,true,OK
gamma2,org,bb_bbba.454,908,BRNGLR,454,454,74405375.00,435875.50,32768,10,true,true,OK
gamma2,org,bb_bbba.456,912,Leo,456,456,575458.50,6166.50,16384,20,true,true,OK
gamma2,org,bb_bbba.456,912,GLL,456,456,255254062.00,2185353.50,36962304,10,true,true,OK
gamma2,org,bb_bbba.456,912,RNGLR,456,456,51610791.50,204583.50,16384,10,true,true,OK
gamma2,org,bb_bbba.456,912,BRNGLR,456,456,75105520.50,321104.50,131072,10,true,true,OK
gamma2,org,bb_bbba.458,916,Leo,458,458,572000.00,3625.00,16384,20,true,true,OK
gamma2,org,bb_bbba.458,916,GLL,458,458,268881021.00,2056916.50,39583744,10,true,true,OK
gamma2,org,bb_bbba.458,916,RNGLR,458,458,52099958.50,97125.00,16384,10,true,true,OK
gamma2,org,bb_bbba.458,916,BRNGLR,458,458,75784625.00,220041.50,16384,10,true,true,OK
gamma2,org,bb_bbba.460,920,Leo,460,460,577104.50,2812.50,16384,20,true,true,OK
gamma2,org,bb_bbba.460,920,GLL,460,460,268504042.00,1954438.00,128368640,10,true,true,OK
gamma2,org,bb_bbba.460,920,RNGLR,460,460,52664542.00,247479.50,16384,10,true,true,OK
gamma2,org,bb_bbba.460,920,BRNGLR,460,460,76595583.50,307937.50,114688,10,true,true,OK
gamma2,org,bb_bbba.462,924,Leo,462,462,578437.00,3354.00,16384,20,true,true,OK
gamma2,org,bb_bbba.462,924,GLL,462,462,274109437.50,5930917.00,39518208,10,true,true,OK
gamma2,org,bb_bbba.462,924,RNGLR,462,462,53139354.00,103125.00,16384,10,true,true,OK
gamma2,org,bb_bbba.462,924,BRNGLR,462,462,77268062.50,190208.50,16384,10,true,true,OK
gamma2,org,bb_bbba.464,928,Leo,464,464,588854.50,9625.00,16384,20,true,true,OK
gamma2,org,bb_bbba.464,928,GLL,464,464,266692020.50,10755374.50,84721664,10,true,true,OK
gamma2,org,bb_bbba.464,928,RNGLR,464,464,53820250.00,187479.50,16384,10,true,true,OK
gamma2,org,bb_bbba.464,928,BRNGLR,464,464,78812145.50,345709.00,32768,10,true,true,OK
gamma2,org,bb_bbba.466,932,Leo,466,466,613729.00,30208.50,16384,20,true,true,OK
gamma2,org,bb_bbba.466,932,GLL,466,466,276666916.50,7223562.50,39436288,10,true,true,OK
gamma2,org,bb_bbba.466,932,RNGLR,466,466,54377812.50,207354.00,16384,10,true,true,OK
gamma2,org,bb_bbba.466,932,BRNGLR,466,466,79339978.50,604520.50,16384,10,true,true,OK
gamma2,org,bb_bbba.468,936,Leo,468,468,596250.00,10896.00,16384,20,true,true,OK
gamma2,org,bb_bbba.468,936,GLL,468,468,286757354.00,1728229.00,39403520,10,true,true,OK
gamma2,org,bb_bbba.468,936,RNGLR,468,468,55142812.00,449250.00,16384,10,true,true,OK
gamma2,org,bb_bbba.468,936,BRNGLR,468,468,79713229.50,497833.50,16384,10,true,true,OK
gamma2,org,bb_bbba.470,940,Leo,470,470,600478.50,13687.00,16384,20,true,true,OK
gamma2,org,bb_bbba.470,940,GLL,470,470,272510125.50,3801041.50,39370752,10,true,true,OK
gamma2,org,bb_bbba.470,940,RNGLR,470,470,55501437.50,245229.00,16384,10,true,true,OK
gamma2,org,bb_bbba.470,940,BRNGLR,470,470,80114042.00,271396.50,16384,10,true,true,OK
gamma2,org,bb_bbba.472,944,Leo,472,472,593813.00,6875.50,16384,20,true,true,OK
gamma2,org,bb_bbba.472,944,GLL,472,472,291019959.00,1582791.50,39337984,10,true,true,OK
gamma2,org,bb_bbba.472,944,RNGLR,472,472,55832250.00,187541.50,16384,10,true,true,OK
gamma2,org,bb_bbba.472,944,BRNGLR,472,472,81098291.50,241666.50,147456,10,true,true,OK
gamma2,org,bb_bbba.474,948,Leo,474,474,592521.00,1812.50,16384,20,true,true,OK
gamma2,org,bb_bbba.474,948,GLL,474,474,288545229.00,4493541.50,156123136,10,true,true,OK
gamma2,org,bb_bbba.474,948,RNGLR,474,474,56335417.00,141229.50,16384,10,true,true,OK
gamma2,org,bb_bbba.474,948,BRNGLR,474,474,82146249.50,525999.50,16384,10,true,true,OK
gamma2,org,bb_bbba.476,952,Leo,476,476,596583.50,4959.00,16384,20,true,true,OK
gamma2,org,bb_bbba.476,952,GLL,476,476,310495917.00,3454042.00,39337984,10,true,true,OK
gamma2,org,bb_bbba.476,952,RNGLR,476,476,56942187.50,497250.00,16384,10,true,true,OK
gamma2,org,bb_bbba.476,952,BRNGLR,476,476,82601229.00,351395.50,131072,10,true,true,OK
gamma2,org,bb_bbba.478,956,Leo,478,478,602000.00,6666.50,16384,20,true,true,OK
gamma2,org,bb_bbba.478,956,GLL,478,478,292991812.50,9403479.00,93388800,10,true,true,OK
gamma2,org,bb_bbba.478,956,RNGLR,478,478,57390583.00,138083.00,16384,10,true,true,OK
gamma2,org,bb_bbba.478,956,BRNGLR,478,478,83086375.50,185042.00,16384,10,true,true,OK
gamma2,org,bb_bbba.480,960,Leo,480,480,600937.50,3792.00,16384,20,true,true,OK
gamma2,org,bb_bbba.480,960,GLL,480,480,306367271.00,2532771.00,39337984,10,true,true,OK
gamma2,org,bb_bbba.480,960,RNGLR,480,480,57887958.50,200166.50,16384,10,true,true,OK
gamma2,org,bb_bbba.480,960,BRNGLR,480,480,84051021.00,673771.50,5554176,10,true,true,OK
gamma2,org,bb_bbba.482,964,Leo,482,482,607500.00,8417.00,16384,20,true,true,OK
gamma2,org,bb_bbba.482,964,GLL,482,482,303782896.00,1886791.50,64978944,10,true,true,OK
gamma2,org,bb_bbba.482,964,RNGLR,482,482,58891437.00,272562.50,16384,10,true,true,OK
gamma2,org,bb_bbba.482,964,BRNGLR,482,482,85627812.50,869791.50,5586944,10,true,true,OK
gamma2,org,bb_bbba.484,968,Leo,484,484,606916.50,6291.50,16384,20,true,true,OK
gamma2,org,bb_bbba.484,968,GLL,484,484,306188062.50,8018875.00,2260992,10,true,true,OK
gamma2,org,bb_bbba.484,968,RNGLR,484,484,59051124.50,176145.50,16384,10,true,true,OK
gamma2,org,bb_bbba.484,968,BRNGLR,484,484,85829563.00,438333.50,16384,10,true,true,OK
gamma2,org,bb_bbba.486,972,Leo,486,486,607896.00,3375.50,16384,20,true,true,OK
gamma2,org,bb_bbba.486,972,GLL,486,486,328939896.00,6122104.00,41811968,10,true,true,OK
gamma2,org,bb_bbba.486,972,RNGLR,486,486,59624666.50,109354.50,16384,10,true,true,OK
gamma2,org,bb_bbba.486,972,BRNGLR,486,486,86504521.00,366750.00,442368,10,true,true,OK
gamma2,org,bb_bbba.488,976,Leo,488,488,612791.50,5500.00,16384,20,true,true,OK
gamma2,org,bb_bbba.488,976,GLL,488,488,320337125.00,3330604.00,16384,10,true,true,OK
gamma2,org,bb_bbba.488,976,RNGLR,488,488,59982416.00,234937.50,16384,10,true,true,OK
gamma2,org,bb_bbba.488,976,BRNGLR,488,488,87497854.00,354833.00,131072,10,true,true,OK
gamma2,org,bb_bbba.490,980,Leo,490,490,621146.00,10313.00,16384,20,true,true,OK
gamma2,org,bb_bbba.490,980,GLL,490,490,332322063.00,3506604.50,39337984,10,true,true,OK
gamma2,org,bb_bbba.490,980,RNGLR,490,490,60902625.00,482854.50,16384,10,true,true,OK
gamma2,org,bb_bbba.490,980,BRNGLR,490,490,88336250.00,382979.50,32768,10,true,true,OK
gamma2,org,bb_bbba.492,984,Leo,492,492,614562.50,3083.50,16384,20,true,true,OK
gamma2,org,bb_bbba.492,984,GLL,492,492,333971353.50,1150083.50,39354368,10,true,true,OK
gamma2,org,bb_bbba.492,984,RNGLR,492,492,60969937.00,167395.00,16384,10,true,true,OK
gamma2,org,bb_bbba.492,984,BRNGLR,492,492,89238271.00,317479.50,114688,10,true,true,OK
gamma2,org,bb_bbba.494,988,Leo,494,494,614458.50,1625.00,16384,20,true,true,OK
gamma2,org,bb_bbba.494,988,GLL,494,494,318339334.00,4996521.50,106283008,10,true,true,OK
gamma2,org,bb_bbba.494,988,RNGLR,494,494,61770208.50,527021.00,16384,10,true,true,OK
gamma2,org,bb_bbba.494,988,BRNGLR,494,494,90333583.50,601646.00,98304,10,true,true,OK
gamma2,org,bb_bbba.496,992,Leo,496,496,669020.50,21458.00,16384,20,true,true,OK
gamma2,org,bb_bbba.496,992,GLL,496,496,321452791.50,1463603.50,2015232,10,true,true,OK
gamma2,org,bb_bbba.496,992,RNGLR,496,496,62475479.00,219791.00,0,10,true,true,OK
gamma2,org,bb_bbba.496,992,BRNGLR,496,496,91203500.00,275521.50,16384,10,true,true,OK
gamma2,org,bb_bbba.498,996,Leo,498,498,627541.50,6666.50,16384,20,true,true,OK
gamma2,org,bb_bbba.498,996,GLL,498,498,325905312.50,1826125.00,71958528,10,true,true,OK
gamma2,org,bb_bbba.498,996,RNGLR,498,498,62881083.00,445916.00,32768,10,true,true,OK
gamma2,org,bb_bbba.498,996,BRNGLR,498,498,91874583.50,649646.00,16384,10,true,true,OK
gamma2,org,bb_bbba.500,1000,Leo,500,500,628500.50,7521.50,16384,20,true,true,OK
gamma2,org,bb_bbba.500,1000,GLL,500,500,332690875.00,4025354.00,16662528,10,true,true,OK
gamma2,org,bb_bbba.500,1000,RNGLR,500,500,63514938.00,380333.50,16384,10,true,true,OK
gamma2,org,bb_bbba.500,1000,BRNGLR,500,500,92336084.00,459896.00,16384,10,true,true,OK
gamma2,org,bb_bbba.502,1004,Leo,502,502,626979.00,4417.00,16384,20,true,true,OK
gamma2,org,bb_bbba.502,1004,GLL,502,502,349335604.50,8367291.50,76578816,10,true,true,OK
gamma2,org,bb_bbba.502,1004,RNGLR,502,502,64310104.00,242312.50,16384,10,true,true,OK
gamma2,org,bb_bbba.502,1004,BRNGLR,502,502,92726500.00,387791.50,3063808,10,true,true,OK
gamma2,org,bb_bbba.504,1008,Leo,504,504,626145.50,2354.00,16384,20,true,true,OK
gamma2,org,bb_bbba.504,1008,GLL,504,504,346619604.00,8340416.50,111689728,10,true,true,OK
gamma2,org,bb_bbba.504,1008,RNGLR,504,504,64816770.50,353458.00,16384,10,true,true,OK
gamma2,org,bb_bbba.504,1008,BRNGLR,504,504,93982417.00,469896.00,163840,10,true,true,OK
gamma2,org,bb_bbba.506,1012,Leo,506,506,650729.00,22249.50,16384,20,true,true,OK
gamma2,org,bb_bbba.506,1012,GLL,506,506,349650520.50,7144958.00,39337984,10,true,true,OK
gamma2,org,bb_bbba.506,1012,RNGLR,506,506,64930291.50,209437.50,16384,10,true,true,OK
gamma2,org,bb_bbba.506,1012,BRNGLR,506,506,95795583.00,442979.00,16384,10,true,true,OK
gamma2,org,bb_bbba.508,1016,Leo,508,508,637437.50,7270.50,16384,20,true,true,OK
gamma2,org,bb_bbba.508,1016,GLL,508,508,358644979.00,2306291.50,2637824,10,true,true,OK
gamma2,org,bb_bbba.508,1016,RNGLR,508,508,65575729.00,318521.00,16384,10,true,true,OK
gamma2,org,bb_bbba.508,1016,BRNGLR,508,508,96322312.50,587687.50,114688,10,true,true,OK
gamma2,org,bb_bbba.510,1020,Leo,510,510,689958.50,14000.00,16384,20,true,true,OK
gamma2,org,bb_bbba.510,1020,GLL,510,510,360504916.50,2120375.50,74022912,10,true,true,OK
gamma2,org,bb_bbba.510,1020,RNGLR,510,510,66116979.00,375687.00,16384,10,true,true,OK
gamma2,org,bb_bbba.510,1020,BRNGLR,510,510,96544333.50,428271.00,32768,10,true,true,OK
gamma2,org,bb_bbba.512,1024,Leo,512,512,636708.00,3000.00,16384,20,true,true,OK
gamma2,org,bb_bbba.512,1024,GLL,512,512,357929458.50,9486979.50,151306240,10,true,true,OK
gamma2,org,bb_bbba.512,1024,RNGLR,512,512,67485959.00,517207.50,0,10,true,true,OK
gamma2,org,bb_bbba.512,1024,BRNGLR,512,512,97456438.00,359291.50,32768,10,true,true,OK
gamma2,org,bb_bbba.514,1028,Leo,514,514,640541.50,3833.00,16384,20,true,true,OK
gamma2,org,bb_bbba.514,1028,GLL,514,514,363994041.50,3696688.00,35110912,10,true,true,OK
gamma2,org,bb_bbba.514,1028,RNGLR,514,514,67106792.00,61875.00,16384,10,true,true,OK
gamma2,org,bb_bbba.514,1028,BRNGLR,514,514,98678541.50,349124.50,6373376,10,true,true,OK
gamma2,org,bb_bbba.516,1032,Leo,516,516,654187.50,11124.50,16384,20,true,true,OK
gamma2,org,bb_bbba.516,1032,GLL,516,516,379208249.50,1508374.00,90341376,10,true,true,OK
gamma2,org,bb_bbba.516,1032,RNGLR,516,516,67600396.00,249167.00,16384,10,true,true,OK
gamma2,org,bb_bbba.516,1032,BRNGLR,516,516,100771958.50,740417.00,6488064,10,true,true,OK
gamma2,org,bb_bbba.518,1036,Leo,518,518,649000.00,5583.00,16384,20,true,true,OK
gamma2,org,bb_bbba.518,1036,GLL,518,518,382349563.00,8661833.50,75235328,10,true,true,OK
gamma2,org,bb_bbba.518,1036,RNGLR,518,518,68304999.50,276208.00,16384,10,true,true,OK
gamma2,org,bb_bbba.518,1036,BRNGLR,518,518,102342791.50,969208.00,16384,10,true,true,OK
gamma2,org,bb_bbba.520,1040,Leo,520,520,650812.50,4125.50,16384,20,true,true,OK
gamma2,org,bb_bbba.520,1040,GLL,520,520,388016562.50,5925250.50,18366464,10,true,true,OK
gamma2,org,bb_bbba.520,1040,RNGLR,520,520,68772833.00,416999.50,16384,10,true,true,OK
gamma2,org,bb_bbba.520,1040,BRNGLR,520,520,102414895.50,379000.50,163840,10,true,true,OK
gamma2,org,bb_bbba.522,1044,Leo,522,522,655083.00,3021.00,16384,20,true,true,OK
gamma2,org,bb_bbba.522,1044,GLL,522,522,393082521.00,2722500.00,31473664,10,true,true,OK
gamma2,org,bb_bbba.522,1044,RNGLR,522,522,69510375.00,481792.00,16384,10,true,true,OK
gamma2,org,bb_bbba.522,1044,BRNGLR,522,522,103136625.00,499500.00,16384,10,true,true,OK
gamma2,org,bb_bbba.524,1048,Leo,524,524,655271.00,3438.00,16384,20,true,true,OK
gamma2,org,bb_bbba.524,1048,GLL,524,524,411488563.00,3386645.50,64356352,10,true,true,OK
gamma2,org,bb_bbba.524,1048,RNGLR,524,524,69808792.00,159438.00,16384,10,true,true,OK
gamma2,org,bb_bbba.524,1048,BRNGLR,524,524,104190562.50,641917.00,131072,10,true,true,OK
gamma2,org,bb_bbba.526,1052,Leo,526,526,658187.50,5042.00,16384,20,true,true,OK
gamma2,org,bb_bbba.526,1052,GLL,526,526,387999249.50,2060875.50,124321792,10,true,true,OK
gamma2,org,bb_bbba.526,1052,RNGLR,526,526,70441271.00,214583.00,16384,10,true,true,OK
gamma2,org,bb_bbba.526,1052,BRNGLR,526,526,104177603.50,520124.50,6766592,10,true,true,OK
gamma2,org,bb_bbba.528,1056,Leo,528,528,658792.00,2708.50,16384,20,true,true,OK
gamma2,org,bb_bbba.528,1056,GLL,528,528,410944271.00,5056187.50,6209536,10,true,true,OK
gamma2,org,bb_bbba.528,1056,RNGLR,528,528,71220937.50,470646.00,16384,10,true,true,OK
gamma2,org,bb_bbba.528,1056,BRNGLR,528,528,105118437.00,426854.50,16384,10,true,true,OK
gamma2,org,bb_bbba.530,1060,Leo,530,530,665750.00,7333.50,16384,20,true,true,OK
gamma2,org,bb_bbba.530,1060,GLL,530,530,410336833.50,5840125.00,49790976,10,true,true,OK
gamma2,org,bb_bbba.530,1060,RNGLR,530,530,71678146.00,299688.00,16384,10,true,true,OK
gamma2,org,bb_bbba.530,1060,BRNGLR,530,530,107271667.00,587625.00,65536,10,true,true,OK
gamma2,org,bb_bbba.532,1064,Leo,532,532,677541.50,13292.00,16384,20,true,true,OK
gamma2,org,bb_bbba.532,1064,GLL,532,532,427049937.50,2061249.50,89178112,10,true,true,OK
gamma2,org,bb_bbba.532,1064,RNGLR,532,532,72592167.00,610771.00,16384,10,true,true,OK
gamma2,org,bb_bbba.532,1064,BRNGLR,532,532,106776646.00,490854.00,6881280,10,true,true,OK
gamma2,org,bb_bbba.534,1068,Leo,534,534,665208.00,3375.00,16384,20,true,true,OK
gamma2,org,bb_bbba.534,1068,GLL,534,534,427072687.50,3250125.00,73170944,10,true,true,OK
gamma2,org,bb_bbba.534,1068,RNGLR,534,534,73022666.50,523458.50,16384,10,true,true,OK
gamma2,org,bb_bbba.534,1068,BRNGLR,534,534,108249146.00,574479.50,16384,10,true,true,OK
gamma2,org,bb_bbba.536,1072,Leo,536,536,672583.50,8708.00,16384,20,true,true,OK
gamma2,org,bb_bbba.536,1072,GLL,536,536,429396583.00,4159125.00,167886848,10,true,true,OK
gamma2,org,bb_bbba.536,1072,RNGLR,536,536,73192020.50,298875.00,16384,10,true,true,OK
gamma2,org,bb_bbba.536,1072,BRNGLR,536,536,109539187.50,724333.50,131072,10,true,true,OK
gamma2,org,bb_bbba.538,1076,Leo,538,538,699479.00,33583.00,16384,20,true,true,OK
gamma2,org,bb_bbba.538,1076,GLL,538,538,432856750.00,11461792.00,18366464,10,true,true,OK
gamma2,org,bb_bbba.538,1076,RNGLR,538,538,74618979.50,404895.50,16384,10,true,true,OK
gamma2,org,bb_bbba.538,1076,BRNGLR,538,538,110197041.50,400875.00,16384,10,true,true,OK
gamma2,org,bb_bbba.540,1080,Leo,540,540,674896.00,5521.50,16384,20,true,true,OK
gamma2,org,bb_bbba.540,1080,GLL,540,540,447523333.00,3830667.00,116162560,10,true,true,OK
gamma2,org,bb_bbba.540,1080,RNGLR,540,540,74575729.50,344021.00,16384,10,true,true,OK
gamma2,org,bb_bbba.540,1080,BRNGLR,540,540,110895833.00,718917.00,114688,10,true,true,OK
gamma2,org,bb_bbba.542,1084,Leo,542,542,677854.00,2604.00,16384,20,true,true,OK
gamma2,org,bb_bbba.542,1084,GLL,542,542,456310396.50,7296437.00,2637824,10,true,true,OK
gamma2,org,bb_bbba.542,1084,RNGLR,542,542,75187041.50,403146.00,81920,10,true,true,OK
gamma2,org,bb_bbba.542,1084,BRNGLR,542,542,112262854.00,894645.50,4063232,10,true,true,OK
gamma2,org,bb_bbba.544,1088,Leo,544,544,682625.00,8125.00,16384,20,true,true,OK
gamma2,org,bb_bbba.544,1088,GLL,544,544,459636333.50,4982521.00,127860736,10,true,true,OK
gamma2,org,bb_bbba.544,1088,RNGLR,544,544,75816271.00,399249.50,16384,10,true,true,OK
gamma2,org,bb_bbba.544,1088,BRNGLR,544,544,111995437.00,604271.00,81920,10,true,true,OK
gamma2,org,bb_bbba.546,1092,Leo,546,546,689562.50,11458.50,16384,20,true,true,OK
gamma2,org,bb_bbba.546,1092,GLL,546,546,460588895.50,5417291.50,124436480,10,true,true,OK
gamma2,org,bb_bbba.546,1092,RNGLR,546,546,76268458.00,297104.00,16384,10,true,true,OK
gamma2,org,bb_bbba.546,1092,BRNGLR,546,546,113797667.00,664834.00,16384,10,true,true,OK
gamma2,org,bb_bbba.548,1096,Leo,548,548,685937.50,4021.00,16384,20,true,true,OK
gamma2,org,bb_bbba.548,1096,GLL,548,548,467881979.00,6670875.00,137101312,10,true,true,OK
gamma2,org,bb_bbba.548,1096,RNGLR,548,548,76972417.00,354479.50,16384,10,true,true,OK
gamma2,org,bb_bbba.548,1096,BRNGLR,548,548,114838937.50,1197563.00,131072,10,true,true,OK
gamma2,org,bb_bbba.550,1100,Leo,550,550,696250.50,9541.50,16384,20,true,true,OK
gamma2,org,bb_bbba.550,1100,GLL,550,550,467139000.00,6675396.00,37584896,10,true,true,OK
gamma2,org,bb_bbba.550,1100,RNGLR,550,550,78125437.50,461208.50,16384,10,true,true,OK
gamma2,org,bb_bbba.550,1100,BRNGLR,550,550,115502791.50,587333.50,16384,10,true,true,OK
gamma2,org,bb_bbba.552,1104,Leo,552,552,703104.00,12854.50,16384,20,true,true,OK
gamma2,org,bb_bbba.552,1104,GLL,552,552,485363208.50,8923729.00,16384,10,true,true,OK
gamma2,org,bb_bbba.552,1104,RNGLR,552,552,78724125.00,558583.50,16384,10,true,true,OK
gamma2,org,bb_bbba.552,1104,BRNGLR,552,552,116870020.50,723063.00,131072,10,true,true,OK
gamma2,org,bb_bbba.554,1108,Leo,554,554,712291.50,20041.50,16384,20,true,true,OK
gamma2,org,bb_bbba.554,1108,GLL,554,554,513505750.00,10994666.50,44466176,10,true,true,OK
gamma2,org,bb_bbba.554,1108,RNGLR,554,554,79054542.00,343313.00,16384,10,true,true,OK
gamma2,org,bb_bbba.554,1108,BRNGLR,554,554,117728021.00,206416.50,32768,10,true,true,OK
gamma2,org,bb_bbba.556,1112,Leo,556,556,706187.50,9791.50,16384,20,true,true,OK
gamma2,org,bb_bbba.556,1112,GLL,556,556,519519645.50,2557270.00,71778304,10,true,true,OK
gamma2,org,bb_bbba.556,1112,RNGLR,556,556,79776625.00,438499.50,16384,10,true,true,OK
gamma2,org,bb_bbba.556,1112,BRNGLR,556,556,118798958.50,1117646.00,114688,10,true,true,OK
gamma2,org,bb_bbba.558,1116,Leo,558,558,704854.00,5521.00,16384,20,true,true,OK
gamma2,org,bb_bbba.558,1116,GLL,558,558,529912479.50,13438229.00,69124096,10,true,true,OK
gamma2,org,bb_bbba.558,1116,RNGLR,558,558,80395229.50,461771.00,16384,10,true,true,OK
gamma2,org,bb_bbba.558,1116,BRNGLR,558,558,119273250.00,493333.00,131072,10,true,true,OK
gamma2,org,bb_bbba.560,1120,Leo,560,560,721333.50,8604.50,16384,20,true,true,OK
gamma2,org,bb_bbba.560,1120,GLL,560,560,523548604.00,2335583.00,70647808,10,true,true,OK
gamma2,org,bb_bbba.560,1120,RNGLR,560,560,80998895.50,415666.50,16384,10,true,true,OK
gamma2,org,bb_bbba.560,1120,BRNGLR,560,560,120271646.00,666271.00,49152,10,true,true,OK
gamma2,org,bb_bbba.562,1124,Leo,562,562,708874.50,6770.50,16384,20,true,true,OK
gamma2,org,bb_bbba.562,1124,GLL,562,562,540188021.00,2065313.00,70352896,10,true,true,OK
gamma2,org,bb_bbba.562,1124,RNGLR,562,562,81599708.00,414229.00,16384,10,true,true,OK
gamma2,org,bb_bbba.562,1124,BRNGLR,562,562,121186479.00,183375.50,32768,10,true,true,OK
gamma2,org,bb_bbba.564,1128,Leo,564,564,706396.00,2521.00,16384,20,true,true,OK
gamma2,org,bb_bbba.564,1128,GLL,564,564,564426187.50,14996812.50,156123136,10,true,true,OK
gamma2,org,bb_bbba.564,1128,RNGLR,564,564,82175042.00,457479.00,16384,10,true,true,OK
gamma2,org,bb_bbba.564,1128,BRNGLR,564,564,121602062.50,1589396.00,7733248,10,true,true,OK
gamma2,org,bb_bbba.566,1132,Leo,566,566,713937.50,2854.00,16384,20,true,true,OK
gamma2,org,bb_bbba.566,1132,GLL,566,566,537395563.00,3367791.00,6094848,10,true,true,OK
gamma2,org,bb_bbba.566,1132,RNGLR,566,566,82543604.00,472791.50,16384,10,true,true,OK
gamma2,org,bb_bbba.566,1132,BRNGLR,566,566,121549250.00,563770.50,7700480,10,true,true,OK
gamma2,org,bb_bbba.568,1136,Leo,568,568,720042.00,7521.00,16384,20,true,true,OK
gamma2,org,bb_bbba.568,1136,GLL,568,568,540667270.50,3067458.50,4096000,10,true,true,OK
gamma2,org,bb_bbba.568,1136,RNGLR,568,568,83174000.00,308354.00,16384,10,true,true,OK
gamma2,org,bb_bbba.568,1136,BRNGLR,568,568,123889771.00,712083.50,131072,10,true,true,OK
gamma2,org,bb_bbba.570,1140,Leo,570,570,722354.50,8291.50,16384,20,true,true,OK
gamma2,org,bb_bbba.570,1140,GLL,570,570,564293103.50,2877208.00,16384,10,true,true,OK
gamma2,org,bb_bbba.570,1140,RNGLR,570,570,83518063.00,337813.00,16384,10,true,true,OK
gamma2,org,bb_bbba.570,1140,BRNGLR,570,570,125160312.50,260271.00,49152,10,true,true,OK
gamma2,org,bb_bbba.572,1144,Leo,572,572,720583.50,5666.00,16384,20,true,true,OK
gamma2,org,bb_bbba.572,1144,GLL,572,572,569688312.50,2261020.50,16384,10,true,true,OK
gamma2,org,bb_bbba.572,1144,RNGLR,572,572,84650104.00,323562.50,16384,10,true,true,OK
gamma2,org,bb_bbba.572,1144,BRNGLR,572,572,124818916.50,506146.00,7962624,10,true,true,OK
gamma2,org,bb_bbba.574,1148,Leo,574,574,719521.00,1479.50,16384,20,true,true,OK
gamma2,org,bb_bbba.574,1148,GLL,574,574,569851042.00,3618083.50,164331520,10,true,true,OK
gamma2,org,bb_bbba.574,1148,RNGLR,574,574,85356687.00,390791.50,32768,10,true,true,OK
gamma2,org,bb_bbba.574,1148,BRNGLR,574,574,126235416.50,513813.00,8110080,10,true,true,OK
gamma2,org,bb_bbba.576,1152,Leo,576,576,781895.50,49437.50,16384,20,true,true,OK
gamma2,org,bb_bbba.576,1152,GLL,576,576,571571624.50,3331291.50,148013056,10,true,true,OK
gamma2,org,bb_bbba.576,1152,RNGLR,576,576,86038041.50,392458.50,16384,10,true,true,OK
gamma2,org,bb_bbba.576,1152,BRNGLR,576,576,127825791.50,810562.50,16384,10,true,true,OK
gamma2,org,bb_bbba.578,1156,Leo,578,578,736166.50,6542.00,16384,20,true,true,OK
gamma2,org,bb_bbba.578,1156,GLL,578,578,593684771.00,5984729.00,868352,10,true,true,OK
gamma2,org,bb_bbba.578,1156,RNGLR,578,578,86416666.50,296666.50,98304,10,true,true,OK
gamma2,org,bb_bbba.578,1156,BRNGLR,578,578,127486354.50,308375.00,49152,10,true,true,OK
gamma2,org,bb_bbba.580,1160,Leo,580,580,732396.00,3208.50,16384,20,true,true,OK
gamma2,org,bb_bbba.580,1160,GLL,580,580,600591792.00,10996354.00,139001856,10,true,true,OK
gamma2,org,bb_bbba.580,1160,RNGLR,580,580,87486458.50,486188.00,16384,10,true,true,OK
gamma2,org,bb_bbba.580,1160,BRNGLR,580,580,128843708.50,451166.50,114688,10,true,true,OK
gamma2,org,bb_bbba.582,1164,Leo,582,582,733083.50,2104.50,16384,20,true,true,OK
gamma2,org,bb_bbba.582,1164,GLL,582,582,624809667.00,14646812.50,18710528,10,true,true,OK
gamma2,org,bb_bbba.582,1164,RNGLR,582,582,87836834.00,412313.00,16384,10,true,true,OK
gamma2,org,bb_bbba.582,1164,BRNGLR,582,582,130289520.50,476541.50,8142848,10,true,true,OK
gamma2,org,bb_bbba.584,1168,Leo,584,584,735187.50,3083.00,16384,20,true,true,OK
gamma2,org,bb_bbba.584,1168,GLL,584,584,624317208.00,16787395.50,79052800,10,true,true,OK
gamma2,org,bb_bbba.584,1168,RNGLR,584,584,88349271.00,237771.00,0,10,true,true,OK
gamma2,org,bb_bbba.584,1168,BRNGLR,584,584,131566270.50,433083.00,131072,10,true,true,OK
gamma2,org,bb_bbba.586,1172,Leo,586,586,738312.50,3271.50,16384,20,true,true,OK
gamma2,org,bb_bbba.586,1172,GLL,586,586,649206937.50,7943875.00,147456,10,true,true,OK
gamma2,org,bb_bbba.586,1172,RNGLR,586,586,89647771.00,537333.00,16384,10,true,true,OK
gamma2,org,bb_bbba.586,1172,BRNGLR,586,586,132120291.50,665333.50,16384,10,true,true,OK
gamma2,org,bb_bbba.588,1176,Leo,588,588,739375.00,2208.50,16384,20,true,true,OK
gamma2,org,bb_bbba.588,1176,GLL,588,588,654916125.00,12127312.50,97452032,10,true,true,OK
gamma2,org,bb_bbba.588,1176,RNGLR,588,588,89821208.00,499062.50,98304,10,true,true,OK
gamma2,org,bb_bbba.588,1176,BRNGLR,588,588,133425437.50,697687.00,8404992,10,true,true,OK
gamma2,org,bb_bbba.590,1180,Leo,590,590,742875.50,3938.00,16384,20,true,true,OK
gamma2,org,bb_bbba.590,1180,GLL,590,590,657421437.50,4427084.00,94437376,10,true,true,OK
gamma2,org,bb_bbba.590,1180,RNGLR,590,590,90443521.00,254958.50,16384,10,true,true,OK
gamma2,org,bb_bbba.590,1180,BRNGLR,590,590,133570500.00,1105666.50,8552448,10,true,true,OK
gamma2,org,bb_bbba.592,1184,Leo,592,592,739791.50,2625.00,16384,20,true,true,OK
gamma2,org,bb_bbba.592,1184,GLL,592,592,663482771.00,14592313.00,161873920,10,true,true,OK
gamma2,org,bb_bbba.592,1184,RNGLR,592,592,91279270.50,499979.00,16384,10,true,true,OK
gamma2,org,bb_bbba.592,1184,BRNGLR,592,592,135234041.50,298875.00,49152,10,true,true,OK
gamma2,org,bb_bbba.594,1188,Leo,594,594,755728.50,15749.50,16384,20,true,true,OK
gamma2,org,bb_bbba.594,1188,GLL,594,594,682278791.50,16560250.00,78725120,10,true,true,OK
gamma2,org,bb_bbba.594,1188,RNGLR,594,594,92181520.50,210771.50,16384,10,true,true,OK
gamma2,org,bb_bbba.594,1188,BRNGLR,594,594,136646583.50,434874.50,16384,10,true,true,OK
gamma2,org,bb_bbba.596,1192,Leo,596,596,755729.00,10541.00,16384,20,true,true,OK
gamma2,org,bb_bbba.596,1192,GLL,596,596,646476979.00,5748437.50,78725120,10,true,true,OK
gamma2,org,bb_bbba.596,1192,RNGLR,596,596,92028812.50,503271.00,16384,10,true,true,OK
gamma2,org,bb_bbba.596,1192,BRNGLR,596,596,136312916.50,459375.00,3211264,10,true,true,OK
gamma2,org,bb_bbba.598,1196,Leo,598,598,754354.50,1125.50,16384,20,true,true,OK
gamma2,org,bb_bbba.598,1196,GLL,598,598,629720583.50,15075813.00,298270720,10,true,true,OK
gamma2,org,bb_bbba.598,1196,RNGLR,598,598,92210104.00,109854.00,16384,10,true,true,OK
gamma2,org,bb_bbba.598,1196,BRNGLR,598,598,136553771.00,252479.00,1064960,10,true,true,OK
gamma2,org,bb_bbba.600,1200,Leo,600,600,760229.50,1937.50,16384,20,true,true,OK
gamma2,org,bb_bbba.600,1200,GLL,600,600,635233208.00,2021750.00,78807040,10,true,true,OK
gamma2,org,bb_bbba.600,1200,RNGLR,600,600,92793688.00,53709.00,16384,10,true,true,OK
gamma2,org,bb_bbba.600,1200,BRNGLR,600,600,137439937.50,155375.00,1179648,10,true,true,OK
gamma2,org,bb_bbba.602,1204,Leo,602,602,762271.00,1459.00,16384,20,true,true,OK
gamma2,org,bb_bbba.602,1204,GLL,602,602,654225458.50,14181833.50,147292160,10,true,true,OK
gamma2,org,bb_bbba.602,1204,RNGLR,602,602,93522250.50,96249.50,16384,10,true,true,OK
gamma2,org,bb_bbba.602,1204,BRNGLR,602,602,139015020.50,146896.00,1064960,10,true,true,OK
gamma2,org,bb_bbba.604,1208,Leo,604,604,767750.50,979.00,16384,20,true,true,OK
gamma2,org,bb_bbba.604,1208,GLL,604,604,665088749.50,9425188.00,59588608,10,true,true,OK
gamma2,org,bb_bbba.604,1208,RNGLR,604,604,94343229.50,90625.00,16384,10,true,true,OK
gamma2,org,bb_bbba.604,1208,BRNGLR,604,604,140137208.50,182104.00,8880128,10,true,true,OK
