language,size_category,file,bytes,parser,input_length,token_count,median_time_ns,mad_ns,peak_memory_bytes,iterations,recognized,parse_correct,status
cpp_tok,XS,XS_s152292558.cpp,91,Leo,24,24,549167.00,7500.00,65536,20,true,true,OK
cpp_tok,XS,XS_s152292558.cpp,91,GLL,24,24,657479.00,9729.50,16384,20,true,true,OK
cpp_tok,XS,XS_s152292558.cpp,91,RNGLR,24,24,65625.00,1021.00,16384,20,true,true,OK
cpp_tok,XS,XS_s152292558.cpp,91,BRNGLR,24,24,67687.50,1500.00,16384,20,true,true,OK
cpp_tok,XS,XS_s152545381.cpp,94,Leo,29,29,632229.00,10938.00,16384,20,true,true,OK
cpp_tok,XS,XS_s152545381.cpp,94,GLL,29,29,823062.50,15395.50,16384,20,true,true,OK
cpp_tok,XS,XS_s152545381.cpp,94,RNGLR,29,29,80146.00,479.00,16384,20,true,true,OK
cpp_tok,XS,XS_s152545381.cpp,94,BRNGLR,29,29,78791.50,2770.50,16384,20,true,true,OK
cpp_tok,XS,XS_s888682830.cpp,83,Leo,30,30,977187.50,299916.50,49152,20,true,true,OK
cpp_tok,XS,XS_s888682830.cpp,83,GLL,30,30,1127604.00,220958.00,16384,20,true,true,OK
cpp_tok,XS,XS_s888682830.cpp,83,RNGLR,30,30,86313.00,3208.50,16384,20,true,true,OK
cpp_tok,XS,XS_s888682830.cpp,83,BRNGLR,30,30,87229.50,3458.50,16384,20,true,true,OK
cpp_tok,XS,XS_s918477534.cpp,92,Leo,31,31,833958.00,74729.00,16384,20,true,true,OK
cpp_tok,XS,XS_s918477534.cpp,92,GLL,31,31,1135187.50,31417.00,16384,20,true,true,OK
cpp_tok,XS,XS_s918477534.cpp,92,RNGLR,31,31,134729.50,5375.50,16384,20,true,true,OK
cpp_tok,XS,XS_s918477534.cpp,92,BRNGLR,31,31,130333.00,958.50,16384,20,true,true,OK
cpp_tok,XS,XS_s094161914.cpp,76,Leo,33,33,766250.00,23104.00,16384,20,true,true,OK
cpp_tok,XS,XS_s094161914.cpp,76,GLL,33,33,1264312.00,58708.00,16384,20,true,true,OK
cpp_tok,XS,XS_s094161914.cpp,76,RNGLR,33,33,134042.00,1542.00,0,20,true,true,OK
cpp_tok,XS,XS_s094161914.cpp,76,BRNGLR,33,33,134187.50,3208.50,0,20,true,true,OK
cpp_tok,XS,XS_s667447442.cpp,94,Leo,35,35,781313.00,38646.00,16384,20,true,true,OK
cpp_tok,XS,XS_s667447442.cpp,94,GLL,35,35,1099041.50,41499.50,0,20,true,true,OK
cpp_tok,XS,XS_s667447442.cpp,94,RNGLR,35,35,91500.00,750.00,16384,20,true,true,OK
cpp_tok,XS,XS_s667447442.cpp,94,BRNGLR,35,35,96333.50,1083.00,0,20,true,true,OK
cpp_tok,XS,XS_s530829783.cpp,118,Leo,37,37,985645.50,36125.00,16384,20,true,true,OK
cpp_tok,XS,XS_s530829783.cpp,118,GLL,37,37,1139875.00,31250.00,0,20,true,true,OK
cpp_tok,XS,XS_s530829783.cpp,118,RNGLR,37,37,104500.00,1500.00,16384,20,true,true,OK
cpp_tok,XS,XS_s530829783.cpp,118,BRNGLR,37,37,102645.50,916.50,16384,20,true,true,OK
cpp_tok,S,S_s740534143.cpp,225,Leo,38,38,1017083.50,60228.50,16384,20,true,true,OK
cpp_tok,S,S_s740534143.cpp,225,GLL,38,38,1100416.50,42416.50,16384,20,true,true,OK
cpp_tok,S,S_s740534143.cpp,225,RNGLR,38,38,107354.00,6458.50,16384,20,true,true,OK
cpp_tok,S,S_s740534143.cpp,225,BRNGLR,38,38,102562.50,603.50,16384,20,true,true,OK
cpp_tok,XS,XS_s070911401.cpp,112,Leo,39,39,1129125.00,199395.50,16384,20,true,true,OK
cpp_tok,XS,XS_s070911401.cpp,112,GLL,39,39,1358875.00,77125.00,16384,20,true,true,OK
cpp_tok,XS,XS_s070911401.cpp,112,RNGLR,39,39,106791.00,250.00,16384,20,true,true,OK
cpp_tok,XS,XS_s070911401.cpp,112,BRNGLR,39,39,105271.00,1042.00,16384,20,true,true,OK
cpp_tok,XS,XS_s884075891.cpp,96,Leo,40,40,841374.50,22500.00,16384,20,true,true,OK
cpp_tok,XS,XS_s884075891.cpp,96,GLL,40,40,1245770.50,86520.50,16384,20,true,true,OK
cpp_tok,XS,XS_s884075891.cpp,96,RNGLR,40,40,96479.00,1041.50,16384,20,true,true,OK
cpp_tok,XS,XS_s884075891.cpp,96,BRNGLR,40,40,97708.50,1500.50,16384,20,true,true,OK
cpp_tok,XS,XS_s470435684.cpp,98,Leo,40,40,817791.50,19145.50,16384,20,true,true,OK
cpp_tok,XS,XS_s470435684.cpp,98,GLL,40,40,1294312.50,74708.50,16384,20,true,true,OK
cpp_tok,XS,XS_s470435684.cpp,98,RNGLR,40,40,106062.50,7646.00,16384,20,true,true,OK
cpp_tok,XS,XS_s470435684.cpp,98,BRNGLR,40,40,98041.50,1729.00,16384,20,true,true,OK
cpp_tok,XS,XS_s080591433.cpp,123,Leo,42,42,818125.00,15396.00,16384,20,true,true,OK
cpp_tok,XS,XS_s080591433.cpp,123,GLL,42,42,1257541.50,33458.00,16384,20,true,true,OK
cpp_tok,XS,XS_s080591433.cpp,123,RNGLR,42,42,100313.00,1146.00,16384,20,true,true,OK
cpp_tok,XS,XS_s080591433.cpp,123,BRNGLR,42,42,99458.50,750.00,16384,20,true,true,OK
cpp_tok,XS,XS_s642382867.cpp,116,Leo,43,43,903916.50,16166.50,16384,20,true,true,OK
cpp_tok,XS,XS_s642382867.cpp,116,GLL,43,43,1162041.50,12666.00,16384,20,true,true,OK
cpp_tok,XS,XS_s642382867.cpp,116,RNGLR,43,43,125021.00,812.50,16384,20,true,true,OK
cpp_tok,XS,XS_s642382867.cpp,116,BRNGLR,43,43,121896.00,1896.00,16384,20,true,true,OK
cpp_tok,XS,XS_s120331296.cpp,125,Leo,43,43,850854.00,6624.50,16384,20,true,true,OK
cpp_tok,XS,XS_s120331296.cpp,125,GLL,43,43,1228562.00,21791.50,16384,20,true,true,OK
cpp_tok,XS,XS_s120331296.cpp,125,RNGLR,43,43,101479.00,1166.50,16384,20,true,true,OK
cpp_tok,XS,XS_s120331296.cpp,125,BRNGLR,43,43,100375.50,750.50,16384,20,true,true,OK
cpp_tok,XS,XS_s533847557.cpp,130,Leo,43,43,959854.00,7999.50,16384,20,true,true,OK
cpp_tok,XS,XS_s533847557.cpp,130,GLL,43,43,1395708.50,13750.50,16384,20,true,true,OK
cpp_tok,XS,XS_s533847557.cpp,130,RNGLR,43,43,1613895.50,796042.00,16384,20,true,true,OK
cpp_tok,XS,XS_s533847557.cpp,130,BRNGLR,43,43,134249.50,6145.00,16384,20,true,true,OK
cpp_tok,XS,XS_s971100342.cpp,108,Leo,44,44,939166.50,53292.00,16384,20,true,true,OK
cpp_tok,XS,XS_s971100342.cpp,108,GLL,44,44,1318020.50,20291.00,16384,20,true,true,OK
cpp_tok,XS,XS_s971100342.cpp,108,RNGLR,44,44,113895.50,437.50,16384,20,true,true,OK
cpp_tok,XS,XS_s971100342.cpp,108,BRNGLR,44,44,113416.50,333.00,16384,20,true,true,OK
cpp_tok,XS,XS_s358600714.cpp,129,Leo,45,45,1004437.50,11354.50,16384,20,true,true,OK
cpp_tok,XS,XS_s358600714.cpp,129,GLL,45,45,1420708.00,10249.50,16384,20,true,true,OK
cpp_tok,XS,XS_s358600714.cpp,129,RNGLR,45,45,113958.50,1542.00,16384,20,true,true,OK
cpp_tok,XS,XS_s358600714.cpp,129,BRNGLR,45,45,112063.00,479.50,16384,20,true,true,OK
cpp_tok,XS,XS_s142758494.cpp,141,Leo,46,46,974479.50,15291.00,16384,20,true,true,OK
cpp_tok,XS,XS_s142758494.cpp,141,GLL,46,46,1505666.50,19437.50,16384,20,true,true,OK
cpp_tok,XS,XS_s142758494.cpp,141,RNGLR,46,46,131459.00,938.00,16384,20,true,true,OK
cpp_tok,XS,XS_s142758494.cpp,141,BRNGLR,46,46,129708.50,625.00,16384,20,true,true,OK
cpp_tok,S,S_s531554984.cpp,301,Leo,47,47,956896.00,5729.50,16384,20,true,true,OK
cpp_tok,S,S_s531554984.cpp,301,GLL,47,47,1555667.00,35958.50,16384,20,true,true,OK
cpp_tok,S,S_s531554984.cpp,301,RNGLR,47,47,157708.00,1437.00,16384,20,true,true,OK
cpp_tok,S,S_s531554984.cpp,301,BRNGLR,47,47,156792.00,1958.50,16384,20,true,true,OK
cpp_tok,XS,XS_s574268491.cpp,113,Leo,48,48,968062.50,14833.50,16384,20,true,true,OK
cpp_tok,XS,XS_s574268491.cpp,113,GLL,48,48,1522042.00,25875.00,16384,20,true,true,OK
cpp_tok,XS,XS_s574268491.cpp,113,RNGLR,48,48,162000.00,1604.50,16384,20,true,true,OK
cpp_tok,XS,XS_s574268491.cpp,113,BRNGLR,48,48,166979.00,3333.00,16384,20,true,true,OK
cpp_tok,XS,XS_s936842344.cpp,134,Leo,49,49,1027896.00,12166.50,16384,20,true,true,OK
cpp_tok,XS,XS_s936842344.cpp,134,GLL,49,49,1534396.00,24000.00,16384,20,true,true,OK
cpp_tok,XS,XS_s936842344.cpp,134,RNGLR,49,49,135604.00,2083.00,16384,20,true,true,OK
cpp_tok,XS,XS_s936842344.cpp,134,BRNGLR,49,49,131792.00,2438.00,16384,20,true,true,OK
cpp_tok,XS,XS_s840288754.cpp,139,Leo,49,49,1061271.00,25292.00,16384,20,true,true,OK
cpp_tok,XS,XS_s840288754.cpp,139,GLL,49,49,1522041.50,21792.00,16384,20,true,true,OK
cpp_tok,XS,XS_s840288754.cpp,139,RNGLR,49,49,142896.00,979.00,16384,20,true,true,OK
cpp_tok,XS,XS_s840288754.cpp,139,BRNGLR,49,49,140250.50,917.00,16384,20,true,true,OK
cpp_tok,S,S_s114065715.cpp,160,Leo,49,49,1105625.00,3521.00,16384,20,true,true,OK
cpp_tok,S,S_s114065715.cpp,160,GLL,49,49,1426417.00,18208.50,16384,20,true,true,OK
cpp_tok,S,S_s114065715.cpp,160,RNGLR,49,49,121875.00,583.50,16384,20,true,true,OK
cpp_tok,S,S_s114065715.cpp,160,BRNGLR,49,49,122625.00,1458.00,16384,20,true,true,OK
cpp_tok,S,S_s858626350.cpp,188,Leo,50,50,1194604.50,14624.50,16384,20,true,true,OK
cpp_tok,S,S_s858626350.cpp,188,GLL,50,50,1314708.00,21646.00,16384,20,true,true,OK
cpp_tok,S,S_s858626350.cpp,188,RNGLR,50,50,131354.00,812.50,16384,20,true,true,OK
cpp_tok,S,S_s858626350.cpp,188,BRNGLR,50,50,132500.00,1396.00,16384,20,true,true,OK
cpp_tok,XS,XS_s735526432.cpp,94,Leo,51,51,916041.50,11666.50,16384,20,true,true,OK
cpp_tok,XS,XS_s735526432.cpp,94,GLL,51,51,1478021.00,24542.00,16384,20,true,true,OK
cpp_tok,XS,XS_s735526432.cpp,94,RNGLR,51,51,106458.50,521.00,16384,20,true,true,OK
cpp_tok,XS,XS_s735526432.cpp,94,BRNGLR,51,51,108354.00,541.50,16384,20,true,true,OK
cpp_tok,S,S_s609548426.cpp,186,Leo,51,51,1227208.00,16187.50,16384,20,true,true,OK
cpp_tok,S,S_s609548426.cpp,186,GLL,51,51,1493708.50,8229.50,16384,20,true,true,OK
cpp_tok,S,S_s609548426.cpp,186,RNGLR,51,51,122062.50,1083.50,16384,20,true,true,OK
cpp_tok,S,S_s609548426.cpp,186,BRNGLR,51,51,121104.00,791.50,16384,20,true,true,OK
cpp_tok,XS,XS_s910795347.cpp,189,Leo,51,51,1202542.00,16250.00,16384,20,true,true,OK
cpp_tok,XS,XS_s910795347.cpp,189,GLL,51,51,1560812.50,14625.00,16384,20,true,true,OK
cpp_tok,XS,XS_s910795347.cpp,189,RNGLR,51,51,136708.00,479.00,16384,20,true,true,OK
cpp_tok,XS,XS_s910795347.cpp,189,BRNGLR,51,51,136291.50,896.00,16384,20,true,true,OK
cpp_tok,S,S_s710029442.cpp,135,Leo,52,52,1015250.50,15354.50,16384,20,true,true,OK
cpp_tok,S,S_s710029442.cpp,135,GLL,52,52,1685604.50,29167.00,16384,20,true,true,OK
cpp_tok,S,S_s710029442.cpp,135,RNGLR,52,52,140208.00,708.00,16384,20,true,true,OK
cpp_tok,S,S_s710029442.cpp,135,BRNGLR,52,52,138271.00,854.50,16384,20,true,true,OK
cpp_tok,XS,XS_s786405060.cpp,147,Leo,52,52,1210312.50,18812.50,16384,20,true,true,OK
cpp_tok,XS,XS_s786405060.cpp,147,GLL,52,52,1494188.00,14250.50,16384,20,true,true,OK
cpp_tok,XS,XS_s786405060.cpp,147,RNGLR,52,52,115083.50,937.50,16384,20,true,true,OK
cpp_tok,XS,XS_s786405060.cpp,147,BRNGLR,52,52,114729.50,729.50,16384,20,true,true,OK
cpp_tok,S,S_s674234749.cpp,116,Leo,53,53,1246916.50,8312.00,16384,20,true,true,OK
cpp_tok,S,S_s674234749.cpp,116,GLL,53,53,1854395.50,31062.50,16384,20,true,true,OK
cpp_tok,S,S_s674234749.cpp,116,RNGLR,53,53,159208.50,1625.00,16384,20,true,true,OK
cpp_tok,S,S_s674234749.cpp,116,BRNGLR,53,53,157250.00,666.50,16384,20,true,true,OK
cpp_tok,XS,XS_s183732505.cpp,148,Leo,53,53,1082499.50,70645.00,16384,20,true,true,OK
cpp_tok,XS,XS_s183732505.cpp,148,GLL,53,53,1584083.00,53105.00,16384,20,true,true,OK
cpp_tok,XS,XS_s183732505.cpp,148,RNGLR,53,53,125645.50,1458.00,16384,20,true,true,OK
cpp_tok,XS,XS_s183732505.cpp,148,BRNGLR,53,53,123917.00,729.00,16384,20,true,true,OK
cpp_tok,XS,XS_s417268493.cpp,160,Leo,53,53,1130645.50,37520.50,16384,20,true,true,OK
cpp_tok,XS,XS_s417268493.cpp,160,GLL,53,53,1645958.50,47937.50,16384,20,true,true,OK
cpp_tok,XS,XS_s417268493.cpp,160,RNGLR,53,53,130333.50,854.00,16384,20,true,true,OK
cpp_tok,XS,XS_s417268493.cpp,160,BRNGLR,53,53,128687.50,708.50,16384,20,true,true,OK
cpp_tok,XS,XS_s788858029.cpp,159,Leo,54,54,1364375.00,30688.00,16384,20,true,true,OK
cpp_tok,XS,XS_s788858029.cpp,159,GLL,54,54,1694437.50,30812.50,16384,20,true,true,OK
cpp_tok,XS,XS_s788858029.cpp,159,RNGLR,54,54,140563.00,542.00,16384,20,true,true,OK
cpp_tok,XS,XS_s788858029.cpp,159,BRNGLR,54,54,138146.00,854.00,16384,20,true,true,OK
cpp_tok,XS,XS_s342191378.cpp,171,Leo,54,54,1302624.50,22229.00,16384,20,true,true,OK
cpp_tok,XS,XS_s342191378.cpp,171,GLL,54,54,1746187.50,33396.00,16384,20,true,true,OK
cpp_tok,XS,XS_s342191378.cpp,171,RNGLR,54,54,144083.50,729.00,16384,20,true,true,OK
cpp_tok,XS,XS_s342191378.cpp,171,BRNGLR,54,54,142062.50,625.00,16384,20,true,true,OK
cpp_tok,XS,XS_s595620629.cpp,176,Leo,54,54,1137771.00,12166.50,16384,20,true,true,OK
cpp_tok,XS,XS_s595620629.cpp,176,GLL,54,54,1871833.00,38291.50,16384,20,true,true,OK
cpp_tok,XS,XS_s595620629.cpp,176,RNGLR,54,54,149041.50,1333.50,16384,20,true,true,OK
cpp_tok,XS,XS_s595620629.cpp,176,BRNGLR,54,54,150479.00,1104.00,16384,20,true,true,OK
cpp_tok,XS,XS_s683580805.cpp,156,Leo,55,55,1254145.50,43666.50,16384,20,true,true,OK
cpp_tok,XS,XS_s683580805.cpp,156,GLL,55,55,1871687.50,273333.00,16384,20,true,true,OK
cpp_tok,XS,XS_s683580805.cpp,156,RNGLR,55,55,163854.00,36354.00,16384,20,true,true,OK
cpp_tok,XS,XS_s683580805.cpp,156,BRNGLR,55,55,127729.00,2104.00,16384,20,true,true,OK
cpp_tok,XS,XS_s115379621.cpp,160,Leo,55,55,1436708.50,46395.50,16384,20,true,true,OK
cpp_tok,XS,XS_s115379621.cpp,160,GLL,55,55,1705167.00,45625.00,16384,20,true,true,OK
cpp_tok,XS,XS_s115379621.cpp,160,RNGLR,55,55,125520.50,812.00,16384,20,true,true,OK
cpp_tok,XS,XS_s115379621.cpp,160,BRNGLR,55,55,125542.00,1521.00,16384,20,true,true,OK
cpp_tok,XS,XS_s420342148.cpp,129,Leo,57,57,1295687.50,25062.00,16384,20,true,true,OK
cpp_tok,XS,XS_s420342148.cpp,129,GLL,57,57,2440645.50,534062.50,16384,20,true,true,OK
cpp_tok,XS,XS_s420342148.cpp,129,RNGLR,57,57,146000.50,4042.00,16384,20,true,true,OK
cpp_tok,XS,XS_s420342148.cpp,129,BRNGLR,57,57,149250.00,7646.00,16384,20,true,true,OK
cpp_tok,XS,XS_s784908988.cpp,136,Leo,57,57,1610146.00,200750.00,16384,20,true,true,OK
cpp_tok,XS,XS_s784908988.cpp,136,GLL,57,57,1821687.50,37729.00,16384,20,true,true,OK
cpp_tok,XS,XS_s784908988.cpp,136,RNGLR,57,57,169041.50,2354.50,0,20,true,true,OK
cpp_tok,XS,XS_s784908988.cpp,136,BRNGLR,57,57,162625.00,1750.00,16384,20,true,true,OK
cpp_tok,XS,XS_s873199314.cpp,191,Leo,57,57,1424104.00,31354.00,16384,20,true,true,OK
cpp_tok,XS,XS_s873199314.cpp,191,GLL,57,57,1813937.50,56770.50,16384,20,true,true,OK
cpp_tok,XS,XS_s873199314.cpp,191,RNGLR,57,57,147229.50,3020.50,16384,20,true,true,OK
cpp_tok,XS,XS_s873199314.cpp,191,BRNGLR,57,57,149875.00,4020.50,16384,20,true,true,OK
cpp_tok,S,S_s684665547.cpp,145,Leo,58,58,1353687.00,49312.00,16384,20,true,true,OK
cpp_tok,S,S_s684665547.cpp,145,GLL,58,58,2066813.00,13812.50,16384,20,true,true,OK
cpp_tok,S,S_s684665547.cpp,145,RNGLR,58,58,161541.50,1041.50,16384,20,true,true,OK
cpp_tok,S,S_s684665547.cpp,145,BRNGLR,58,58,160500.50,938.00,16384,20,true,true,OK
cpp_tok,S,S_s450826406.cpp,198,Leo,58,58,1285875.00,50187.50,16384,20,true,true,OK
cpp_tok,S,S_s450826406.cpp,198,GLL,58,58,1701895.50,21562.00,16384,20,true,true,OK
cpp_tok,S,S_s450826406.cpp,198,RNGLR,58,58,146833.00,667.00,16384,20,true,true,OK
cpp_tok,S,S_s450826406.cpp,198,BRNGLR,58,58,145354.00,667.00,16384,20,true,true,OK
cpp_tok,S,S_s392150103.cpp,202,Leo,58,58,1430833.00,24249.50,16384,20,true,true,OK
cpp_tok,S,S_s392150103.cpp,202,GLL,58,58,1701312.50,29729.00,16384,20,true,true,OK
cpp_tok,S,S_s392150103.cpp,202,RNGLR,58,58,138062.50,437.50,16384,20,true,true,OK
cpp_tok,S,S_s392150103.cpp,202,BRNGLR,58,58,141687.00,667.50,16384,20,true,true,OK
cpp_tok,XS,XS_s391885677.cpp,230,Leo,58,58,1274958.50,11354.50,0,20,true,true,OK
cpp_tok,XS,XS_s391885677.cpp,230,GLL,58,58,1640000.50,28396.00,16384,20,true,true,OK
cpp_tok,XS,XS_s391885677.cpp,230,RNGLR,58,58,127000.00,520.50,16384,20,true,true,OK
cpp_tok,XS,XS_s391885677.cpp,230,BRNGLR,58,58,127292.00,417.00,16384,20,true,true,OK
cpp_tok,XS,XS_s363879371.cpp,188,Leo,59,59,1238208.50,14708.50,16384,20,true,true,OK
cpp_tok,XS,XS_s363879371.cpp,188,GLL,59,59,1718395.50,17166.50,16384,20,true,true,OK
cpp_tok,XS,XS_s363879371.cpp,188,RNGLR,59,59,147750.50,604.50,16384,20,true,true,OK
cpp_tok,XS,XS_s363879371.cpp,188,BRNGLR,59,59,146083.00,583.00,16384,20,true,true,OK
cpp_tok,S,S_s880824697.cpp,155,Leo,61,61,1182000.00,13958.50,16384,20,true,true,OK
cpp_tok,S,S_s880824697.cpp,155,GLL,61,61,1965541.50,17104.50,0,20,true,true,OK
cpp_tok,S,S_s880824697.cpp,155,RNGLR,61,61,174395.50,437.00,16384,20,true,true,OK
cpp_tok,S,S_s880824697.cpp,155,BRNGLR,61,61,176645.50,916.50,16384,20,true,true,OK
cpp_tok,S,S_s969675661.cpp,176,Leo,61,61,1597104.00,17333.50,16384,20,true,true,OK
cpp_tok,S,S_s969675661.cpp,176,GLL,61,61,1890917.00,26812.50,16384,20,true,true,OK
cpp_tok,S,S_s969675661.cpp,176,RNGLR,61,61,176479.50,688.00,16384,20,true,true,OK
cpp_tok,S,S_s969675661.cpp,176,BRNGLR,61,61,173000.00,979.00,16384,20,true,true,OK
cpp_tok,XS,XS_s625410395.cpp,195,Leo,61,61,1428479.50,8750.00,16384,20,true,true,OK
cpp_tok,XS,XS_s625410395.cpp,195,GLL,61,61,1841500.00,20750.00,16384,20,true,true,OK
cpp_tok,XS,XS_s625410395.cpp,195,RNGLR,61,61,135646.00,896.00,16384,20,true,true,OK
cpp_tok,XS,XS_s625410395.cpp,195,BRNGLR,61,61,135500.00,812.50,16384,20,true,true,OK
cpp_tok,M,M_s618851250.cpp,316,Leo,61,61,1233854.50,8312.50,16384,20,true,true,OK
cpp_tok,M,M_s618851250.cpp,316,GLL,61,61,1725604.00,21604.50,16384,20,true,true,OK
cpp_tok,M,M_s618851250.cpp,316,RNGLR,61,61,141375.00,916.50,16384,20,true,true,OK
cpp_tok,M,M_s618851250.cpp,316,BRNGLR,61,61,140250.00,541.50,16384,20,true,true,OK
cpp_tok,S,S_s608473380.cpp,239,Leo,65,65,1514229.50,19875.00,16384,20,true,true,OK
cpp_tok,S,S_s608473380.cpp,239,GLL,65,65,1974896.00,59417.00,16384,20,true,true,OK
cpp_tok,S,S_s608473380.cpp,239,RNGLR,65,65,166146.00,1687.50,16384,20,true,true,OK
cpp_tok,S,S_s608473380.cpp,239,BRNGLR,65,65,164750.00,958.50,16384,20,true,true,OK
cpp_tok,XS,XS_s070645736.cpp,148,Leo,68,68,1599250.00,14729.50,16384,20,true,true,OK
cpp_tok,XS,XS_s070645736.cpp,148,GLL,68,68,2315749.50,25354.00,16384,20,true,true,OK
cpp_tok,XS,XS_s070645736.cpp,148,RNGLR,68,68,231208.00,728.50,16384,20,true,true,OK
cpp_tok,XS,XS_s070645736.cpp,148,BRNGLR,68,68,235666.50,1771.00,16384,20,true,true,OK
cpp_tok,XS,XS_s314987551.cpp,180,Leo,69,69,1580229.00,25187.50,0,20,true,true,OK
cpp_tok,XS,XS_s314987551.cpp,180,GLL,69,69,2189833.50,24979.50,16384,20,true,true,OK
cpp_tok,XS,XS_s314987551.cpp,180,RNGLR,69,69,180958.50,1875.50,16384,20,true,true,OK
cpp_tok,XS,XS_s314987551.cpp,180,BRNGLR,69,69,178291.50,1250.00,16384,20,true,true,OK
cpp_tok,S,S_s790426165.cpp,200,Leo,71,71,1642583.00,78416.50,16384,20,true,true,OK
cpp_tok,S,S_s790426165.cpp,200,GLL,71,71,2102146.00,38562.50,16384,20,true,true,OK
cpp_tok,S,S_s790426165.cpp,200,RNGLR,71,71,170896.00,771.00,16384,20,true,true,OK
cpp_tok,S,S_s790426165.cpp,200,BRNGLR,71,71,179021.00,1000.50,16384,20,true,true,OK
cpp_tok,S,S_s250848507.cpp,184,Leo,72,72,1592771.00,43917.00,16384,20,true,true,OK
cpp_tok,S,S_s250848507.cpp,184,GLL,72,72,2306333.00,47124.50,16384,20,true,true,OK
cpp_tok,S,S_s250848507.cpp,184,RNGLR,72,72,175020.50,1625.00,16384,20,true,true,OK
cpp_tok,S,S_s250848507.cpp,184,BRNGLR,72,72,182625.00,687.00,16384,20,true,true,OK
cpp_tok,XS,XS_s665931194.cpp,197,Leo,77,77,1779042.00,50583.50,16384,20,true,true,OK
cpp_tok,XS,XS_s665931194.cpp,197,GLL,77,77,2539833.00,27417.00,16384,20,true,true,OK
cpp_tok,XS,XS_s665931194.cpp,197,RNGLR,77,77,217104.50,854.50,16384,20,true,true,OK
cpp_tok,XS,XS_s665931194.cpp,197,BRNGLR,77,77,220625.00,1104.00,16384,20,true,true,OK
cpp_tok,XS,XS_s552487558.cpp,219,Leo,77,77,1592125.00,50250.00,16384,20,true,true,OK
cpp_tok,XS,XS_s552487558.cpp,219,GLL,77,77,2329646.00,50521.00,16384,20,true,true,OK
cpp_tok,XS,XS_s552487558.cpp,219,RNGLR,77,77,172125.00,3125.00,16384,20,true,true,OK
cpp_tok,XS,XS_s552487558.cpp,219,BRNGLR,77,77,180083.00,1104.00,16384,20,true,true,OK
cpp_tok,XS,XS_s752125614.cpp,221,Leo,78,78,2088521.00,61375.00,16384,20,true,true,OK
cpp_tok,XS,XS_s752125614.cpp,221,GLL,78,78,2566354.00,25167.00,16384,20,true,true,OK
cpp_tok,XS,XS_s752125614.cpp,221,RNGLR,78,78,203624.50,833.50,16384,20,true,true,OK
cpp_tok,XS,XS_s752125614.cpp,221,BRNGLR,78,78,212938.00,2834.00,16384,20,true,true,OK
cpp_tok,S,S_s201509784.cpp,269,Leo,78,78,1954042.00,58417.00,196608,20,true,true,OK
cpp_tok,S,S_s201509784.cpp,269,GLL,78,78,2324416.50,37229.00,16384,20,true,true,OK
cpp_tok,S,S_s201509784.cpp,269,RNGLR,78,78,187021.00,2708.50,16384,20,true,true,OK
cpp_tok,S,S_s201509784.cpp,269,BRNGLR,78,78,187583.00,749.50,16384,20,true,true,OK
cpp_tok,M,M_s922079222.cpp,225,Leo,79,79,1943687.50,39916.50,16384,20,true,true,OK
cpp_tok,M,M_s922079222.cpp,225,GLL,79,79,2968187.00,125562.00,16384,20,true,true,OK
cpp_tok,M,M_s922079222.cpp,225,RNGLR,79,79,229500.50,833.50,16384,20,true,true,OK
cpp_tok,M,M_s922079222.cpp,225,BRNGLR,79,79,225625.00,1187.50,16384,20,true,true,OK
cpp_tok,XS,XS_s543376122.cpp,160,Leo,81,81,1549271.00,6771.00,16384,20,true,true,OK
cpp_tok,XS,XS_s543376122.cpp,160,GLL,81,81,2528520.50,59021.00,16384,20,true,true,OK
cpp_tok,XS,XS_s543376122.cpp,160,RNGLR,81,81,178437.50,1041.50,16384,20,true,true,OK
cpp_tok,XS,XS_s543376122.cpp,160,BRNGLR,81,81,187833.50,2062.50,16384,20,true,true,OK
cpp_tok,XS,XS_s385595056.cpp,173,Leo,81,81,1708729.50,47959.00,16384,20,true,true,OK
cpp_tok,XS,XS_s385595056.cpp,173,GLL,81,81,2699791.50,17208.50,16384,20,true,true,OK
cpp_tok,XS,XS_s385595056.cpp,173,RNGLR,81,81,239063.00,2188.00,16384,20,true,true,OK
cpp_tok,XS,XS_s385595056.cpp,173,BRNGLR,81,81,239375.00,1958.50,16384,20,true,true,OK
cpp_tok,XS,XS_s700893425.cpp,195,Leo,81,81,1741937.50,23604.50,16384,20,true,true,OK
cpp_tok,XS,XS_s700893425.cpp,195,GLL,81,81,2570687.50,36729.50,16384,20,true,true,OK
cpp_tok,XS,XS_s700893425.cpp,195,RNGLR,81,81,222375.00,1854.00,16384,20,true,true,OK
cpp_tok,XS,XS_s700893425.cpp,195,BRNGLR,81,81,222125.00,2229.00,16384,20,true,true,OK
cpp_tok,S,S_s798451836.cpp,259,Leo,84,84,1897125.00,28063.00,16384,20,true,true,OK
cpp_tok,S,S_s798451836.cpp,259,GLL,84,84,2345771.00,23083.00,16384,20,true,true,OK
cpp_tok,S,S_s798451836.cpp,259,RNGLR,84,84,225083.50,1958.50,16384,20,true,true,OK
cpp_tok,S,S_s798451836.cpp,259,BRNGLR,84,84,223688.00,1333.50,16384,20,true,true,OK
cpp_tok,XS,XS_s620033813.cpp,155,Leo,85,85,1936625.00,12312.50,16384,20,true,true,OK
cpp_tok,XS,XS_s620033813.cpp,155,GLL,85,85,2923333.50,25458.00,16384,20,true,true,OK
cpp_tok,XS,XS_s620033813.cpp,155,RNGLR,85,85,272250.00,1645.50,16384,20,true,true,OK
cpp_tok,XS,XS_s620033813.cpp,155,BRNGLR,85,85,270208.50,2792.00,16384,20,true,true,OK
cpp_tok,S,S_s304565666.cpp,192,Leo,85,85,1923854.50,18021.50,16384,20,true,true,OK
cpp_tok,S,S_s304565666.cpp,192,GLL,85,85,2789500.50,9188.50,16384,20,true,true,OK
cpp_tok,S,S_s304565666.cpp,192,RNGLR,85,85,248000.50,3271.00,16384,20,true,true,OK
cpp_tok,S,S_s304565666.cpp,192,BRNGLR,85,85,243625.00,2146.00,16384,20,true,true,OK
cpp_tok,S,S_s772758705.cpp,346,Leo,86,86,1961750.00,27687.50,16384,20,true,true,OK
cpp_tok,S,S_s772758705.cpp,346,GLL,86,86,2383708.50,32708.50,16384,20,true,true,OK
cpp_tok,S,S_s772758705.cpp,346,RNGLR,86,86,191667.00,1604.50,16384,20,true,true,OK
cpp_tok,S,S_s772758705.cpp,346,BRNGLR,86,86,191104.00,625.50,16384,20,true,true,OK
cpp_tok,XS,XS_s686717724.cpp,226,Leo,91,91,2025812.50,30062.50,16384,20,true,true,OK
cpp_tok,XS,XS_s686717724.cpp,226,GLL,91,91,2839895.50,16770.50,16384,20,true,true,OK
cpp_tok,XS,XS_s686717724.cpp,226,RNGLR,91,91,214187.50,1041.50,16384,20,true,true,OK
cpp_tok,XS,XS_s686717724.cpp,226,BRNGLR,91,91,216896.00,1624.50,16384,20,true,true,OK
cpp_tok,M,M_s753529949.cpp,292,Leo,95,95,2156792.00,34021.00,32768,20,true,true,OK
cpp_tok,M,M_s753529949.cpp,292,GLL,95,95,3024229.00,32416.50,16384,20,true,true,OK
cpp_tok,M,M_s753529949.cpp,292,RNGLR,95,95,266937.50,1833.00,16384,20,true,true,OK
cpp_tok,M,M_s753529949.cpp,292,BRNGLR,95,95,266958.50,1271.50,16384,20,true,true,OK
cpp_tok,S,S_s070885616.cpp,306,Leo,96,96,2065688.00,23980.00,16384,20,true,true,OK
cpp_tok,S,S_s070885616.cpp,306,GLL,96,96,3007521.00,19354.50,16384,20,true,true,OK
cpp_tok,S,S_s070885616.cpp,306,RNGLR,96,96,270146.00,9208.50,16384,20,true,true,OK
cpp_tok,S,S_s070885616.cpp,306,BRNGLR,96,96,263271.00,7417.00,16384,20,true,true,OK
cpp_tok,S,S_s220285482.cpp,344,Leo,98,98,2284458.00,64291.50,16384,20,true,true,OK
cpp_tok,S,S_s220285482.cpp,344,GLL,98,98,3314354.00,72646.00,16384,20,true,true,OK
cpp_tok,S,S_s220285482.cpp,344,RNGLR,98,98,287833.50,7500.00,16384,20,true,true,OK
cpp_tok,S,S_s220285482.cpp,344,BRNGLR,98,98,283708.00,916.50,16384,20,true,true,OK
cpp_tok,XS,XS_s396186257.cpp,281,Leo,103,103,2248500.00,81249.50,16384,20,true,true,OK
cpp_tok,XS,XS_s396186257.cpp,281,GLL,103,103,3419937.00,27479.00,16384,20,true,true,OK
cpp_tok,XS,XS_s396186257.cpp,281,RNGLR,103,103,248458.00,2124.50,16384,20,true,true,OK
cpp_tok,XS,XS_s396186257.cpp,281,BRNGLR,103,103,257521.00,2604.00,16384,20,true,true,OK
cpp_tok,XS,XS_s937979818.cpp,282,Leo,103,103,2352812.50,75187.50,16384,20,true,true,OK
cpp_tok,XS,XS_s937979818.cpp,282,GLL,103,103,3020104.00,50708.00,16384,20,true,true,OK
cpp_tok,XS,XS_s937979818.cpp,282,RNGLR,103,103,277708.50,1625.00,16384,20,true,true,OK
cpp_tok,XS,XS_s937979818.cpp,282,BRNGLR,103,103,284917.00,937.50,16384,20,true,true,OK
cpp_tok,M,M_s555890395.cpp,464,Leo,104,104,2680208.50,42312.50,98304,20,true,true,OK
cpp_tok,M,M_s555890395.cpp,464,GLL,104,104,3707896.00,38813.00,32768,20,true,true,OK
cpp_tok,M,M_s555890395.cpp,464,RNGLR,104,104,345771.50,7167.00,16384,20,true,true,OK
cpp_tok,M,M_s555890395.cpp,464,BRNGLR,104,104,341604.00,3520.50,16384,20,true,true,OK
cpp_tok,S,S_s678077451.cpp,296,Leo,106,106,2480250.50,25458.50,16384,20,true,true,OK
cpp_tok,S,S_s678077451.cpp,296,GLL,106,106,3686375.00,25063.00,16384,20,true,true,OK
cpp_tok,S,S_s678077451.cpp,296,RNGLR,106,106,341583.50,5479.50,16384,20,true,true,OK
cpp_tok,S,S_s678077451.cpp,296,BRNGLR,106,106,342104.00,4229.00,16384,20,true,true,OK
cpp_tok,S,S_s608273363.cpp,236,Leo,107,107,2502604.00,43895.50,16384,20,true,true,OK
cpp_tok,S,S_s608273363.cpp,236,GLL,107,107,4027125.00,18250.00,16384,20,true,true,OK
cpp_tok,S,S_s608273363.cpp,236,RNGLR,107,107,381375.00,6041.50,16384,20,true,true,OK
cpp_tok,S,S_s608273363.cpp,236,BRNGLR,107,107,380062.00,5145.50,16384,20,true,true,OK
cpp_tok,S,S_s326778509.cpp,336,Leo,108,108,2438167.00,37396.00,16384,20,true,true,OK
cpp_tok,S,S_s326778509.cpp,336,GLL,108,108,3576062.50,10459.00,16384,20,true,true,OK
cpp_tok,S,S_s326778509.cpp,336,RNGLR,108,108,277208.00,3312.50,16384,20,true,true,OK
cpp_tok,S,S_s326778509.cpp,336,BRNGLR,108,108,278395.50,1854.00,16384,20,true,true,OK
cpp_tok,S,S_s108366164.cpp,294,Leo,110,110,2493999.50,13770.50,16384,20,true,true,OK
cpp_tok,S,S_s108366164.cpp,294,GLL,110,110,4060708.00,11562.00,16384,20,true,true,OK
cpp_tok,S,S_s108366164.cpp,294,RNGLR,110,110,334562.00,4354.50,16384,20,true,true,OK
cpp_tok,S,S_s108366164.cpp,294,BRNGLR,110,110,331062.50,4354.50,16384,20,true,true,OK
cpp_tok,S,S_s951503372.cpp,323,Leo,110,110,2687645.50,49813.00,16384,20,true,true,OK
cpp_tok,S,S_s951503372.cpp,323,GLL,110,110,3456708.00,26229.00,16384,20,true,true,OK
cpp_tok,S,S_s951503372.cpp,323,RNGLR,110,110,295125.00,2520.50,16384,20,true,true,OK
cpp_tok,S,S_s951503372.cpp,323,BRNGLR,110,110,297625.50,2500.50,16384,20,true,true,OK
cpp_tok,M,M_s693338171.cpp,457,Leo,114,114,2572958.50,24604.50,196608,20,true,true,OK
cpp_tok,M,M_s693338171.cpp,457,GLL,114,114,3077854.00,23812.50,16384,20,true,true,OK
cpp_tok,M,M_s693338171.cpp,457,RNGLR,114,114,262937.50,1125.00,16384,20,true,true,OK
cpp_tok,M,M_s693338171.cpp,457,BRNGLR,114,114,268562.50,2229.50,16384,20,true,true,OK
cpp_tok,XS,XS_s910532888.cpp,355,Leo,115,115,2869500.00,23062.50,114688,20,true,true,OK
cpp_tok,XS,XS_s910532888.cpp,355,GLL,115,115,4073896.00,18354.00,16384,20,true,true,OK
cpp_tok,XS,XS_s910532888.cpp,355,RNGLR,115,115,447062.50,3854.00,16384,20,true,true,OK
cpp_tok,XS,XS_s910532888.cpp,355,BRNGLR,115,115,444062.50,6750.50,16384,20,true,true,OK
cpp_tok,S,S_s976291624.cpp,284,Leo,117,117,2384083.50,25854.00,16384,20,true,true,OK
cpp_tok,S,S_s976291624.cpp,284,GLL,117,117,3501083.00,23291.50,16384,20,true,true,OK
cpp_tok,S,S_s976291624.cpp,284,RNGLR,117,117,317229.00,5874.50,16384,20,true,true,OK
cpp_tok,S,S_s976291624.cpp,284,BRNGLR,117,117,315208.50,2188.00,16384,20,true,true,OK
cpp_tok,S,S_s750717301.cpp,313,Leo,119,119,2735188.00,48916.50,32768,20,true,true,OK
cpp_tok,S,S_s750717301.cpp,313,GLL,119,119,4100333.00,43354.00,16384,20,true,true,OK
cpp_tok,S,S_s750717301.cpp,313,RNGLR,119,119,389500.00,12916.50,16384,20,true,true,OK
cpp_tok,S,S_s750717301.cpp,313,BRNGLR,119,119,381771.00,3959.00,16384,20,true,true,OK
cpp_tok,S,S_s987694690.cpp,325,Leo,119,119,2600562.50,88083.00,16384,20,true,true,OK
cpp_tok,S,S_s987694690.cpp,325,GLL,119,119,3914541.50,43083.00,16384,20,true,true,OK
cpp_tok,S,S_s987694690.cpp,325,RNGLR,119,119,352979.00,3437.50,16384,20,true,true,OK
cpp_tok,S,S_s987694690.cpp,325,BRNGLR,119,119,372166.50,7896.00,16384,20,true,true,OK
cpp_tok,M,M_s299196216.cpp,356,Leo,119,119,2883270.50,75604.00,16384,20,true,true,OK
cpp_tok,M,M_s299196216.cpp,356,GLL,119,119,3592916.50,29082.50,16384,20,true,true,OK
cpp_tok,M,M_s299196216.cpp,356,RNGLR,119,119,332584.00,6167.50,16384,20,true,true,OK
cpp_tok,M,M_s299196216.cpp,356,BRNGLR,119,119,339187.50,4396.00,16384,20,true,true,OK
cpp_tok,S,S_s101891833.cpp,247,Leo,121,121,2896708.50,93875.00,16384,20,true,true,OK
cpp_tok,S,S_s101891833.cpp,247,GLL,121,121,3926813.00,23020.50,16384,20,true,true,OK
cpp_tok,S,S_s101891833.cpp,247,RNGLR,121,121,328604.00,7271.00,16384,20,true,true,OK
cpp_tok,S,S_s101891833.cpp,247,BRNGLR,121,121,330646.00,2791.50,16384,20,true,true,OK
cpp_tok,S,S_s477191159.cpp,334,Leo,121,121,2895604.50,60833.50,16384,20,true,true,OK
cpp_tok,S,S_s477191159.cpp,334,GLL,121,121,4323167.00,21625.00,16384,20,true,true,OK
cpp_tok,S,S_s477191159.cpp,334,RNGLR,121,121,413458.50,6583.00,16384,20,true,true,OK
cpp_tok,S,S_s477191159.cpp,334,BRNGLR,121,121,403812.50,5312.50,16384,20,true,true,OK
cpp_tok,S,S_s070033624.cpp,256,Leo,122,122,2708729.00,32354.00,16384,20,true,true,OK
cpp_tok,S,S_s070033624.cpp,256,GLL,122,122,4405749.50,135062.00,16384,20,true,true,OK
cpp_tok,S,S_s070033624.cpp,256,RNGLR,122,122,421938.00,4980.00,16384,20,true,true,OK
cpp_tok,S,S_s070033624.cpp,256,BRNGLR,122,122,420000.00,9208.00,16384,20,true,true,OK
cpp_tok,S,S_s483581712.cpp,354,Leo,125,125,2792958.50,34041.50,16384,20,true,true,OK
cpp_tok,S,S_s483581712.cpp,354,GLL,125,125,3921041.50,26104.00,16384,20,true,true,OK
cpp_tok,S,S_s483581712.cpp,354,RNGLR,125,125,362021.00,4104.00,16384,20,true,true,OK
cpp_tok,S,S_s483581712.cpp,354,BRNGLR,125,125,357499.50,4833.00,16384,20,true,true,OK
cpp_tok,M,M_s976846832.cpp,363,Leo,127,127,2848374.50,35021.00,131072,20,true,true,OK
cpp_tok,M,M_s976846832.cpp,363,GLL,127,127,3864833.00,14478.50,16384,20,true,true,OK
cpp_tok,M,M_s976846832.cpp,363,RNGLR,127,127,409104.00,5875.50,16384,20,true,true,OK
cpp_tok,M,M_s976846832.cpp,363,BRNGLR,127,127,405916.50,4521.00,16384,20,true,true,OK
cpp_tok,S,S_s063942935.cpp,430,Leo,131,131,3050562.50,21562.50,16384,20,true,true,OK
cpp_tok,S,S_s063942935.cpp,430,GLL,131,131,4297687.50,15062.50,16384,20,true,true,OK
cpp_tok,S,S_s063942935.cpp,430,RNGLR,131,131,382542.00,3416.50,16384,20,true,true,OK
cpp_tok,S,S_s063942935.cpp,430,BRNGLR,131,131,379604.50,4083.50,16384,20,true,true,OK
cpp_tok,S,S_s147203447.cpp,372,Leo,132,132,2892542.00,49000.00,16384,20,true,true,OK
cpp_tok,S,S_s147203447.cpp,372,GLL,132,132,3887937.50,50167.00,16384,20,true,true,OK
cpp_tok,S,S_s147203447.cpp,372,RNGLR,132,132,394812.50,14458.00,16384,20,true,true,OK
cpp_tok,S,S_s147203447.cpp,372,BRNGLR,132,132,370875.50,6813.00,16384,20,true,true,OK
cpp_tok,S,S_s509024392.cpp,455,Leo,133,133,2984041.50,54625.00,16384,20,true,true,OK
cpp_tok,S,S_s509024392.cpp,455,GLL,133,133,3768333.00,23104.50,16384,20,true,true,OK
cpp_tok,S,S_s509024392.cpp,455,RNGLR,133,133,317791.50,4125.00,16384,20,true,true,OK
cpp_tok,S,S_s509024392.cpp,455,BRNGLR,133,133,318750.00,2771.00,16384,20,true,true,OK
cpp_tok,M,M_s618933250.cpp,712,Leo,134,134,3476104.00,189603.50,16384,20,true,true,OK
cpp_tok,M,M_s618933250.cpp,712,GLL,134,134,4805187.50,100208.50,16384,20,true,true,OK
cpp_tok,M,M_s618933250.cpp,712,RNGLR,134,134,474687.50,44625.00,16384,20,true,true,OK
cpp_tok,M,M_s618933250.cpp,712,BRNGLR,134,134,435125.00,14354.00,16384,20,true,true,OK
cpp_tok,S,S_s010765456.cpp,378,Leo,146,146,3596333.00,47436.50,32768,20,true,true,OK
cpp_tok,S,S_s010765456.cpp,378,GLL,146,146,5483958.00,192957.50,16384,20,true,true,OK
cpp_tok,S,S_s010765456.cpp,378,RNGLR,146,146,439521.00,9687.50,16384,20,true,true,OK
cpp_tok,S,S_s010765456.cpp,378,BRNGLR,146,146,428500.50,14750.50,16384,20,true,true,OK
cpp_tok,XS,XS_s676906647.cpp,392,Leo,162,162,2898646.00,82312.00,16384,20,true,true,OK
cpp_tok,XS,XS_s676906647.cpp,392,GLL,162,162,4499062.50,43646.00,16384,20,true,true,OK
cpp_tok,XS,XS_s676906647.cpp,392,RNGLR,162,162,353229.00,7521.00,16384,20,true,true,OK
cpp_tok,XS,XS_s676906647.cpp,392,BRNGLR,162,162,356666.50,3374.50,16384,20,true,true,OK
cpp_tok,M,M_s669000535.cpp,525,Leo,163,163,4210166.50,31187.50,147456,20,true,true,OK
cpp_tok,M,M_s669000535.cpp,525,GLL,163,163,5203104.00,37208.00,16384,20,true,true,OK
cpp_tok,M,M_s669000535.cpp,525,RNGLR,163,163,432250.50,5333.50,16384,20,true,true,OK
cpp_tok,M,M_s669000535.cpp,525,BRNGLR,163,163,432604.00,11728.50,16384,20,true,true,OK
cpp_tok,M,M_s040384990.cpp,462,Leo,166,166,3695604.50,21645.50,16384,20,true,true,OK
cpp_tok,M,M_s040384990.cpp,462,GLL,166,166,5048583.50,21083.50,16384,20,true,true,OK
cpp_tok,M,M_s040384990.cpp,462,RNGLR,166,166,426458.50,6646.00,16384,20,true,true,OK
cpp_tok,M,M_s040384990.cpp,462,BRNGLR,166,166,423271.00,1999.50,16384,20,true,true,OK
cpp_tok,S,S_s563030817.cpp,504,Leo,176,176,4089083.00,22625.00,114688,20,true,true,OK
cpp_tok,S,S_s563030817.cpp,504,GLL,176,176,6082813.00,31541.00,16384,20,true,true,OK
cpp_tok,S,S_s563030817.cpp,504,RNGLR,176,176,504937.50,3750.00,16384,20,true,true,OK
cpp_tok,S,S_s563030817.cpp,504,BRNGLR,176,176,504854.50,5541.50,16384,20,true,true,OK
cpp_tok,S,S_s499397132.cpp,546,Leo,176,176,3822833.00,21416.00,16384,20,true,true,OK
cpp_tok,S,S_s499397132.cpp,546,GLL,176,176,5178479.50,19479.00,16384,20,true,true,OK
cpp_tok,S,S_s499397132.cpp,546,RNGLR,176,176,447437.50,4416.50,16384,20,true,true,OK
cpp_tok,S,S_s499397132.cpp,546,BRNGLR,176,176,446249.50,8916.00,16384,20,true,true,OK
cpp_tok,M,M_s109858381.cpp,547,Leo,180,180,4672708.50,32938.00,196608,20,true,true,OK
cpp_tok,M,M_s109858381.cpp,547,GLL,180,180,6715416.50,36334.00,16384,20,true,true,OK
cpp_tok,M,M_s109858381.cpp,547,RNGLR,180,180,612375.00,3771.00,16384,20,true,true,OK
cpp_tok,M,M_s109858381.cpp,547,BRNGLR,180,180,635291.50,10791.50,16384,20,true,true,OK
cpp_tok,S,S_s927193439.cpp,488,Leo,201,201,4876063.00,59396.50,16384,20,true,true,OK
cpp_tok,S,S_s927193439.cpp,488,GLL,201,201,7567083.00,60979.50,16384,20,true,true,OK
cpp_tok,S,S_s927193439.cpp,488,RNGLR,201,201,665292.00,11687.50,16384,20,true,true,OK
cpp_tok,S,S_s927193439.cpp,488,BRNGLR,201,201,659771.00,15833.50,16384,20,true,true,OK
cpp_tok,M,M_s645513445.cpp,507,Leo,201,201,4669458.50,48812.50,16384,20,true,true,OK
cpp_tok,M,M_s645513445.cpp,507,GLL,201,201,7280875.50,110604.50,16384,20,true,true,OK
cpp_tok,M,M_s645513445.cpp,507,RNGLR,201,201,627375.50,5500.00,16384,20,true,true,OK
cpp_tok,M,M_s645513445.cpp,507,BRNGLR,201,201,618687.50,10604.00,16384,20,true,true,OK
cpp_tok,S,S_s600865051.cpp,556,Leo,201,201,4432583.00,57479.00,16384,20,true,true,OK
cpp_tok,S,S_s600865051.cpp,556,GLL,201,201,6833895.50,39937.00,16384,20,true,true,OK
cpp_tok,S,S_s600865051.cpp,556,RNGLR,201,201,533291.50,5416.50,16384,20,true,true,OK
cpp_tok,S,S_s600865051.cpp,556,BRNGLR,201,201,541750.00,6896.00,16384,20,true,true,OK
cpp_tok,M,M_s957978495.cpp,676,Leo,203,203,4682250.00,65645.50,16384,20,true,true,OK
cpp_tok,M,M_s957978495.cpp,676,GLL,203,203,6334187.00,18833.00,16384,20,true,true,OK
cpp_tok,M,M_s957978495.cpp,676,RNGLR,203,203,523937.00,6583.00,16384,20,true,true,OK
cpp_tok,M,M_s957978495.cpp,676,BRNGLR,203,203,510375.50,5188.00,16384,20,true,true,OK
cpp_tok,L,L_s855220753.cpp,574,Leo,213,213,4194353.50,33978.50,114688,20,true,true,OK
cpp_tok,L,L_s855220753.cpp,574,GLL,213,213,5722208.00,22978.50,16384,20,true,true,OK
cpp_tok,L,L_s855220753.cpp,574,RNGLR,213,213,529874.50,1667.50,16384,20,true,true,OK
cpp_tok,L,L_s855220753.cpp,574,BRNGLR,213,213,518625.50,4792.00,16384,20,true,true,OK
cpp_tok,M,M_s980077242.cpp,534,Leo,214,214,5332937.50,47792.00,81920,20,true,true,OK
cpp_tok,M,M_s980077242.cpp,534,GLL,214,214,7675292.00,41188.00,16384,20,true,true,OK
cpp_tok,M,M_s980077242.cpp,534,RNGLR,214,214,655187.50,2520.50,16384,20,true,true,OK
cpp_tok,M,M_s980077242.cpp,534,BRNGLR,214,214,660375.00,11562.00,16384,20,true,true,OK
cpp_tok,M,M_s751908505.cpp,606,Leo,220,220,4958375.00,40979.50,16384,20,true,true,OK
cpp_tok,M,M_s751908505.cpp,606,GLL,220,220,6944917.00,75687.50,16384,20,true,true,OK
cpp_tok,M,M_s751908505.cpp,606,RNGLR,220,220,575416.50,16834.00,16384,20,true,true,OK
cpp_tok,M,M_s751908505.cpp,606,BRNGLR,220,220,550374.50,5749.50,16384,20,true,true,OK
cpp_tok,S,S_s210446787.cpp,470,Leo,221,221,4821708.00,61833.00,16384,20,true,true,OK
cpp_tok,S,S_s210446787.cpp,470,GLL,221,221,7697499.50,42333.00,16384,20,true,true,OK
cpp_tok,S,S_s210446787.cpp,470,RNGLR,221,221,745708.00,6083.50,16384,20,true,true,OK
cpp_tok,S,S_s210446787.cpp,470,BRNGLR,221,221,729625.00,6437.50,16384,20,true,true,OK
cpp_tok,M,M_s189800287.cpp,658,Leo,229,229,5037062.50,95229.00,16384,20,true,true,OK
cpp_tok,M,M_s189800287.cpp,658,GLL,229,229,7804958.50,30937.50,16384,20,true,true,OK
cpp_tok,M,M_s189800287.cpp,658,RNGLR,229,229,733562.50,4520.50,16384,20,true,true,OK
cpp_tok,M,M_s189800287.cpp,658,BRNGLR,229,229,720875.00,6521.00,16384,20,true,true,OK
cpp_tok,L,L_s938737066.cpp,995,Leo,230,230,5757250.50,172271.00,16384,20,true,true,OK
cpp_tok,L,L_s938737066.cpp,995,GLL,230,230,6894749.50,35708.50,16384,20,true,true,OK
cpp_tok,L,L_s938737066.cpp,995,RNGLR,230,230,656104.00,6916.50,16384,20,true,true,OK
cpp_tok,L,L_s938737066.cpp,995,BRNGLR,230,230,640937.50,3041.50,16384,20,true,true,OK
cpp_tok,M,M_s695762172.cpp,573,Leo,240,240,4946625.00,45958.50,49152,20,true,true,OK
cpp_tok,M,M_s695762172.cpp,573,GLL,240,240,8228312.50,29959.00,16384,20,true,true,OK
cpp_tok,M,M_s695762172.cpp,573,RNGLR,240,240,685792.00,3750.50,16384,20,true,true,OK
cpp_tok,M,M_s695762172.cpp,573,BRNGLR,240,240,668541.50,1895.50,16384,20,true,true,OK
cpp_tok,M,M_s348755482.cpp,630,Leo,244,244,5678416.50,31562.50,16384,20,true,true,OK
cpp_tok,M,M_s348755482.cpp,630,GLL,244,244,8103021.00,20125.00,16384,20,true,true,OK
cpp_tok,M,M_s348755482.cpp,630,RNGLR,244,244,718062.50,5562.00,16384,20,true,true,OK
cpp_tok,M,M_s348755482.cpp,630,BRNGLR,244,244,704521.00,7354.50,16384,20,true,true,OK
cpp_tok,M,M_s393833063.cpp,584,Leo,248,248,5533979.00,45167.00,16384,20,true,true,OK
cpp_tok,M,M_s393833063.cpp,584,GLL,248,248,8847896.00,104979.00,16384,20,true,true,OK
cpp_tok,M,M_s393833063.cpp,584,RNGLR,248,248,717479.00,20312.00,16384,20,true,true,OK
cpp_tok,M,M_s393833063.cpp,584,BRNGLR,248,248,694666.50,19291.00,16384,20,true,true,OK
cpp_tok,S,S_s109735483.cpp,593,Leo,248,248,5700333.00,76083.50,16384,20,true,true,OK
cpp_tok,S,S_s109735483.cpp,593,GLL,248,248,8717188.00,127958.00,16384,20,true,true,OK
cpp_tok,S,S_s109735483.cpp,593,RNGLR,248,248,813771.00,15042.50,16384,20,true,true,OK
cpp_tok,S,S_s109735483.cpp,593,BRNGLR,248,248,793479.00,17583.00,16384,20,true,true,OK
cpp_tok,M,M_s953374775.cpp,658,Leo,251,251,5757041.00,42353.00,16384,20,true,true,OK
cpp_tok,M,M_s953374775.cpp,658,GLL,251,251,8232479.50,77499.50,16384,20,true,true,OK
cpp_tok,M,M_s953374775.cpp,658,RNGLR,251,251,750000.00,5083.50,16384,20,true,true,OK
cpp_tok,M,M_s953374775.cpp,658,BRNGLR,251,251,732083.50,7375.50,16384,20,true,true,OK
cpp_tok,S,S_s876804116.cpp,575,Leo,258,258,5512312.50,31333.50,16384,20,true,true,OK
cpp_tok,S,S_s876804116.cpp,575,GLL,258,258,8900271.00,51875.00,16384,20,true,true,OK
cpp_tok,S,S_s876804116.cpp,575,RNGLR,258,258,813958.50,5333.50,16384,20,true,true,OK
cpp_tok,S,S_s876804116.cpp,575,BRNGLR,258,258,797979.50,16688.00,16384,20,true,true,OK
cpp_tok,M,M_s566453379.cpp,690,Leo,263,263,5915999.50,32334.00,16384,20,true,true,OK
cpp_tok,M,M_s566453379.cpp,690,GLL,263,263,8559125.00,72666.50,16384,20,true,true,OK
cpp_tok,M,M_s566453379.cpp,690,RNGLR,263,263,798208.50,9208.00,16384,20,true,true,OK
cpp_tok,M,M_s566453379.cpp,690,BRNGLR,263,263,762437.50,6541.50,16384,20,true,true,OK
cpp_tok,M,M_s610333728.cpp,625,Leo,269,269,5928646.00,41583.50,131072,20,true,true,OK
cpp_tok,M,M_s610333728.cpp,625,GLL,269,269,11643562.50,368458.00,16384,20,true,true,OK
cpp_tok,M,M_s610333728.cpp,625,RNGLR,269,269,863604.00,17875.00,16384,20,true,true,OK
cpp_tok,M,M_s610333728.cpp,625,BRNGLR,269,269,827521.00,16416.50,16384,20,true,true,OK
cpp_tok,M,M_s345755439.cpp,636,Leo,269,269,5875312.50,48000.00,16384,20,true,true,OK
cpp_tok,M,M_s345755439.cpp,636,GLL,269,269,9067083.50,108146.00,16384,20,true,true,OK
cpp_tok,M,M_s345755439.cpp,636,RNGLR,269,269,793083.00,21375.00,16384,20,true,true,OK
cpp_tok,M,M_s345755439.cpp,636,BRNGLR,269,269,772625.00,11645.50,16384,20,true,true,OK
cpp_tok,M,M_s964652337.cpp,712,Leo,275,275,6336833.00,62062.50,49152,20,true,true,OK
cpp_tok,M,M_s964652337.cpp,712,GLL,275,275,9317062.50,103354.00,16384,20,true,true,OK
cpp_tok,M,M_s964652337.cpp,712,RNGLR,275,275,916937.50,14333.00,16384,20,true,true,OK
cpp_tok,M,M_s964652337.cpp,712,BRNGLR,275,275,890208.50,5771.00,16384,20,true,true,OK
cpp_tok,M,M_s565736636.cpp,724,Leo,284,284,6236770.50,41667.00,16384,20,true,true,OK
cpp_tok,M,M_s565736636.cpp,724,GLL,284,284,9639229.00,46187.00,16384,20,true,true,OK
cpp_tok,M,M_s565736636.cpp,724,RNGLR,284,284,854896.00,20771.00,16384,20,true,true,OK
cpp_tok,M,M_s565736636.cpp,724,BRNGLR,284,284,837499.50,7167.00,16384,20,true,true,OK
cpp_tok,M,M_s696485185.cpp,750,Leo,297,297,6650667.00,64104.50,32768,20,true,true,OK
cpp_tok,M,M_s696485185.cpp,750,GLL,297,297,9834874.50,54312.50,16384,20,true,true,OK
cpp_tok,M,M_s696485185.cpp,750,RNGLR,297,297,872999.50,3542.00,16384,20,true,true,OK
cpp_tok,M,M_s696485185.cpp,750,BRNGLR,297,297,861812.00,13103.50,16384,20,true,true,OK
cpp_tok,L,L_s978985852.cpp,973,Leo,316,316,7750395.50,221562.50,196608,20,true,true,OK
cpp_tok,L,L_s978985852.cpp,973,GLL,316,316,11601708.50,268979.50,32768,20,true,true,OK
cpp_tok,L,L_s978985852.cpp,973,RNGLR,316,316,1102937.50,38667.00,16384,20,true,true,OK
cpp_tok,L,L_s978985852.cpp,973,BRNGLR,316,316,1099209.00,28376.00,16384,20,true,true,OK
cpp_tok,S,S_s705536733.cpp,730,Leo,347,347,8005499.50,76604.00,131072,20,true,true,OK
cpp_tok,S,S_s705536733.cpp,730,GLL,347,347,12888958.50,315416.50,49152,20,true,true,OK
cpp_tok,S,S_s705536733.cpp,730,RNGLR,347,347,1186208.00,22354.00,16384,20,true,true,OK
cpp_tok,S,S_s705536733.cpp,730,BRNGLR,347,347,1163417.00,16375.00,16384,20,true,true,OK
cpp_tok,L,L_s072154633.cpp,1015,Leo,352,352,8483020.50,67958.50,65536,20,true,true,OK
cpp_tok,L,L_s072154633.cpp,1015,GLL,352,352,12058041.50,367979.00,16384,20,true,true,OK
cpp_tok,L,L_s072154633.cpp,1015,RNGLR,352,352,914353.50,9355.50,16384,20,true,true,OK
cpp_tok,L,L_s072154633.cpp,1015,BRNGLR,352,352,903104.00,9229.00,16384,20,true,true,OK
cpp_tok,M,M_s911505138.cpp,837,Leo,361,361,7517812.50,66771.00,16384,20,true,true,OK
cpp_tok,M,M_s911505138.cpp,837,GLL,361,361,12019270.50,183979.00,16384,20,true,true,OK
cpp_tok,M,M_s911505138.cpp,837,RNGLR,361,361,1019916.50,10562.50,16384,20,true,true,OK
cpp_tok,M,M_s911505138.cpp,837,BRNGLR,361,361,995916.50,18416.50,16384,20,true,true,OK
cpp_tok,L,L_s970726458.cpp,989,Leo,368,368,9468812.00,137207.50,16384,20,true,true,OK
cpp_tok,L,L_s970726458.cpp,989,GLL,368,368,13547708.00,266937.00,16384,20,true,true,OK
cpp_tok,L,L_s970726458.cpp,989,RNGLR,368,368,1157874.50,39208.50,16384,20,true,true,OK
cpp_tok,L,L_s970726458.cpp,989,BRNGLR,368,368,1101916.50,11041.50,16384,20,true,true,OK
cpp_tok,M,M_s579498455.cpp,920,Leo,381,381,9012313.00,131083.50,16384,20,true,true,OK
cpp_tok,M,M_s579498455.cpp,920,GLL,381,381,14495271.00,285958.00,16384,20,true,true,OK
cpp_tok,M,M_s579498455.cpp,920,RNGLR,381,381,1234458.50,23188.00,16384,20,true,true,OK
cpp_tok,M,M_s579498455.cpp,920,BRNGLR,381,381,1242729.50,23083.50,16384,20,true,true,OK
cpp_tok,M,M_s111998639.cpp,720,Leo,386,386,8449125.00,60791.50,16384,20,true,true,OK
cpp_tok,M,M_s111998639.cpp,720,GLL,386,386,12733375.00,205187.50,16384,20,true,true,OK
cpp_tok,M,M_s111998639.cpp,720,RNGLR,386,386,1051000.00,17187.50,16384,20,true,true,OK
cpp_tok,M,M_s111998639.cpp,720,BRNGLR,386,386,1030271.00,9250.00,16384,20,true,true,OK
cpp_tok,M,M_s319660439.cpp,1035,Leo,401,401,9900750.00,332041.50,147456,20,true,true,OK
cpp_tok,M,M_s319660439.cpp,1035,GLL,401,401,13951812.00,215562.00,16384,20,true,true,OK
cpp_tok,M,M_s319660439.cpp,1035,RNGLR,401,401,1266229.00,32395.50,16384,20,true,true,OK
cpp_tok,M,M_s319660439.cpp,1035,BRNGLR,401,401,1254750.00,26375.00,16384,20,true,true,OK
cpp_tok,M,M_s131648632.cpp,1123,Leo,410,410,10160854.50,79146.00,16384,20,true,true,OK
cpp_tok,M,M_s131648632.cpp,1123,GLL,410,410,16141688.00,377584.00,32768,20,true,true,OK
cpp_tok,M,M_s131648632.cpp,1123,RNGLR,410,410,1391812.50,22375.00,16384,20,true,true,OK
cpp_tok,M,M_s131648632.cpp,1123,BRNGLR,410,410,1393854.00,22521.00,16384,20,true,true,OK
cpp_tok,M,M_s644053416.cpp,976,Leo,424,424,9252729.00,86229.00,16384,20,true,true,OK
cpp_tok,M,M_s644053416.cpp,976,GLL,424,424,13512583.50,94229.00,180224,20,true,true,OK
cpp_tok,M,M_s644053416.cpp,976,RNGLR,424,424,1192625.50,19208.00,16384,20,true,true,OK
cpp_tok,M,M_s644053416.cpp,976,BRNGLR,424,424,1202479.00,16104.50,16384,20,true,true,OK
cpp_tok,L,L_s132466201.cpp,1393,Leo,463,463,11483625.50,154042.50,180224,20,true,true,OK
cpp_tok,L,L_s132466201.cpp,1393,GLL,463,463,17395500.00,238521.00,16384,20,true,true,OK
cpp_tok,L,L_s132466201.cpp,1393,RNGLR,463,463,1407458.50,54063.00,16384,20,true,true,OK
cpp_tok,L,L_s132466201.cpp,1393,BRNGLR,463,463,1404271.00,27167.00,16384,20,true,true,OK
cpp_tok,M,M_s578123720.cpp,1064,Leo,465,465,10346083.50,247000.00,32768,20,true,true,OK
cpp_tok,M,M_s578123720.cpp,1064,GLL,465,465,16393062.50,170749.50,16384,20,true,true,OK
cpp_tok,M,M_s578123720.cpp,1064,RNGLR,465,465,1275042.00,14396.00,16384,20,true,true,OK
cpp_tok,M,M_s578123720.cpp,1064,BRNGLR,465,465,1292729.50,22271.00,16384,20,true,true,OK
cpp_tok,M,M_s848239503.cpp,810,Leo,471,471,10260042.00,103542.00,81920,20,true,true,OK
cpp_tok,M,M_s848239503.cpp,810,GLL,471,471,18200687.50,269020.50,16384,20,true,true,OK
cpp_tok,M,M_s848239503.cpp,810,RNGLR,471,471,1581563.00,21729.50,16384,20,true,true,OK
cpp_tok,M,M_s848239503.cpp,810,BRNGLR,471,471,1574625.00,24062.50,16384,20,true,true,OK
cpp_tok,L,L_s589167899.cpp,1429,Leo,485,485,12482604.50,167666.50,212992,20,true,true,OK
cpp_tok,L,L_s589167899.cpp,1429,GLL,485,485,17741520.50,212917.00,16384,20,true,true,OK
cpp_tok,L,L_s589167899.cpp,1429,RNGLR,485,485,1414333.00,34666.50,16384,20,true,true,OK
cpp_tok,L,L_s589167899.cpp,1429,BRNGLR,485,485,1407729.00,26229.50,16384,20,true,true,OK
cpp_tok,L,L_s961983236.cpp,2982,Leo,574,574,12627312.50,159833.00,131072,20,true,true,OK
cpp_tok,L,L_s961983236.cpp,2982,GLL,574,574,21359479.50,121729.50,16384,20,true,true,OK
cpp_tok,L,L_s961983236.cpp,2982,RNGLR,574,574,1649958.50,17854.00,16384,20,true,true,OK
cpp_tok,L,L_s961983236.cpp,2982,BRNGLR,574,574,1643583.50,33604.00,16384,20,true,true,OK
cpp_tok,L,L_s750835170.cpp,1331,Leo,629,629,14370416.50,262604.00,98304,20,true,true,OK
cpp_tok,L,L_s750835170.cpp,1331,GLL,629,629,22805104.50,169833.00,16384,20,true,true,OK
cpp_tok,L,L_s750835170.cpp,1331,RNGLR,629,629,1762729.50,36042.00,16384,20,true,true,OK
cpp_tok,L,L_s750835170.cpp,1331,BRNGLR,629,629,1725021.00,45479.50,16384,20,true,true,OK
cpp_tok,L,L_s281337986.cpp,1673,Leo,659,659,17113542.00,96959.00,114688,20,true,true,OK
cpp_tok,L,L_s281337986.cpp,1673,GLL,659,659,24803562.50,65125.00,16384,20,true,true,OK
cpp_tok,L,L_s281337986.cpp,1673,RNGLR,659,659,2103208.50,27229.50,16384,20,true,true,OK
cpp_tok,L,L_s281337986.cpp,1673,BRNGLR,659,659,2103333.00,31021.00,16384,20,true,true,OK
cpp_tok,L,L_s102420377.cpp,2638,Leo,672,672,16079104.00,275833.00,180224,20,true,true,OK
cpp_tok,L,L_s102420377.cpp,2638,GLL,672,672,27177208.00,177833.00,16384,19,true,true,OK
cpp_tok,L,L_s102420377.cpp,2638,RNGLR,672,672,2183062.50,67229.00,16384,20,true,true,OK
cpp_tok,L,L_s102420377.cpp,2638,BRNGLR,672,672,2357458.00,83271.00,16384,20,true,true,OK
cpp_tok,L,L_s752920558.cpp,2719,Leo,705,705,19260395.50,246292.00,180224,20,true,true,OK
cpp_tok,L,L_s752920558.cpp,2719,GLL,705,705,24803104.00,75562.50,16384,20,true,true,OK
cpp_tok,L,L_s752920558.cpp,2719,RNGLR,705,705,1995833.00,20646.00,16384,20,true,true,OK
cpp_tok,L,L_s752920558.cpp,2719,BRNGLR,705,705,1995250.00,24249.50,16384,20,true,true,OK
cpp_tok,L,L_s618680591.cpp,1607,Leo,715,715,20120791.50,400896.00,65536,20,true,true,OK
cpp_tok,L,L_s618680591.cpp,1607,GLL,715,715,26870375.00,258959.00,16384,19,true,true,OK
cpp_tok,L,L_s618680591.cpp,1607,RNGLR,715,715,2165437.50,24583.50,16384,20,true,true,OK
cpp_tok,L,L_s618680591.cpp,1607,BRNGLR,715,715,2176750.00,50896.00,16384,20,true,true,OK
cpp_tok,L,L_s815001542.cpp,1619,Leo,715,715,17288812.50,135187.00,16384,20,true,true,OK
cpp_tok,L,L_s815001542.cpp,1619,GLL,715,715,26986542.00,244874.00,16384,19,true,true,OK
cpp_tok,L,L_s815001542.cpp,1619,RNGLR,715,715,2133521.00,50229.00,16384,20,true,true,OK
cpp_tok,L,L_s815001542.cpp,1619,BRNGLR,715,715,2144708.50,56375.00,16384,20,true,true,OK
cpp_tok,XL,XL_s603895983.cpp,3154,Leo,1267,1267,32531604.00,684041.50,262144,16,true,true,OK
cpp_tok,XL,XL_s603895983.cpp,3154,GLL,1267,1267,47165500.00,98000.00,2523136,11,true,true,OK
cpp_tok,XL,XL_s603895983.cpp,3154,RNGLR,1267,1267,3380458.50,20271.00,16384,20,true,true,OK
cpp_tok,XL,XL_s603895983.cpp,3154,BRNGLR,1267,1267,3349896.00,28396.00,16384,20,true,true,OK
cpp_tok,L,L_s871080966.cpp,3223,Leo,1456,1456,39615917.00,1459375.00,196608,13,true,true,OK
cpp_tok,L,L_s871080966.cpp,3223,GLL,1456,1456,62410416.50,250208.50,4063232,10,true,true,OK
cpp_tok,L,L_s871080966.cpp,3223,RNGLR,1456,1456,4741687.50,49604.00,16384,20,true,true,OK
cpp_tok,L,L_s871080966.cpp,3223,BRNGLR,1456,1456,4690229.50,34000.00,16384,20,true,true,OK
cpp_tok,XL,XL_s082149077.cpp,4810,Leo,1635,1635,48191417.00,186791.00,114688,11,true,true,OK
cpp_tok,XL,XL_s082149077.cpp,4810,GLL,1635,1635,68638958.00,1339812.00,2473984,10,true,true,OK
cpp_tok,XL,XL_s082149077.cpp,4810,RNGLR,1635,1635,4706395.50,20520.50,16384,20,true,true,OK
cpp_tok,XL,XL_s082149077.cpp,4810,BRNGLR,1635,1635,4822521.00,30687.50,16384,20,true,true,OK
cpp_tok,XL,XL_s043010395.cpp,4490,Leo,1639,1639,51669687.50,152396.00,163840,10,true,true,OK
cpp_tok,XL,XL_s043010395.cpp,4490,GLL,1639,1639,70198875.00,170229.50,2457600,10,true,true,OK
cpp_tok,XL,XL_s043010395.cpp,4490,RNGLR,1639,1639,5132625.00,37104.00,32768,20,true,true,OK
cpp_tok,XL,XL_s043010395.cpp,4490,BRNGLR,1639,1639,5093145.50,49249.50,16384,20,true,true,OK
cpp_tok,XL,XL_s762351031.cpp,6351,Leo,2063,2063,59354937.50,303874.50,180224,10,true,true,OK
cpp_tok,XL,XL_s762351031.cpp,6351,GLL,2063,2063,84977687.50,405958.50,2555904,10,true,true,OK
cpp_tok,XL,XL_s762351031.cpp,6351,RNGLR,2063,2063,6598624.50,331916.00,16384,20,true,true,OK
cpp_tok,XL,XL_s762351031.cpp,6351,BRNGLR,2063,2063,6223396.00,52187.50,16384,20,true,true,OK
cpp_tok,XL,XL_s642561625.cpp,6820,Leo,2235,2235,75438021.00,591667.00,393216,10,true,true,OK
cpp_tok,XL,XL_s642561625.cpp,6820,GLL,2235,2235,94393417.00,354063.00,5160960,10,true,true,OK
cpp_tok,XL,XL_s642561625.cpp,6820,RNGLR,2235,2235,7472125.00,43895.50,16384,20,true,true,OK
cpp_tok,XL,XL_s642561625.cpp,6820,BRNGLR,2235,2235,7436520.50,151958.00,16384,20,true,true,OK
cpp_tok,XL,XL_s791026539.cpp,7410,Leo,2927,2927,94447979.50,1013312.00,196608,10,true,true,OK
cpp_tok,XL,XL_s791026539.cpp,7410,GLL,2927,2927,132466521.00,2257208.50,5210112,10,true,true,OK
cpp_tok,XL,XL_s791026539.cpp,7410,RNGLR,2927,2927,9398979.50,68083.50,49152,20,true,true,OK
cpp_tok,XL,XL_s791026539.cpp,7410,BRNGLR,2927,2927,9431937.50,86062.50,16384,20,true,true,OK
cpp_tok,XL,XL_s931571042.cpp,9687,Leo,4193,4193,136668021.00,1813917.00,229376,10,true,true,OK
cpp_tok,XL,XL_s931571042.cpp,9687,GLL,4193,4193,195517020.50,2136812.00,5226496,10,true,true,OK
cpp_tok,XL,XL_s931571042.cpp,9687,RNGLR,4193,4193,14090021.00,90812.50,65536,20,true,true,OK
cpp_tok,XL,XL_s931571042.cpp,9687,BRNGLR,4193,4193,14504249.50,442333.00,49152,20,true,true,OK
