parser,input_length,token_count,median_time_ns,mad_ns,peak_memory_bytes,iterations,recognized,parse_correct,status,source_file
Leo,75,75,4425062.50,29416.50,262144,20,true,true,OK,XS_s094161914.cpp
GLL,75,75,4647208.50,22124.50,32768,20,true,true,OK,XS_s094161914.cpp
RNGLR,75,75,766729.50,3416.50,16384,20,true,true,OK,XS_s094161914.cpp
BRNGLR,75,75,741875.00,8958.50,0,20,true,true,OK,XS_s094161914.cpp
Leo,82,82,5159042.00,19291.00,81920,20,true,true,OK,XS_s888682830.cpp
GLL,82,82,6066604.00,19979.00,16384,20,true,true,OK,XS_s888682830.cpp
RNGLR,82,82,916937.50,12375.50,16384,20,true,true,OK,XS_s888682830.cpp
BRNGLR,82,82,862500.00,4875.00,16384,20,true,true,OK,XS_s888682830.cpp
Leo,88,88,5837167.00,52437.50,32768,20,true,true,OK,XS_s152292558.cpp
GLL,88,88,6285521.00,140125.50,65536,20,true,true,OK,XS_s152292558.cpp
RNGLR,88,88,993292.00,16895.50,16384,20,true,true,OK,XS_s152292558.cpp
BRNGLR,88,88,911063.00,11125.00,16384,20,true,true,OK,XS_s152292558.cpp
Leo,90,90,5888104.00,11646.00,49152,20,true,true,OK,XS_s918477534.cpp
GLL,90,90,6167583.50,54000.50,16384,20,true,true,OK,XS_s918477534.cpp
RNGLR,90,90,944729.50,61916.50,16384,20,true,true,OK,XS_s918477534.cpp
BRNGLR,90,90,856666.50,4896.00,16384,20,true,true,OK,XS_s918477534.cpp
Leo,93,93,6303541.50,52624.50,16384,20,true,true,OK,XS_s152545381.cpp
GLL,93,93,7050270.50,24000.00,16384,20,true,true,OK,XS_s152545381.cpp
RNGLR,93,93,1041104.00,10500.00,16384,20,true,true,OK,XS_s152545381.cpp
BRNGLR,93,93,991812.50,6916.50,16384,20,true,true,OK,XS_s152545381.cpp
Leo,93,93,6053875.00,53020.50,16384,20,true,true,OK,XS_s667447442.cpp
GLL,93,93,7428375.50,55605.00,65536,20,true,true,OK,XS_s667447442.cpp
RNGLR,93,93,1064437.50,30542.00,16384,20,true,true,OK,XS_s667447442.cpp
BRNGLR,93,93,1010104.50,11500.50,16384,20,true,true,OK,XS_s667447442.cpp
Leo,93,93,5534500.00,24145.50,32768,20,true,true,OK,XS_s735526432.cpp
GLL,93,93,7290250.00,32312.50,16384,20,true,true,OK,XS_s735526432.cpp
RNGLR,93,93,956000.00,13458.00,16384,20,true,true,OK,XS_s735526432.cpp
BRNGLR,93,93,917667.00,7187.50,16384,20,true,true,OK,XS_s735526432.cpp
Leo,95,95,5866687.00,21083.50,16384,20,true,true,OK,XS_s884075891.cpp
GLL,95,95,7355687.50,26895.50,16384,20,true,true,OK,XS_s884075891.cpp
RNGLR,95,95,1060771.50,9625.50,16384,20,true,true,OK,XS_s884075891.cpp
BRNGLR,95,95,1017229.50,13771.00,16384,20,true,true,OK,XS_s884075891.cpp
Leo,97,97,5566958.50,36458.50,16384,20,true,true,OK,XS_s470435684.cpp
GLL,97,97,6970667.00,64500.00,16384,20,true,true,OK,XS_s470435684.cpp
RNGLR,97,97,1016750.50,13667.00,16384,20,true,true,OK,XS_s470435684.cpp
BRNGLR,97,97,945625.00,7291.50,16384,20,true,true,OK,XS_s470435684.cpp
Leo,107,107,6171583.50,36937.50,0,20,true,true,OK,XS_s971100342.cpp
GLL,107,107,7513979.50,37500.00,16384,20,true,true,OK,XS_s971100342.cpp
RNGLR,107,107,1004062.50,8229.00,16384,20,true,true,OK,XS_s971100342.cpp
BRNGLR,107,107,984500.50,10042.00,16384,20,true,true,OK,XS_s971100342.cpp
Leo,111,111,5892125.50,134625.50,65536,20,true,true,OK,XS_s070911401.cpp
GLL,111,111,7235125.00,132625.00,16384,20,true,true,OK,XS_s070911401.cpp
RNGLR,111,111,1100187.50,47062.50,16384,20,true,true,OK,XS_s070911401.cpp
BRNGLR,111,111,1005666.50,7520.50,16384,20,true,true,OK,XS_s070911401.cpp
Leo,112,112,6884916.50,125499.50,16384,20,true,true,OK,XS_s574268491.cpp
GLL,112,112,7919104.00,88562.00,0,20,true,true,OK,XS_s574268491.cpp
RNGLR,112,112,1139521.00,10250.50,16384,20,true,true,OK,XS_s574268491.cpp
BRNGLR,112,112,1104875.50,11313.00,16384,20,true,true,OK,XS_s574268491.cpp
Leo,115,115,8587645.50,124187.50,49152,20,true,true,OK,XS_s642382867.cpp
GLL,115,115,7790166.50,67166.50,16384,20,true,true,OK,XS_s642382867.cpp
RNGLR,115,115,1414083.00,10499.50,16384,20,true,true,OK,XS_s642382867.cpp
BRNGLR,115,115,1311229.00,9416.50,16384,20,true,true,OK,XS_s642382867.cpp
Leo,115,115,8535895.50,27562.50,16384,20,true,true,OK,S_s674234749.cpp
GLL,115,115,9719271.00,112187.50,16384,20,true,true,OK,S_s674234749.cpp
RNGLR,115,115,1424250.50,30209.00,16384,20,true,true,OK,S_s674234749.cpp
BRNGLR,115,115,1346771.00,10146.00,16384,20,true,true,OK,S_s674234749.cpp
Leo,117,117,8378208.50,23583.00,32768,20,true,true,OK,XS_s530829783.cpp
GLL,117,117,7974041.50,70000.00,16384,20,true,true,OK,XS_s530829783.cpp
RNGLR,117,117,1157958.50,10229.00,16384,20,true,true,OK,XS_s530829783.cpp
BRNGLR,117,117,1079541.50,12875.00,16384,20,true,true,OK,XS_s530829783.cpp
Leo,122,122,6964187.50,44354.00,131072,20,true,true,OK,XS_s080591433.cpp
GLL,122,122,8362792.00,305145.50,16384,20,true,true,OK,XS_s080591433.cpp
RNGLR,122,122,1265646.00,12979.50,16384,20,true,true,OK,XS_s080591433.cpp
BRNGLR,122,122,1153729.00,9083.00,16384,20,true,true,OK,XS_s080591433.cpp
Leo,124,124,8437271.00,199687.50,16384,20,true,true,OK,XS_s120331296.cpp
GLL,124,124,9213603.50,214728.50,16384,20,true,true,OK,XS_s120331296.cpp
RNGLR,124,124,1355750.00,15416.50,16384,20,true,true,OK,XS_s120331296.cpp
BRNGLR,124,124,1274520.50,16145.50,16384,20,true,true,OK,XS_s120331296.cpp
Leo,128,128,8009729.50,113375.50,32768,20,true,true,OK,XS_s358600714.cpp
GLL,128,128,8996395.50,62583.50,16384,20,true,true,OK,XS_s358600714.cpp
RNGLR,128,128,1315479.00,11562.00,16384,20,true,true,OK,XS_s358600714.cpp
BRNGLR,128,128,1231916.00,10603.50,16384,20,true,true,OK,XS_s358600714.cpp
Leo,128,128,8719521.00,48271.50,16384,20,true,true,OK,XS_s420342148.cpp
GLL,128,128,11125458.50,156625.50,16384,20,true,true,OK,XS_s420342148.cpp
RNGLR,128,128,1301042.00,16375.00,16384,20,true,true,OK,XS_s420342148.cpp
BRNGLR,128,128,1252334.00,15105.00,16384,20,true,true,OK,XS_s420342148.cpp
Leo,129,129,9670020.50,306417.50,81920,20,true,true,OK,XS_s533847557.cpp
GLL,129,129,10324354.00,150479.00,16384,20,true,true,OK,XS_s533847557.cpp
RNGLR,129,129,1564729.50,11333.50,16384,20,true,true,OK,XS_s533847557.cpp
BRNGLR,129,129,1416604.00,10479.50,16384,20,true,true,OK,XS_s533847557.cpp
Leo,132,132,7945084.00,34480.00,16384,20,true,true,OK,XS_s936842344.cpp
GLL,132,132,9453125.00,64646.00,16384,20,true,true,OK,XS_s936842344.cpp
RNGLR,132,132,1346666.50,7291.50,16384,20,true,true,OK,XS_s936842344.cpp
BRNGLR,132,132,1280375.00,8916.00,16384,20,true,true,OK,XS_s936842344.cpp
Leo,132,132,7414250.00,34333.50,16384,20,true,true,OK,S_s710029442.cpp
GLL,132,132,9109563.00,281646.50,16384,20,true,true,OK,S_s710029442.cpp
RNGLR,132,132,1375333.00,10104.00,16384,20,true,true,OK,S_s710029442.cpp
BRNGLR,132,132,1270020.50,7437.50,16384,20,true,true,OK,S_s710029442.cpp
Leo,135,135,9057020.50,29875.00,16384,20,true,true,OK,XS_s784908988.cpp
GLL,135,135,10219521.00,217167.00,16384,20,true,true,OK,XS_s784908988.cpp
RNGLR,135,135,1440249.50,12145.50,16384,20,true,true,OK,XS_s784908988.cpp
BRNGLR,135,135,1346500.00,13291.50,16384,20,true,true,OK,XS_s784908988.cpp
Leo,137,137,8908187.50,82875.00,32768,20,true,true,OK,XS_s840288754.cpp
GLL,137,137,10196354.00,264542.00,16384,20,true,true,OK,XS_s840288754.cpp
RNGLR,137,137,1644437.50,89645.50,16384,20,true,true,OK,XS_s840288754.cpp
BRNGLR,137,137,1456771.00,35958.50,16384,20,true,true,OK,XS_s840288754.cpp
Leo,139,139,9589833.00,143354.00,16384,20,true,true,OK,XS_s142758494.cpp
GLL,139,139,10770604.50,220834.00,16384,20,true,true,OK,XS_s142758494.cpp
RNGLR,139,139,1608187.00,24312.50,16384,20,true,true,OK,XS_s142758494.cpp
BRNGLR,139,139,1443875.00,14104.50,16384,20,true,true,OK,XS_s142758494.cpp
Leo,144,144,9548520.50,276854.50,16384,20,true,true,OK,S_s684665547.cpp
GLL,144,144,11555875.00,408625.00,16384,20,true,true,OK,S_s684665547.cpp
RNGLR,144,144,1561666.50,6125.00,16384,20,true,true,OK,S_s684665547.cpp
BRNGLR,144,144,1486062.50,24645.50,16384,20,true,true,OK,S_s684665547.cpp
Leo,146,146,9457854.50,105270.50,16384,20,true,true,OK,XS_s786405060.cpp
GLL,146,146,11274063.00,222667.00,16384,20,true,true,OK,XS_s786405060.cpp
RNGLR,146,146,1625896.00,12937.50,16384,20,true,true,OK,XS_s786405060.cpp
BRNGLR,146,146,1536041.50,52458.00,16384,20,true,true,OK,XS_s786405060.cpp
Leo,147,147,7806208.50,22250.00,16384,20,true,true,OK,XS_s183732505.cpp
GLL,147,147,9268187.50,210812.00,16384,20,true,true,OK,XS_s183732505.cpp
RNGLR,147,147,1372875.00,17666.00,16384,20,true,true,OK,XS_s183732505.cpp
BRNGLR,147,147,1266125.00,15041.50,16384,20,true,true,OK,XS_s183732505.cpp
Leo,147,147,10505146.00,462916.50,16384,20,true,true,OK,XS_s070645736.cpp
GLL,147,147,10071729.00,592999.50,16384,20,true,true,OK,XS_s070645736.cpp
RNGLR,147,147,1331209.00,11562.00,16384,20,true,true,OK,XS_s070645736.cpp
BRNGLR,147,147,1266604.00,12520.50,16384,20,true,true,OK,XS_s070645736.cpp
Leo,152,152,6571729.00,57375.00,16384,20,true,true,OK,S_s880824697.cpp
GLL,152,152,8217542.00,32125.00,16384,20,true,true,OK,S_s880824697.cpp
RNGLR,152,152,1253229.00,7062.50,16384,20,true,true,OK,S_s880824697.cpp
BRNGLR,152,152,1389416.50,143041.00,16384,20,true,true,OK,S_s880824697.cpp
Leo,154,154,8878854.50,39958.50,32768,20,true,true,OK,XS_s620033813.cpp
GLL,154,154,11198667.00,431292.00,16384,20,true,true,OK,XS_s620033813.cpp
RNGLR,154,154,1501188.00,32500.50,16384,20,true,true,OK,XS_s620033813.cpp
BRNGLR,154,154,1466271.00,9708.50,16384,20,true,true,OK,XS_s620033813.cpp
Leo,155,155,9360958.00,34104.00,16384,20,true,true,OK,XS_s683580805.cpp
GLL,155,155,10845854.00,95271.00,16384,20,true,true,OK,XS_s683580805.cpp
RNGLR,155,155,1600479.00,33208.00,16384,20,true,true,OK,XS_s683580805.cpp
BRNGLR,155,155,1435062.50,15604.00,16384,20,true,true,OK,XS_s683580805.cpp
Leo,158,158,9449333.50,40563.00,131072,20,true,true,OK,XS_s788858029.cpp
GLL,158,158,11698687.50,94166.50,16384,20,true,true,OK,XS_s788858029.cpp
RNGLR,158,158,1663041.50,33708.00,16384,20,true,true,OK,XS_s788858029.cpp
BRNGLR,158,158,1574917.00,15334.00,16384,20,true,true,OK,XS_s788858029.cpp
Leo,159,159,12175374.50,72624.50,16384,20,true,true,OK,S_s114065715.cpp
GLL,159,159,12192666.50,144479.00,16384,20,true,true,OK,S_s114065715.cpp
RNGLR,159,159,1788187.00,14749.50,16384,20,true,true,OK,S_s114065715.cpp
BRNGLR,159,159,1577792.00,25980.00,16384,20,true,true,OK,S_s114065715.cpp
Leo,159,159,10940208.00,35354.00,32768,20,true,true,OK,XS_s417268493.cpp
GLL,159,159,11461958.50,276750.00,16384,20,true,true,OK,XS_s417268493.cpp
RNGLR,159,159,1662521.00,15187.50,16384,20,true,true,OK,XS_s417268493.cpp
BRNGLR,159,159,1522562.50,7458.50,16384,20,true,true,OK,XS_s417268493.cpp
Leo,159,159,9015812.50,27354.50,16384,20,true,true,OK,XS_s543376122.cpp
GLL,159,159,11069562.50,165291.50,16384,20,true,true,OK,XS_s543376122.cpp
RNGLR,159,159,1473729.50,6958.50,16384,20,true,true,OK,XS_s543376122.cpp
BRNGLR,159,159,1419708.00,12541.50,16384,20,true,true,OK,XS_s543376122.cpp
Leo,159,159,10742103.50,33728.50,16384,20,true,true,OK,XS_s115379621.cpp
GLL,159,159,11415604.50,119520.50,16384,20,true,true,OK,XS_s115379621.cpp
RNGLR,159,159,1550500.00,9917.00,16384,20,true,true,OK,XS_s115379621.cpp
BRNGLR,159,159,1443021.00,18937.50,16384,20,true,true,OK,XS_s115379621.cpp
Leo,169,169,11357396.00,49020.50,49152,20,true,true,OK,XS_s342191378.cpp
GLL,169,169,13635354.50,317500.50,16384,20,true,true,OK,XS_s342191378.cpp
RNGLR,169,169,1981125.00,14604.50,16384,20,true,true,OK,XS_s342191378.cpp
BRNGLR,169,169,1929104.00,57750.00,16384,20,true,true,OK,XS_s342191378.cpp
Leo,172,172,10412437.50,112875.00,16384,20,true,true,OK,XS_s385595056.cpp
GLL,172,172,13387604.50,305771.00,16384,20,true,true,OK,XS_s385595056.cpp
RNGLR,172,172,1711083.50,14729.50,16384,20,true,true,OK,XS_s385595056.cpp
BRNGLR,172,172,1611437.50,5479.00,16384,20,true,true,OK,XS_s385595056.cpp
Leo,175,175,11262812.50,184937.00,16384,20,true,true,OK,XS_s595620629.cpp
GLL,175,175,12493416.00,169624.50,16384,20,true,true,OK,XS_s595620629.cpp
RNGLR,175,175,1910021.00,17063.00,16384,20,true,true,OK,XS_s595620629.cpp
BRNGLR,175,175,1857958.50,35895.50,16384,20,true,true,OK,XS_s595620629.cpp
Leo,175,175,11181917.00,72708.50,16384,20,true,true,OK,S_s969675661.cpp
GLL,175,175,12757771.00,173229.50,16384,20,true,true,OK,S_s969675661.cpp
RNGLR,175,175,1774479.00,45249.50,16384,20,true,true,OK,S_s969675661.cpp
BRNGLR,175,175,2355541.50,122896.00,16384,20,true,true,OK,S_s969675661.cpp
Leo,179,179,10877375.00,129041.50,16384,20,true,true,OK,XS_s314987551.cpp
GLL,179,179,14588020.50,802167.00,16384,20,true,true,OK,XS_s314987551.cpp
RNGLR,179,179,1870437.50,17666.50,16384,20,true,true,OK,XS_s314987551.cpp
BRNGLR,179,179,1775229.50,17459.00,16384,20,true,true,OK,XS_s314987551.cpp
Leo,183,183,13679437.50,69520.50,16384,20,true,true,OK,S_s250848507.cpp
GLL,183,183,14177938.00,55709.00,16384,20,true,true,OK,S_s250848507.cpp
RNGLR,183,183,2036438.00,9834.00,16384,20,true,true,OK,S_s250848507.cpp
BRNGLR,183,183,1854479.50,6146.00,16384,20,true,true,OK,S_s250848507.cpp
Leo,185,185,15482333.50,53791.50,16384,20,true,true,OK,S_s609548426.cpp
GLL,185,185,13058208.50,204708.00,16384,20,true,true,OK,S_s609548426.cpp
RNGLR,185,185,1902604.50,20708.50,16384,20,true,true,OK,S_s609548426.cpp
BRNGLR,185,185,1705021.50,15271.50,16384,20,true,true,OK,S_s609548426.cpp
Leo,187,187,15100416.50,80999.50,16384,20,true,true,OK,S_s858626350.cpp
GLL,187,187,15764896.00,425229.00,16384,20,true,true,OK,S_s858626350.cpp
RNGLR,187,187,2262437.50,8520.50,16384,20,true,true,OK,S_s858626350.cpp
BRNGLR,187,187,2159187.50,91333.50,16384,20,true,true,OK,S_s858626350.cpp
Leo,187,187,12248521.00,205583.00,65536,20,true,true,OK,XS_s363879371.cpp
GLL,187,187,15250625.00,599228.50,16384,20,true,true,OK,XS_s363879371.cpp
RNGLR,187,187,2286625.00,11250.00,16384,20,true,true,OK,XS_s363879371.cpp
BRNGLR,187,187,2752729.00,418542.00,16384,20,true,true,OK,XS_s363879371.cpp
Leo,188,188,14056479.00,247687.50,16384,20,true,true,OK,XS_s910795347.cpp
GLL,188,188,13846458.50,288437.50,16384,20,true,true,OK,XS_s910795347.cpp
RNGLR,188,188,1909354.00,42500.00,16384,20,true,true,OK,XS_s910795347.cpp
BRNGLR,188,188,1696542.00,9396.00,16384,20,true,true,OK,XS_s910795347.cpp
Leo,190,190,16249083.50,161250.00,16384,20,true,true,OK,XS_s873199314.cpp
GLL,190,190,17115187.50,372958.50,16384,20,true,true,OK,XS_s873199314.cpp
RNGLR,190,190,2494937.50,16062.50,16384,20,true,true,OK,XS_s873199314.cpp
BRNGLR,190,190,2493167.00,264459.00,16384,20,true,true,OK,XS_s873199314.cpp
Leo,191,191,12611604.00,246583.50,49152,20,true,true,OK,S_s304565666.cpp
GLL,191,191,13910104.00,152458.00,16384,20,true,true,OK,S_s304565666.cpp
RNGLR,191,191,1921812.00,14792.00,16384,20,true,true,OK,S_s304565666.cpp
BRNGLR,191,191,2202521.00,367771.00,16384,20,true,true,OK,S_s304565666.cpp
Leo,194,194,11940875.00,169812.50,16384,20,true,true,OK,XS_s700893425.cpp
GLL,194,194,14802854.00,243375.50,16384,20,true,true,OK,XS_s700893425.cpp
RNGLR,194,194,1846708.50,9521.00,16384,20,true,true,OK,XS_s700893425.cpp
BRNGLR,194,194,1877354.00,107125.00,16384,20,true,true,OK,XS_s700893425.cpp
Leo,194,194,12553437.50,110333.00,16384,20,true,true,OK,XS_s625410395.cpp
GLL,194,194,16634521.00,673458.50,16384,20,true,true,OK,XS_s625410395.cpp
RNGLR,194,194,2020938.00,54146.50,16384,20,true,true,OK,XS_s625410395.cpp
BRNGLR,194,194,1989917.00,172000.50,16384,20,true,true,OK,XS_s625410395.cpp
Leo,196,196,14266188.00,499833.50,32768,20,true,true,OK,S_s450826406.cpp
GLL,196,196,16649146.00,683854.50,16384,20,true,true,OK,S_s450826406.cpp
RNGLR,196,196,2127666.50,80312.50,16384,20,true,true,OK,S_s450826406.cpp
BRNGLR,196,196,1864791.50,22583.50,16384,20,true,true,OK,S_s450826406.cpp
Leo,196,196,14853666.50,317062.50,16384,20,true,true,OK,XS_s665931194.cpp
GLL,196,196,17990646.50,1233916.00,16384,20,true,true,OK,XS_s665931194.cpp
RNGLR,196,196,2058104.00,9604.00,16384,20,true,true,OK,XS_s665931194.cpp
BRNGLR,196,196,1938229.00,15166.00,16384,20,true,true,OK,XS_s665931194.cpp
Leo,198,198,16712395.50,3353875.00,16384,20,true,true,OK,S_s790426165.cpp
GLL,198,198,20252541.50,1172125.00,0,20,true,true,OK,S_s790426165.cpp
RNGLR,198,198,2633542.00,276125.50,16384,20,true,true,OK,S_s790426165.cpp
BRNGLR,198,198,2537083.00,395416.50,16384,20,true,true,OK,S_s790426165.cpp
Leo,200,200,16429500.00,242146.00,16384,20,true,true,OK,S_s392150103.cpp
GLL,200,200,17106729.50,380563.00,16384,20,true,true,OK,S_s392150103.cpp
RNGLR,200,200,2639875.50,286979.00,16384,20,true,true,OK,S_s392150103.cpp
BRNGLR,200,200,2227312.50,211104.50,16384,20,true,true,OK,S_s392150103.cpp
Leo,218,218,17172208.00,1169042.00,16384,20,true,true,OK,XS_s552487558.cpp
GLL,218,218,16948270.50,317229.00,16384,20,true,true,OK,XS_s552487558.cpp
RNGLR,218,218,2669145.50,323270.50,16384,20,true,true,OK,XS_s552487558.cpp
BRNGLR,218,218,2032229.50,81479.00,16384,20,true,true,OK,XS_s552487558.cpp
Leo,220,220,16355708.50,197021.00,16384,20,true,true,OK,XS_s752125614.cpp
GLL,220,220,19725333.50,869812.50,16384,20,true,true,OK,XS_s752125614.cpp
RNGLR,220,220,2367208.00,52833.50,16384,20,true,true,OK,XS_s752125614.cpp
BRNGLR,220,220,2275937.50,131250.00,16384,20,true,true,OK,XS_s752125614.cpp
Leo,221,221,19400542.00,450666.50,32768,20,true,true,OK,M_s922079222.cpp
GLL,221,221,20979917.00,537813.00,16384,20,true,true,OK,M_s922079222.cpp
RNGLR,221,221,2720666.50,62562.50,16384,20,true,true,OK,M_s922079222.cpp
BRNGLR,221,221,2369062.50,100333.00,16384,20,true,true,OK,M_s922079222.cpp
Leo,224,224,14153937.50,136667.00,114688,20,true,true,OK,S_s740534143.cpp
GLL,224,224,13404041.50,391270.50,16384,20,true,true,OK,S_s740534143.cpp
RNGLR,224,224,1844625.00,25458.00,16384,20,true,true,OK,S_s740534143.cpp
BRNGLR,224,224,1625604.00,29708.50,16384,20,true,true,OK,S_s740534143.cpp
Leo,225,225,15369125.00,476749.50,16384,20,true,true,OK,XS_s686717724.cpp
GLL,225,225,18560125.00,160125.00,16384,20,true,true,OK,XS_s686717724.cpp
RNGLR,225,225,2237250.00,9667.00,16384,20,true,true,OK,XS_s686717724.cpp
BRNGLR,225,225,2124729.00,15541.00,16384,20,true,true,OK,XS_s686717724.cpp
Leo,229,229,21323854.50,459126.00,32768,20,true,true,OK,XS_s391885677.cpp
GLL,229,229,21696166.00,680854.50,851968,20,true,true,OK,XS_s391885677.cpp
RNGLR,229,229,3314228.50,49666.00,16384,20,true,true,OK,XS_s391885677.cpp
BRNGLR,229,229,2628646.00,53521.00,16384,20,true,true,OK,XS_s391885677.cpp
Leo,235,235,15331750.00,392687.50,16384,20,true,true,OK,S_s608273363.cpp
GLL,235,235,23603000.00,1202396.00,16384,20,true,true,OK,S_s608273363.cpp
RNGLR,235,235,2507271.00,73604.50,16384,20,true,true,OK,S_s608273363.cpp
BRNGLR,235,235,2475562.50,176271.00,16384,20,true,true,OK,S_s608273363.cpp
Leo,238,238,20514354.50,722083.00,65536,20,true,true,OK,S_s608473380.cpp
GLL,238,238,21519208.00,667749.50,16384,20,true,true,OK,S_s608473380.cpp
RNGLR,238,238,3339625.00,208166.50,16384,20,true,true,OK,S_s608473380.cpp
BRNGLR,238,238,3251354.00,378104.50,16384,20,true,true,OK,S_s608473380.cpp
Leo,246,246,20563521.00,1480062.50,16384,20,true,true,OK,S_s101891833.cpp
GLL,246,246,25472250.00,907292.00,16384,19,true,true,OK,S_s101891833.cpp
RNGLR,246,246,3084500.00,242312.50,16384,20,true,true,OK,S_s101891833.cpp
BRNGLR,246,246,4617937.50,1639250.00,16384,20,true,true,OK,S_s101891833.cpp
Leo,255,255,17577770.50,1071416.50,32768,20,true,true,OK,S_s070033624.cpp
GLL,255,255,21867750.00,829375.00,16384,19,true,true,OK,S_s070033624.cpp
RNGLR,255,255,2737020.50,277187.50,16384,20,true,true,OK,S_s070033624.cpp
BRNGLR,255,255,2575916.50,197333.00,16384,20,true,true,OK,S_s070033624.cpp
Leo,257,257,20524229.00,727187.00,16384,20,true,true,OK,S_s798451836.cpp
GLL,257,257,30705312.50,7211979.00,16384,14,true,true,OK,S_s798451836.cpp
RNGLR,257,257,4869812.00,526208.50,16384,20,true,true,OK,S_s798451836.cpp
BRNGLR,257,257,5040792.00,864958.00,16384,20,true,true,OK,S_s798451836.cpp
Leo,268,268,22207312.50,1206271.00,65536,20,true,true,OK,S_s201509784.cpp
GLL,268,268,23707729.00,509187.50,16384,20,true,true,OK,S_s201509784.cpp
RNGLR,268,268,3828604.50,304709.00,16384,20,true,true,OK,S_s201509784.cpp
BRNGLR,268,268,2819916.50,63667.00,16384,20,true,true,OK,S_s201509784.cpp
Leo,280,280,16981562.50,113208.50,49152,20,true,true,OK,XS_s396186257.cpp
GLL,280,280,20873312.50,511166.00,16384,20,true,true,OK,XS_s396186257.cpp
RNGLR,280,280,2456062.50,11958.50,16384,20,true,true,OK,XS_s396186257.cpp
BRNGLR,280,280,2386500.00,98479.00,16384,20,true,true,OK,XS_s396186257.cpp
Leo,281,281,19540979.50,213624.50,16384,20,true,true,OK,XS_s937979818.cpp
GLL,281,281,25678104.00,704521.00,16384,20,true,true,OK,XS_s937979818.cpp
RNGLR,281,281,3223895.50,36999.50,16384,20,true,true,OK,XS_s937979818.cpp
BRNGLR,281,281,3073333.50,22520.50,16384,20,true,true,OK,XS_s937979818.cpp
Leo,282,282,16316937.50,105041.50,49152,20,true,true,OK,S_s976291624.cpp
GLL,282,282,21679833.50,266166.00,16384,20,true,true,OK,S_s976291624.cpp
RNGLR,282,282,2917187.00,14604.00,16384,20,true,true,OK,S_s976291624.cpp
BRNGLR,282,282,2781083.00,13437.50,16384,20,true,true,OK,S_s976291624.cpp
Leo,287,287,17824104.00,114458.50,16384,20,true,true,OK,M_s753529949.cpp
GLL,287,287,21275833.50,581771.00,16384,20,true,true,OK,M_s753529949.cpp
RNGLR,287,287,2773125.00,23666.50,16384,20,true,true,OK,M_s753529949.cpp
BRNGLR,287,287,2642750.00,12333.50,16384,20,true,true,OK,M_s753529949.cpp
Leo,293,293,17104437.50,69812.50,16384,20,true,true,OK,S_s108366164.cpp
GLL,293,293,21484312.50,121500.00,16384,20,true,true,OK,S_s108366164.cpp
RNGLR,293,293,2726708.50,24688.00,16384,20,true,true,OK,S_s108366164.cpp
BRNGLR,293,293,2560562.50,18770.50,16384,20,true,true,OK,S_s108366164.cpp
Leo,295,295,20396708.50,230979.50,16384,20,true,true,OK,S_s678077451.cpp
GLL,295,295,23562687.50,242625.00,16384,20,true,true,OK,S_s678077451.cpp
RNGLR,295,295,4196104.00,435729.50,16384,20,true,true,OK,S_s678077451.cpp
BRNGLR,295,295,3111958.00,51978.50,16384,20,true,true,OK,S_s678077451.cpp
Leo,300,300,8424833.00,103479.00,16384,20,true,true,OK,S_s531554984.cpp
GLL,300,300,7929208.00,137750.00,16384,20,true,true,OK,S_s531554984.cpp
RNGLR,300,300,1366895.50,63208.00,16384,20,true,true,OK,S_s531554984.cpp
BRNGLR,300,300,1370062.00,149270.00,16384,20,true,true,OK,S_s531554984.cpp
Leo,305,305,21114167.00,107042.00,16384,20,true,true,OK,S_s070885616.cpp
GLL,305,305,24307541.50,253792.00,16384,20,true,true,OK,S_s070885616.cpp
RNGLR,305,305,3679625.00,10833.00,32768,20,true,true,OK,S_s070885616.cpp
BRNGLR,305,305,3115604.00,12645.50,16384,20,true,true,OK,S_s070885616.cpp
Leo,312,312,23452250.00,201417.00,49152,20,true,true,OK,S_s750717301.cpp
GLL,312,312,26839875.00,136084.00,16384,19,true,true,OK,S_s750717301.cpp
RNGLR,312,312,3558541.50,19396.00,16384,20,true,true,OK,S_s750717301.cpp
BRNGLR,312,312,3324104.00,21854.00,16384,20,true,true,OK,S_s750717301.cpp
Leo,315,315,14708833.50,406896.50,16384,20,true,true,OK,M_s618851250.cpp
GLL,315,315,14352666.50,80479.00,16384,20,true,true,OK,M_s618851250.cpp
RNGLR,315,315,2139875.00,13271.00,16384,20,true,true,OK,M_s618851250.cpp
BRNGLR,315,315,1972271.00,9291.50,16384,20,true,true,OK,M_s618851250.cpp
Leo,322,322,24040666.50,97458.00,16384,20,true,true,OK,S_s951503372.cpp
GLL,322,322,28642250.00,333813.00,16384,18,true,true,OK,S_s951503372.cpp
RNGLR,322,322,4199854.50,31583.50,16384,20,true,true,OK,S_s951503372.cpp
BRNGLR,322,322,3930271.00,16687.50,16384,20,true,true,OK,S_s951503372.cpp
Leo,324,324,23381687.50,219062.50,16384,20,true,true,OK,S_s987694690.cpp
GLL,324,324,26539208.00,394458.00,16384,19,true,true,OK,S_s987694690.cpp
RNGLR,324,324,3504229.00,18792.00,16384,20,true,true,OK,S_s987694690.cpp
BRNGLR,324,324,3143187.50,24895.50,16384,20,true,true,OK,S_s987694690.cpp
Leo,333,333,27067292.00,179334.00,16384,19,true,true,OK,S_s477191159.cpp
GLL,333,333,33778042.00,2586958.00,98304,15,true,true,OK,S_s477191159.cpp
RNGLR,333,333,4239395.50,19312.00,16384,20,true,true,OK,S_s477191159.cpp
BRNGLR,333,333,3952896.00,73291.50,16384,20,true,true,OK,S_s477191159.cpp
Leo,335,335,23234750.00,368187.00,16384,18,true,true,OK,S_s326778509.cpp
GLL,335,335,28700875.00,1300666.00,16384,17,true,true,OK,S_s326778509.cpp
RNGLR,335,335,3797313.00,48479.50,16384,20,true,true,OK,S_s326778509.cpp
BRNGLR,335,335,3587000.00,220354.50,16384,20,true,true,OK,S_s326778509.cpp
Leo,342,342,23576187.50,180249.50,49152,20,true,true,OK,S_s220285482.cpp
GLL,342,342,30051104.00,1577916.50,16384,16,true,true,OK,S_s220285482.cpp
RNGLR,342,342,3894375.00,423750.00,16384,20,true,true,OK,S_s220285482.cpp
BRNGLR,342,342,3257979.00,257959.00,16384,20,true,true,OK,S_s220285482.cpp
Leo,345,345,37724000.00,1694500.00,16384,13,true,true,OK,S_s772758705.cpp
GLL,345,345,42538479.50,4183958.50,2342912,12,true,true,OK,S_s772758705.cpp
RNGLR,345,345,4201729.00,80167.00,16384,20,true,true,OK,S_s772758705.cpp
BRNGLR,345,345,4344687.50,535979.00,16384,20,true,true,OK,S_s772758705.cpp
Leo,353,353,35156541.00,2662459.00,16384,15,true,true,OK,XS_s910532888.cpp
GLL,353,353,29387291.00,488499.00,655360,17,true,true,OK,XS_s910532888.cpp
RNGLR,353,353,3939354.50,31104.00,16384,20,true,true,OK,XS_s910532888.cpp
BRNGLR,353,353,3675208.50,17187.50,16384,20,true,true,OK,XS_s910532888.cpp
Leo,353,353,27872937.00,189645.50,65536,18,true,true,OK,S_s483581712.cpp
GLL,353,353,29688500.00,131666.00,16384,17,true,true,OK,S_s483581712.cpp
RNGLR,353,353,4456104.50,166354.50,16384,20,true,true,OK,S_s483581712.cpp
BRNGLR,353,353,4391521.00,354187.50,16384,20,true,true,OK,S_s483581712.cpp
Leo,355,355,27626229.50,212479.50,16384,18,true,true,OK,M_s299196216.cpp
GLL,355,355,34172833.00,1023916.00,16384,15,true,true,OK,M_s299196216.cpp
RNGLR,355,355,4215396.00,24958.50,16384,20,true,true,OK,M_s299196216.cpp
BRNGLR,355,355,3996583.50,40645.50,16384,20,true,true,OK,M_s299196216.cpp
Leo,360,360,26562459.00,366958.00,32768,19,true,true,OK,M_s976846832.cpp
GLL,360,360,28864666.00,314957.00,16384,17,true,true,OK,M_s976846832.cpp
RNGLR,360,360,3773833.50,16187.50,16384,20,true,true,OK,M_s976846832.cpp
BRNGLR,360,360,4715437.50,456604.50,16384,20,true,true,OK,M_s976846832.cpp
Leo,371,371,30098312.50,2093042.00,98304,16,true,true,OK,S_s147203447.cpp
GLL,371,371,34491209.00,1034833.00,16384,13,true,true,OK,S_s147203447.cpp
RNGLR,371,371,4503562.50,77770.50,16384,20,true,true,OK,S_s147203447.cpp
BRNGLR,371,371,4826375.00,187313.00,16384,20,true,true,OK,S_s147203447.cpp
Leo,377,377,27533375.00,797874.50,16384,18,true,true,OK,S_s010765456.cpp
GLL,377,377,34985541.00,1471250.00,16384,15,true,true,OK,S_s010765456.cpp
RNGLR,377,377,4300000.00,178521.00,16384,20,true,true,OK,S_s010765456.cpp
BRNGLR,377,377,3900917.00,62479.50,16384,20,true,true,OK,S_s010765456.cpp
Leo,391,391,20005312.50,651021.00,180224,20,true,true,OK,XS_s676906647.cpp
GLL,391,391,22609104.00,606792.00,16384,20,true,true,OK,XS_s676906647.cpp
RNGLR,391,391,2562042.00,102209.00,16384,20,true,true,OK,XS_s676906647.cpp
BRNGLR,391,391,2406583.50,61104.00,16384,20,true,true,OK,XS_s676906647.cpp
Leo,428,428,36210104.00,1968271.00,163840,14,true,true,OK,S_s063942935.cpp
GLL,428,428,40309833.00,702291.00,32768,13,true,true,OK,S_s063942935.cpp
RNGLR,428,428,6171375.50,154916.00,16384,20,true,true,OK,S_s063942935.cpp
BRNGLR,428,428,4906250.50,166479.50,16384,20,true,true,OK,S_s063942935.cpp
Leo,452,452,40630667.00,1018083.00,16384,13,true,true,OK,S_s509024392.cpp
GLL,452,452,40793875.00,484208.00,425984,13,true,true,OK,S_s509024392.cpp
RNGLR,452,452,6328770.50,30208.00,16384,20,true,true,OK,S_s509024392.cpp
BRNGLR,452,452,4871062.50,92208.50,16384,20,true,true,OK,S_s509024392.cpp
Leo,456,456,40612167.00,535542.00,16384,13,true,true,OK,M_s693338171.cpp
GLL,456,456,37182291.50,199020.50,16384,14,true,true,OK,M_s693338171.cpp
RNGLR,456,456,6087145.50,140625.00,16384,20,true,true,OK,M_s693338171.cpp
BRNGLR,456,456,4749229.00,21125.00,16384,20,true,true,OK,M_s693338171.cpp
Leo,461,461,30486167.00,287208.00,16384,17,true,true,OK,M_s040384990.cpp
GLL,461,461,34664146.00,425583.50,16384,14,true,true,OK,M_s040384990.cpp
RNGLR,461,461,4549874.50,30104.00,16384,20,true,true,OK,M_s040384990.cpp
BRNGLR,461,461,4451312.50,214500.00,16384,20,true,true,OK,M_s040384990.cpp
Leo,463,463,22651917.00,895833.00,16384,20,true,true,OK,M_s555890395.cpp
GLL,463,463,25012896.00,643292.00,16384,20,true,true,OK,M_s555890395.cpp
RNGLR,463,463,3043770.50,19604.00,16384,20,true,true,OK,M_s555890395.cpp
BRNGLR,463,463,2869125.00,41167.00,16384,20,true,true,OK,M_s555890395.cpp
Leo,469,469,26873542.00,474916.00,16384,19,true,true,OK,S_s210446787.cpp
GLL,469,469,36987917.00,747604.50,16384,14,true,true,OK,S_s210446787.cpp
RNGLR,469,469,4499604.00,52958.00,32768,20,true,true,OK,S_s210446787.cpp
BRNGLR,469,469,4204833.00,20041.00,16384,20,true,true,OK,S_s210446787.cpp
Leo,487,487,34833458.00,205042.00,16384,15,true,true,OK,S_s927193439.cpp
GLL,487,487,35994333.50,1125729.50,16384,14,true,true,OK,S_s927193439.cpp
RNGLR,487,487,4952479.00,73208.00,16384,20,true,true,OK,S_s927193439.cpp
BRNGLR,487,487,4241958.00,26708.50,16384,20,true,true,OK,S_s927193439.cpp
Leo,503,503,45438291.00,451583.00,147456,11,true,true,OK,S_s563030817.cpp
GLL,503,503,44458188.00,1597374.50,16384,12,true,true,OK,S_s563030817.cpp
RNGLR,503,503,5994541.50,26854.00,16384,20,true,true,OK,S_s563030817.cpp
BRNGLR,503,503,5420312.50,36166.50,16384,20,true,true,OK,S_s563030817.cpp
Leo,504,504,41778396.00,1472187.50,163840,12,true,true,OK,M_s645513445.cpp
GLL,504,504,40755833.00,1169666.00,16384,13,true,true,OK,M_s645513445.cpp
RNGLR,504,504,5342708.50,46687.50,16384,20,true,true,OK,M_s645513445.cpp
BRNGLR,504,504,4476687.50,45063.00,16384,20,true,true,OK,M_s645513445.cpp
Leo,524,524,50598354.50,886750.50,16384,10,true,true,OK,M_s669000535.cpp
GLL,524,524,48176417.00,232542.00,16384,11,true,true,OK,M_s669000535.cpp
RNGLR,524,524,7171979.00,328396.00,16384,20,true,true,OK,M_s669000535.cpp
BRNGLR,524,524,5458208.00,53750.00,16384,20,true,true,OK,M_s669000535.cpp
Leo,533,533,41718958.50,523750.00,180224,12,true,true,OK,M_s980077242.cpp
GLL,533,533,46925167.00,434333.00,16384,11,true,true,OK,M_s980077242.cpp
RNGLR,533,533,5709374.50,37312.00,32768,20,true,true,OK,M_s980077242.cpp
BRNGLR,533,533,5329166.50,18937.00,16384,20,true,true,OK,M_s980077242.cpp
Leo,545,545,47590458.00,1036834.00,16384,11,true,true,OK,S_s499397132.cpp
GLL,545,545,46227375.00,1063500.00,16384,11,true,true,OK,S_s499397132.cpp
RNGLR,545,545,7037499.50,69708.50,16384,20,true,true,OK,S_s499397132.cpp
BRNGLR,545,545,5466979.50,20959.00,16384,20,true,true,OK,S_s499397132.cpp
Leo,546,546,56382271.00,1109646.00,114688,10,true,true,OK,M_s109858381.cpp
GLL,546,546,48764291.00,1360332.00,16384,11,true,true,OK,M_s109858381.cpp
RNGLR,546,546,6678312.50,332521.00,16384,20,true,true,OK,M_s109858381.cpp
BRNGLR,546,546,5668750.00,80250.00,16384,20,true,true,OK,M_s109858381.cpp
Leo,555,555,59192292.00,380146.00,32768,10,true,true,OK,S_s600865051.cpp
GLL,555,555,51626646.00,990812.50,16384,10,true,true,OK,S_s600865051.cpp
RNGLR,555,555,6681125.00,50625.00,16384,20,true,true,OK,S_s600865051.cpp
BRNGLR,555,555,5643562.50,36333.50,16384,20,true,true,OK,S_s600865051.cpp
Leo,572,572,34685792.00,611417.00,16384,15,true,true,OK,M_s695762172.cpp
GLL,572,572,42736479.00,1255687.50,16384,12,true,true,OK,M_s695762172.cpp
RNGLR,572,572,5394812.50,89812.50,16384,20,true,true,OK,M_s695762172.cpp
BRNGLR,572,572,5048833.00,74062.00,16384,20,true,true,OK,M_s695762172.cpp
Leo,573,573,38883416.00,694334.00,180224,13,true,true,OK,L_s855220753.cpp
GLL,573,573,46851208.00,582125.00,16384,11,true,true,OK,L_s855220753.cpp
RNGLR,573,573,6675042.00,49521.00,16384,20,true,true,OK,L_s855220753.cpp
BRNGLR,573,573,6319624.50,197270.50,32768,20,true,true,OK,L_s855220753.cpp
Leo,574,574,37335125.00,339521.00,16384,14,true,true,OK,S_s876804116.cpp
GLL,574,574,46572625.00,369791.00,16384,11,true,true,OK,S_s876804116.cpp
RNGLR,574,574,5772146.00,21875.00,16384,20,true,true,OK,S_s876804116.cpp
BRNGLR,574,574,5137500.00,27563.00,16384,20,true,true,OK,S_s876804116.cpp
Leo,583,583,46230250.00,643834.00,163840,11,true,true,OK,M_s393833063.cpp
GLL,583,583,54401104.00,210854.00,16384,10,true,true,OK,M_s393833063.cpp
RNGLR,583,583,6034500.00,29958.50,16384,20,true,true,OK,M_s393833063.cpp
BRNGLR,583,583,5624437.00,22187.00,32768,20,true,true,OK,M_s393833063.cpp
Leo,591,591,35012750.00,210166.00,16384,15,true,true,OK,S_s109735483.cpp
GLL,591,591,47186916.00,102833.00,16384,11,true,true,OK,S_s109735483.cpp
RNGLR,591,591,5784604.50,27083.50,16384,20,true,true,OK,S_s109735483.cpp
BRNGLR,591,591,5447292.00,44708.50,16384,20,true,true,OK,S_s109735483.cpp
Leo,604,604,47198250.00,295625.00,65536,11,true,true,OK,M_s751908505.cpp
GLL,604,604,54003770.50,1128791.00,16384,10,true,true,OK,M_s751908505.cpp
RNGLR,604,604,6664520.50,33146.00,16384,20,true,true,OK,M_s751908505.cpp
BRNGLR,604,604,6076188.00,37874.50,16384,20,true,true,OK,M_s751908505.cpp
Leo,623,623,38689250.00,262208.00,180224,13,true,true,OK,M_s610333728.cpp
GLL,623,623,51477500.00,82249.50,2490368,10,true,true,OK,M_s610333728.cpp
RNGLR,623,623,6279479.50,29750.00,16384,20,true,true,OK,M_s610333728.cpp
BRNGLR,623,623,5950145.50,42041.50,16384,20,true,true,OK,M_s610333728.cpp
Leo,629,629,53693729.00,1162541.50,81920,10,true,true,OK,M_s348755482.cpp
GLL,629,629,65857062.50,517166.50,4292608,10,true,true,OK,M_s348755482.cpp
RNGLR,629,629,8473020.50,69062.50,16384,20,true,true,OK,M_s348755482.cpp
BRNGLR,629,629,8677562.50,446937.50,16384,20,true,true,OK,M_s348755482.cpp
Leo,634,634,41976292.00,932958.50,16384,12,true,true,OK,M_s345755439.cpp
GLL,634,634,54251979.50,692792.00,2523136,10,true,true,OK,M_s345755439.cpp
RNGLR,634,634,6448396.00,45458.50,16384,20,true,true,OK,M_s345755439.cpp
BRNGLR,634,634,5899604.50,25583.50,16384,20,true,true,OK,M_s345755439.cpp
Leo,656,656,65112146.00,865563.00,16384,10,true,true,OK,M_s189800287.cpp
GLL,656,656,65719584.00,574687.00,2523136,10,true,true,OK,M_s189800287.cpp
RNGLR,656,656,9510042.00,396312.00,16384,20,true,true,OK,M_s189800287.cpp
BRNGLR,656,656,7436979.00,79083.50,16384,20,true,true,OK,M_s189800287.cpp
Leo,657,657,49593479.00,189771.00,16384,10,true,true,OK,M_s953374775.cpp
GLL,657,657,58236770.50,1214395.50,2490368,10,true,true,OK,M_s953374775.cpp
RNGLR,657,657,6628500.00,33979.00,16384,20,true,true,OK,M_s953374775.cpp
BRNGLR,657,657,6173167.00,45480.00,16384,20,true,true,OK,M_s953374775.cpp
Leo,675,675,56458625.00,734333.50,0,10,true,true,OK,M_s957978495.cpp
GLL,675,675,58709562.50,431749.50,2555904,10,true,true,OK,M_s957978495.cpp
RNGLR,675,675,8844292.00,57292.00,16384,20,true,true,OK,M_s957978495.cpp
BRNGLR,675,675,6851229.00,50374.50,16384,20,true,true,OK,M_s957978495.cpp
Leo,688,688,54696354.50,292604.50,16384,10,true,true,OK,M_s566453379.cpp
GLL,688,688,55693687.50,88291.00,2506752,10,true,true,OK,M_s566453379.cpp
RNGLR,688,688,6923291.50,57666.50,16384,20,true,true,OK,M_s566453379.cpp
BRNGLR,688,688,6101583.50,67958.50,16384,20,true,true,OK,M_s566453379.cpp
Leo,709,709,53100646.00,538125.00,16384,10,true,true,OK,M_s964652337.cpp
GLL,709,709,67156812.50,615271.00,2506752,10,true,true,OK,M_s964652337.cpp
RNGLR,709,709,9038604.00,176228.50,16384,20,true,true,OK,M_s964652337.cpp
BRNGLR,709,709,7689916.50,38770.50,16384,20,true,true,OK,M_s964652337.cpp
Leo,711,711,54592417.00,545354.50,49152,10,true,true,OK,M_s618933250.cpp
GLL,711,711,48495458.00,655624.00,114688,11,true,true,OK,M_s618933250.cpp
RNGLR,711,711,7677583.50,99646.00,16384,20,true,true,OK,M_s618933250.cpp
BRNGLR,711,711,6485312.50,111312.50,16384,20,true,true,OK,M_s618933250.cpp
Leo,719,719,54685041.50,1334687.50,98304,10,true,true,OK,M_s111998639.cpp
GLL,719,719,62614625.00,963875.00,2473984,10,true,true,OK,M_s111998639.cpp
RNGLR,719,719,7630375.00,312062.50,16384,20,true,true,OK,M_s111998639.cpp
BRNGLR,719,719,7839041.50,414416.50,16384,20,true,true,OK,M_s111998639.cpp
Leo,723,723,55555583.00,569353.50,16384,10,true,true,OK,M_s565736636.cpp
GLL,723,723,58930417.00,964021.00,2473984,10,true,true,OK,M_s565736636.cpp
RNGLR,723,723,7638333.00,176834.00,16384,20,true,true,OK,M_s565736636.cpp
BRNGLR,723,723,6116187.50,23666.50,16384,20,true,true,OK,M_s565736636.cpp
Leo,729,729,55390229.00,744792.00,114688,10,true,true,OK,S_s705536733.cpp
GLL,729,729,75664812.50,1582229.00,2523136,10,true,true,OK,S_s705536733.cpp
RNGLR,729,729,8833646.00,445458.50,16384,20,true,true,OK,S_s705536733.cpp
BRNGLR,729,729,9170979.00,953000.00,16384,20,true,true,OK,S_s705536733.cpp
Leo,749,749,59606604.00,991833.00,65536,10,true,true,OK,M_s696485185.cpp
GLL,749,749,70573958.00,2797146.00,2473984,10,true,true,OK,M_s696485185.cpp
RNGLR,749,749,8675021.00,284833.50,16384,20,true,true,OK,M_s696485185.cpp
BRNGLR,749,749,8035520.50,271416.50,16384,20,true,true,OK,M_s696485185.cpp
Leo,809,809,55761562.50,1405291.50,81920,10,true,true,OK,M_s848239503.cpp
GLL,809,809,71155937.50,2451458.00,2408448,10,true,true,OK,M_s848239503.cpp
RNGLR,809,809,8402604.00,202021.00,16384,20,true,true,OK,M_s848239503.cpp
BRNGLR,809,809,6839020.50,37582.50,16384,20,true,true,OK,M_s848239503.cpp
Leo,834,834,65055437.50,1591291.50,16384,10,true,true,OK,M_s911505138.cpp
GLL,834,834,74453667.00,765354.50,2490368,10,true,true,OK,M_s911505138.cpp
RNGLR,834,834,9158395.50,233083.00,16384,20,true,true,OK,M_s911505138.cpp
BRNGLR,834,834,9880104.00,187229.50,16384,20,true,true,OK,M_s911505138.cpp
Leo,919,919,83712562.50,2043687.50,196608,10,true,true,OK,M_s579498455.cpp
GLL,919,919,86034583.00,5179916.00,3162112,10,true,true,OK,M_s579498455.cpp
RNGLR,919,919,11678104.50,550375.00,16384,20,true,true,OK,M_s579498455.cpp
BRNGLR,919,919,9642812.00,105813.00,16384,20,true,true,OK,M_s579498455.cpp
Leo,971,971,91668041.50,1183562.50,507904,10,true,true,OK,L_s978985852.cpp
GLL,971,971,102664437.50,3217458.50,4816896,10,true,true,OK,L_s978985852.cpp
RNGLR,971,971,14278562.50,599646.00,16384,20,true,true,OK,L_s978985852.cpp
BRNGLR,971,971,13241208.00,237020.50,16384,20,true,true,OK,L_s978985852.cpp
Leo,973,973,71140708.50,1532437.50,163840,10,true,true,OK,M_s644053416.cpp
GLL,973,973,88736396.00,2002750.50,2473984,10,true,true,OK,M_s644053416.cpp
RNGLR,973,973,10058146.00,64708.50,16384,20,true,true,OK,M_s644053416.cpp
BRNGLR,973,973,9669958.00,112333.50,16384,20,true,true,OK,M_s644053416.cpp
Leo,987,987,86457916.50,1741229.00,32768,10,true,true,OK,L_s970726458.cpp
GLL,987,987,112712124.50,5385478.50,2539520,10,true,true,OK,L_s970726458.cpp
RNGLR,987,987,14945625.00,148792.00,16384,20,true,true,OK,L_s970726458.cpp
BRNGLR,987,987,13701187.50,678187.50,32768,20,true,true,OK,L_s970726458.cpp
Leo,993,993,89393250.00,618875.50,16384,10,true,true,OK,L_s938737066.cpp
GLL,993,993,90905666.50,2903854.00,2457600,10,true,true,OK,L_s938737066.cpp
RNGLR,993,993,12088062.50,190021.50,16384,20,true,true,OK,L_s938737066.cpp
BRNGLR,993,993,9916249.50,155687.50,16384,20,true,true,OK,L_s938737066.cpp
Leo,1009,1009,81045021.00,498063.00,163840,10,true,true,OK,L_s072154633.cpp
GLL,1009,1009,92585062.50,598292.00,2506752,10,true,true,OK,L_s072154633.cpp
RNGLR,1009,1009,11215979.50,69916.50,16384,20,true,true,OK,L_s072154633.cpp
BRNGLR,1009,1009,10599395.50,145729.00,16384,20,true,true,OK,L_s072154633.cpp
Leo,1033,1033,83127458.00,1171083.00,16384,10,true,true,OK,M_s319660439.cpp
GLL,1033,1033,98276104.00,1809104.50,2523136,10,true,true,OK,M_s319660439.cpp
RNGLR,1033,1033,10913083.50,60083.50,16384,20,true,true,OK,M_s319660439.cpp
BRNGLR,1033,1033,10462999.50,152833.50,16384,20,true,true,OK,M_s319660439.cpp
Leo,1063,1063,81548458.50,1333500.00,49152,10,true,true,OK,M_s578123720.cpp
GLL,1063,1063,101451771.00,1057562.50,2523136,10,true,true,OK,M_s578123720.cpp
RNGLR,1063,1063,12281438.00,383292.00,16384,20,true,true,OK,M_s578123720.cpp
BRNGLR,1063,1063,11093021.50,71167.00,16384,20,true,true,OK,M_s578123720.cpp
Leo,1122,1122,73188500.00,1500916.00,16384,10,true,true,OK,M_s131648632.cpp
GLL,1122,1122,97924999.50,5453645.00,2588672,10,true,true,OK,M_s131648632.cpp
RNGLR,1122,1122,11621396.00,336562.50,16384,20,true,true,OK,M_s131648632.cpp
BRNGLR,1122,1122,9987187.50,134166.50,16384,20,true,true,OK,M_s131648632.cpp
Leo,1330,1330,103785083.50,404750.00,327680,10,true,true,OK,L_s750835170.cpp
GLL,1330,1330,123425854.50,1435229.00,5062656,10,true,true,OK,L_s750835170.cpp
RNGLR,1330,1330,15634271.00,224250.00,16384,20,true,true,OK,L_s750835170.cpp
BRNGLR,1330,1330,13412583.00,212666.00,16384,20,true,true,OK,L_s750835170.cpp
Leo,1392,1392,138602895.50,1641437.50,229376,10,true,true,OK,L_s132466201.cpp
GLL,1392,1392,140370916.50,3026916.50,11141120,10,true,true,OK,L_s132466201.cpp
RNGLR,1392,1392,18852083.50,228812.50,16384,20,true,true,OK,L_s132466201.cpp
BRNGLR,1392,1392,15334208.00,390604.50,16384,20,true,true,OK,L_s132466201.cpp
Leo,1427,1427,98335854.00,471583.50,32768,10,true,true,OK,L_s589167899.cpp
GLL,1427,1427,115506979.00,1657249.50,2539520,10,true,true,OK,L_s589167899.cpp
RNGLR,1427,1427,13975083.50,94937.50,16384,20,true,true,OK,L_s589167899.cpp
BRNGLR,1427,1427,13196375.50,130083.50,16384,20,true,true,OK,L_s589167899.cpp
Leo,1606,1606,128696125.50,567583.50,81920,10,true,true,OK,L_s618680591.cpp
GLL,1606,1606,157673729.50,2191771.00,5259264,10,true,true,OK,L_s618680591.cpp
RNGLR,1606,1606,18771062.50,348687.50,16384,20,true,true,OK,L_s618680591.cpp
BRNGLR,1606,1606,17183271.50,194521.50,16384,20,true,true,OK,L_s618680591.cpp
Leo,1618,1618,129379021.00,4698416.50,32768,10,true,true,OK,L_s815001542.cpp
GLL,1618,1618,141400249.50,7373458.00,5079040,10,true,true,OK,L_s815001542.cpp
RNGLR,1618,1618,17114000.00,753521.00,16384,20,true,true,OK,L_s815001542.cpp
BRNGLR,1618,1618,14582208.50,313271.00,16384,20,true,true,OK,L_s815001542.cpp
Leo,1671,1671,148125624.50,493209.00,245760,10,true,true,OK,L_s281337986.cpp
GLL,1671,1671,187903875.00,2869500.00,8355840,10,true,true,OK,L_s281337986.cpp
RNGLR,1671,1671,22344375.00,137333.50,32768,20,true,true,OK,L_s281337986.cpp
BRNGLR,1671,1671,20959062.50,126146.00,245760,20,true,true,OK,L_s281337986.cpp
Leo,2637,2637,204410250.00,1336938.00,2523136,10,true,true,OK,L_s102420377.cpp
GLL,2637,2637,215183604.00,2164520.50,8404992,10,true,true,OK,L_s102420377.cpp
RNGLR,2637,2637,30335625.00,289708.00,16384,17,true,true,OK,L_s102420377.cpp
BRNGLR,2637,2637,25788187.50,75021.00,16384,20,true,true,OK,L_s102420377.cpp
Leo,2718,2718,263437729.00,1039625.00,2457600,10,true,true,OK,L_s752920558.cpp
GLL,2718,2718,280411791.50,2582333.00,20561920,10,true,true,OK,L_s752920558.cpp
RNGLR,2718,2718,38265958.00,202917.00,16384,13,true,true,OK,L_s752920558.cpp
BRNGLR,2718,2718,32027312.50,143833.50,16384,16,true,true,OK,L_s752920558.cpp
Leo,2981,2981,107982958.50,1174625.00,16384,10,true,true,OK,L_s961983236.cpp
GLL,2981,2981,102049854.00,550791.50,2572288,10,true,true,OK,L_s961983236.cpp
RNGLR,2981,2981,13075062.50,444520.50,16384,20,true,true,OK,L_s961983236.cpp
BRNGLR,2981,2981,11658978.50,119458.00,16384,20,true,true,OK,L_s961983236.cpp
Leo,3153,3153,268484562.50,762000.00,524288,10,true,true,OK,XL_s603895983.cpp
GLL,3153,3153,304489895.50,1447895.50,15450112,10,true,true,OK,XL_s603895983.cpp
RNGLR,3153,3153,34667958.00,733583.00,16384,15,true,true,OK,XL_s603895983.cpp
BRNGLR,3153,3153,29549792.00,354291.00,16384,17,true,true,OK,XL_s603895983.cpp
Leo,3222,3222,261798624.50,1017896.00,147456,10,true,true,OK,L_s871080966.cpp
GLL,3222,3222,342622000.00,2184416.50,15532032,10,true,true,OK,L_s871080966.cpp
RNGLR,3222,3222,36763770.50,94708.50,16384,14,true,true,OK,L_s871080966.cpp
BRNGLR,3222,3222,35105000.00,203584.00,16384,15,true,true,OK,L_s871080966.cpp
Leo,4489,4489,430306354.00,1315333.50,458752,10,true,true,OK,XL_s043010395.cpp
GLL,4489,4489,510524687.50,1830458.50,15646720,10,true,true,OK,XL_s043010395.cpp
RNGLR,4489,4489,59294146.00,249958.50,16384,10,true,true,OK,XL_s043010395.cpp
BRNGLR,4489,4489,55197479.00,387229.50,16384,10,true,true,OK,XL_s043010395.cpp
Leo,4808,4808,690450271.00,2210708.00,2031616,10,true,true,OK,XL_s082149077.cpp
GLL,4808,4808,709881854.00,4029999.50,41369600,10,true,true,OK,XL_s082149077.cpp
RNGLR,4808,4808,538810958.50,1636041.50,1851392,10,true,true,OK,XL_s082149077.cpp
BRNGLR,4808,4808,271939458.00,1007708.00,1998848,10,true,true,OK,XL_s082149077.cpp
Leo,6350,6350,551852604.00,828354.00,589824,10,true,true,OK,XL_s762351031.cpp
GLL,6350,6350,784402312.00,4792770.50,17924096,10,true,true,OK,XL_s762351031.cpp
RNGLR,6350,6350,85172958.50,947583.50,16384,10,true,true,OK,XL_s762351031.cpp
BRNGLR,6350,6350,80548666.50,855375.00,16384,10,true,true,OK,XL_s762351031.cpp
Leo,6819,6819,831904167.00,4788812.50,1245184,10,true,true,OK,XL_s642561625.cpp
GLL,6819,6819,1011290291.50,7643312.50,38813696,10,true,true,OK,XL_s642561625.cpp
RNGLR,6819,6819,107147771.50,952375.50,16384,10,true,true,OK,XL_s642561625.cpp
BRNGLR,6819,6819,98667229.50,1415854.50,983040,10,true,true,OK,XL_s642561625.cpp
Leo,7409,7409,1034661729.00,28662000.00,442368,10,true,true,OK,XL_s791026539.cpp
GLL,7409,7409,0.00,0.00,0,0,false,false,TIMEOUT,XL_s791026539.cpp
RNGLR,7409,7409,125624312.50,3615687.50,5079040,10,true,true,OK,XL_s791026539.cpp
BRNGLR,7409,7409,114238500.00,1135271.00,8486912,10,true,true,OK,XL_s791026539.cpp
Leo,9686,9686,0.00,0.00,0,0,false,false,TIMEOUT,XL_s931571042.cpp
GLL,9686,9686,0.00,0.00,0,0,false,false,TIMEOUT,XL_s931571042.cpp
RNGLR,9686,9686,118911979.00,968750.50,8650752,10,true,true,OK,XL_s931571042.cpp
BRNGLR,9686,9686,113045020.50,1834020.50,9584640,10,true,true,OK,XL_s931571042.cpp
