state,1,2,3,4,5,6,7,8,9,10,11,12,13,14,15,16,17,18,19,20,21,22,23,24,25,26,27,28,29,30,31,32,33,34,35,36,37,38,39,40,41,42,43,44,45,46,47,48,49,50,51,52,53,54,0,-1,-2,-3,-4,-5,-6,-7,-8,-9,-10,-11,-12,-13,-14,-15,-16
0,r.-12.0.0,,,,,r.-12.0.0,,r.-12.0.0,,r.-12.0.0,r.-12.0.0,r.-12.0.0,r.-12.0.0,r.-12.0.0,r.-12.0.0,r.-12.0.0,r.-12.0.0,r.-12.0.0,r.-12.0.0,,r.-12.0.0,r.-12.0.0,r.-12.0.0,r.-12.0.0,r.-12.0.0,r.-12.0.0,r.-12.0.0,r.-12.0.0,r.-12.0.0,r.-12.0.0,r.-12.0.0,r.-12.0.0,r.-12.0.0,r.-12.0.0,r.-12.0.0,r.-12.0.0,r.-12.0.0,r.-12.0.0,r.-12.0.0,r.-12.0.0,r.-12.0.0,r.-12.0.0,r.-12.0.0,r.-12.0.0,r.-12.0.0,r.-12.0.0,r.-12.0.0,,r.-12.0.0,r.-12.0.0,,,,,r.-12.0.0,p.1,,,,,,,,,,,p.2,,,,
1,,,,,,,,,,,,,,,,,,,,,,,,,,,,,,,,,,,,,,,,,,,,,,,,,,,,,,,acc,,,,,,,,,,,,,,,,
2,p.3,,,,,p.4,,p.5,,p.6,p.7,p.8,p.9,p.10,p.11,p.12,p.13,p.14,p.15,,p.16,p.17,p.18,p.19,p.20,p.21,p.22,p.23,p.24,p.25,p.26,p.27,p.28,p.29,p.30,p.31,p.32,p.33,p.34,p.35,p.36,p.37,p.38,p.39,p.40,p.41,p.42,,p.43,p.44,,,,,r.-1.1.0,,p.45,,p.46,p.47,p.48,p.49,p.50,p.51,p.52,p.53,,p.54,p.55,p.56,p.57
3,,p.440,,,,,,,,,,,,,,,,,,,,,,,,,,,,,,,,,,,,,,,,,,,,,,,,,,,,,,,,,,,,,,,,,,,,,
4,,,,,,,p.439,,,,,,,,,,,,,,,,,,,,,,,,,,,,,,,,,,,,,,,,,,,,,,,,,,,,,,,,,,,,,,,,
5,,,,,,,,,p.435,,,,,,,,,,,,,,,,,,,,,,,,,,,,,,,,,,,,,,,,,,,,,,,,,,,,,,,,,,,,,,
6,,,,,,,,,,r.-6.1.0,r.-6.1.0,r.-6.1.0,r.-6.1.0,r.-6.1.0,r.-6.1.0,r.-6.1.0,r.-6.1.0,r.-6.1.0,r.-6.1.0,,,,,,,,,,,,,,,,,,,,,,,,,,,,,,r.-6.1.0,,,r.-6.1.0,r.-6.1.0,r.-6.1.0,,,,,,,,,,,,,,,,,
7,,,,,,,,,,r.-6.1.0,r.-6.1.0,r.-6.1.0,r.-6.1.0,r.-6.1.0,r.-6.1.0,r.-6.1.0,r.-6.1.0,r.-6.1.0,r.-6.1.0,,,,,,,,,,,,,,,,,,,,,,,,,,,,,,r.-6.1.0,,,r.-6.1.0,r.-6.1.0,r.-6.1.0,,,,,,,,,,,,,,,,,
8,,,,,,,,,,r.-6.1.0,r.-6.1.0,r.-6.1.0,r.-6.1.0,r.-6.1.0,r.-6.1.0,r.-6.1.0,r.-6.1.0,r.-6.1.0,r.-6.1.0,,,,,,,,,,,,,,,,,,,,,,,,,,,,,,r.-6.1.0,,,r.-6.1.0,r.-6.1.0,r.-6.1.0,,,,,,,,,,,,,,,,,
9,,,,,,,,,,r.-6.1.0,r.-6.1.0,r.-6.1.0,r.-6.1.0,r.-6.1.0,r.-6.1.0,r.-6.1.0,r.-6.1.0,r.-6.1.0,r.-6.1.0,,,,,,,,,,,,,,,,,,,,,,,,,,,,,,r.-6.1.0,,,r.-6.1.0,r.-6.1.0,r.-6.1.0,,,,,,,,,,,,,,,,,
10,,,,,,,,,,r.-6.1.0,r.-6.1.0,r.-6.1.0,r.-6.1.0,r.-6.1.0,r.-6.1.0,r.-6.1.0,r.-6.1.0,r.-6.1.0,r.-6.1.0,,,,,,,,,,,,,,,,,,,,,,,,,,,,,,r.-6.1.0,,,r.-6.1.0,r.-6.1.0,r.-6.1.0,,,,,,,,,,,,,,,,,
11,,,,,,,,,,r.-6.1.0,r.-6.1.0,r.-6.1.0,r.-6.1.0,r.-6.1.0,r.-6.1.0,r.-6.1.0,r.-6.1.0,r.-6.1.0,r.-6.1.0,,,,,,,,,,,,,,,,,,,,,,,,,,,,,,r.-6.1.0,,,r.-6.1.0,r.-6.1.0,r.-6.1.0,,,,,,,,,,,,,,,,,
12,,,,,,,,,,r.-6.1.0,r.-6.1.0,r.-6.1.0,r.-6.1.0,r.-6.1.0,r.-6.1.0,r.-6.1.0,r.-6.1.0,r.-6.1.0,r.-6.1.0,,,,,,,,,,,,,,,,,,,,,,,,,,,,,,r.-6.1.0,,,r.-6.1.0,r.-6.1.0,r.-6.1.0,,,,,,,,,,,,,,,,,
13,,,,,,,,,,r.-6.1.0,r.-6.1.0,r.-6.1.0,r.-6.1.0,r.-6.1.0,r.-6.1.0,r.-6.1.0,r.-6.1.0,r.-6.1.0,r.-6.1.0,,,,,,,,,,,,,,,,,,,,,,,,,,,,,,r.-6.1.0,,,r.-6.1.0,r.-6.1.0,r.-6.1.0,,,,,,,,,,,,,,,,,
14,,,,,,,,,,r.-6.1.0,r.-6.1.0,r.-6.1.0,r.-6.1.0,r.-6.1.0,r.-6.1.0,r.-6.1.0,r.-6.1.0,r.-6.1.0,r.-6.1.0,,,,,,,,,,,,,,,,,,,,,,,,,,,,,,r.-6.1.0,,,r.-6.1.0,r.-6.1.0,r.-6.1.0,,,,,,,,,,,,,,,,,
15,,,,,,,,,,r.-6.1.0,r.-6.1.0,r.-6.1.0,r.-6.1.0,r.-6.1.0,r.-6.1.0,r.-6.1.0,r.-6.1.0,r.-6.1.0,r.-6.1.0,,,,,,,,,,,,,,,,,,,,,,,,,,,,,,r.-6.1.0,,,r.-6.1.0,r.-6.1.0,r.-6.1.0,,,,,,,,,,,,,,,,,
16,,,,,,,,,,,,,,,,,,,,r.-8.1.0,,,,,,,,,,,,,,,,,,,,,,,,,,,,,r.-8.1.0,,,r.-8.1.0,r.-8.1.0,r.-8.1.0,,,,,,,,,,,,,,,,,
17,,,,,,,,,,,,,,,,,,,,r.-8.1.0,,,,,,,,,,,,,,,,,,,,,,,,,,,,,r.-8.1.0,,,r.-8.1.0,r.-8.1.0,r.-8.1.0,,,,,,,,,,,,,,,,,
18,,,,,,,,,,,,,,,,,,,,r.-8.1.0,,,,,,,,,,,,,,,,,,,,,,,,,,,,,r.-8.1.0,,,r.-8.1.0,r.-8.1.0,r.-8.1.0,,,,,,,,,,,,,,,,,
19,,,,,,,,,,,,,,,,,,,,r.-8.1.0,,,,,,,,,,,,,,,,,,,,,,,,,,,,,r.-8.1.0,,,r.-8.1.0,r.-8.1.0,r.-8.1.0,,,,,,,,,,,,,,,,,
20,,,,,,,,,,,,,,,,,,,,r.-8.1.0,,,,,,,,,,,,,,,,,,,,,,,,,,,,,r.-8.1.0,,,r.-8.1.0,r.-8.1.0,r.-8.1.0,,,,,,,,,,,,,,,,,
21,,,,,,,,,,,,,,,,,,,,r.-8.1.0,,,,,,,,,,,,,,,,,,,,,,,,,,,,,r.-8.1.0,,,r.-8.1.0,r.-8.1.0,r.-8.1.0,,,,,,,,,,,,,,,,,
22,,,,,,,,,,,,,,,,,,,,r.-8.1.0,,,,,,,,,,,,,,,,,,,,,,,,,,,,,r.-8.1.0,,,r.-8.1.0,r.-8.1.0,r.-8.1.0,,,,,,,,,,,,,,,,,
23,,,,,,,,,,,,,,,,,,,,r.-8.1.0,,,,,,,,,,,,,,,,,,,,,,,,,,,,,r.-8.1.0,,,r.-8.1.0,r.-8.1.0,r.-8.1.0,,,,,,,,,,,,,,,,,
24,,,,,,,,,,,,,,,,,,,,r.-8.1.0,,,,,,,,,,,,,,,,,,,,,,,,,,,,,r.-8.1.0,,,r.-8.1.0,r.-8.1.0,r.-8.1.0,,,,,,,,,,,,,,,,,
25,,,,,,,,,,,,,,,,,,,,r.-8.1.0,,,,,,,,,,,,,,,,,,,,,,,,,,,,,r.-8.1.0,,,r.-8.1.0,r.-8.1.0,r.-8.1.0,,,,,,,,,,,,,,,,,
26,,,,,,,,,,,,,,,,,,,,r.-8.1.0,,,,,,,,,,,,,,,,,,,,,,,,,,,,,r.-8.1.0,,,r.-8.1.0,r.-8.1.0,r.-8.1.0,,,,,,,,,,,,,,,,,
27,,,,,,,,,,,,,,,,,,,,r.-8.1.0,,,,,,,,,,,,,,,,,,,,,,,,,,,,,r.-8.1.0,,,r.-8.1.0,r.-8.1.0,r.-8.1.0,,,,,,,,,,,,,,,,,
28,,,,,,,,,,,,,,,,,,,,r.-8.1.0,,,,,,,,,,,,,,,,,,,,,,,,,,,,,r.-8.1.0,,,r.-8.1.0,r.-8.1.0,r.-8.1.0,,,,,,,,,,,,,,,,,
29,,,,,,,,,,,,,,,,,,,,r.-8.1.0,,,,,,,,,,,,,,,,,,,,,,,,,,,,,r.-8.1.0,,,r.-8.1.0,r.-8.1.0,r.-8.1.0,,,,,,,,,,,,,,,,,
30,,,,,,,,,,,,,,,,,,,,r.-8.1.0,,,,,,,,,,,,,,,,,,,,,,,,,,,,,r.-8.1.0,,,r.-8.1.0,r.-8.1.0,r.-8.1.0,,,,,,,,,,,,,,,,,
31,,,,,,,,,,,,,,,,,,,,r.-8.1.0,,,,,,,,,,,,,,,,,,,,,,,,,,,,,r.-8.1.0,,,r.-8.1.0,r.-8.1.0,r.-8.1.0,,,,,,,,,,,,,,,,,
32,,,,,,,,,,,,,,,,,,,,r.-8.1.0,,,,,,,,,,,,,,,,,,,,,,,,,,,,,r.-8.1.0,,,r.-8.1.0,r.-8.1.0,r.-8.1.0,,,,,,,,,,,,,,,,,
33,,,,,,,,,,,,,,,,,,,,r.-8.1.0,,,,,,,,,,,,,,,,,,,,,,,,,,,,,r.-8.1.0,,,r.-8.1.0,r.-8.1.0,r.-8.1.0,,,,,,,,,,,,,,,,,
34,,,,,,,,,,,,,,,,,,,,r.-8.1.0,,,,,,,,,,,,,,,,,,,,,,,,,,,,,r.-8.1.0,,,r.-8.1.0,r.-8.1.0,r.-8.1.0,,,,,,,,,,,,,,,,,
35,,,,,,,,,,,,,,,,,,,,r.-8.1.0,,,,,,,,,,,,,,,,,,,,,,,,,,,,,r.-8.1.0,,,r.-8.1.0,r.-8.1.0,r.-8.1.0,,,,,,,,,,,,,,,,,
36,,,,,,,,,,,,,,,,,,,,r.-8.1.0,,,,,,,,,,,,,,,,,,,,,,,,,,,,,r.-8.1.0,,,r.-8.1.0,r.-8.1.0,r.-8.1.0,,,,,,,,,,,,,,,,,
37,,,,,,,,,,,,,,,,,,,,r.-8.1.0,,,,,,,,,,,,,,,,,,,,,,,,,,,,,r.-8.1.0,,,r.-8.1.0,r.-8.1.0,r.-8.1.0,,,,,,,,,,,,,,,,,
38,,,,,,,,,,,,,,,,,,,,r.-8.1.0,,,,,,,,,,,,,,,,,,,,,,,,,,,,,r.-8.1.0,,,r.-8.1.0,r.-8.1.0,r.-8.1.0,,,,,,,,,,,,,,,,,
39,,,,,,,,,,,,,,,,,,,,r.-8.1.0,,,,,,,,,,,,,,,,,,,,,,,,,,,,,r.-8.1.0,,,r.-8.1.0,r.-8.1.0,r.-8.1.0,,,,,,,,,,,,,,,,,
40,,,,,,,,,,,,,,,,,,,,r.-8.1.0,,,,,,,,,,,,,,,,,,,,,,,,,,,,,r.-8.1.0,,,r.-8.1.0,r.-8.1.0,r.-8.1.0,,,,,,,,,,,,,,,,,
41,,,,,,,,,,,,,,,,,,,,r.-8.1.0,,,,,,,,,,,,,,,,,,,,,,,,,,,,,r.-8.1.0,,,r.-8.1.0,r.-8.1.0,r.-8.1.0,,,,,,,,,,,,,,,,,
42,,,,,,,,,,p.108,p.109,p.110,p.111,p.112,p.113,p.114,p.115,p.116,p.117,,p.118,p.119,p.120,p.121,p.122,p.123,p.124,p.125,p.126,p.127,p.128,p.129,p.130,p.131,p.132,p.133,p.134,p.135,p.136,p.137,p.138,p.139,p.140,p.141,p.142,p.143,p.144,,,,,,,,,,,,,,p.145,p.433,p.147,p.148,,,,p.149,p.150,p.151,
43,r.-10.1.0,,,,,r.-10.1.0,,r.-10.1.0,,r.-10.1.0,r.-10.1.0,r.-10.1.0,r.-10.1.0,r.-10.1.0,r.-10.1.0,r.-10.1.0,r.-10.1.0,r.-10.1.0,r.-10.1.0,,r.-10.1.0,r.-10.1.0,r.-10.1.0,r.-10.1.0,r.-10.1.0,r.-10.1.0,r.-10.1.0,r.-10.1.0,r.-10.1.0,r.-10.1.0,r.-10.1.0,r.-10.1.0,r.-10.1.0,r.-10.1.0,r.-10.1.0,r.-10.1.0,r.-10.1.0,r.-10.1.0,r.-10.1.0,r.-10.1.0,r.-10.1.0,r.-10.1.0,r.-10.1.0,r.-10.1.0,r.-10.1.0,r.-10.1.0,r.-10.1.0,,r.-10.1.0,r.-10.1.0,,,,,r.-10.1.0,,,,,,,,,,,,,,,,
44,r.-12.0.0,,,,,r.-12.0.0,,r.-12.0.0,,r.-12.0.0,r.-12.0.0,r.-12.0.0,r.-12.0.0,r.-12.0.0,r.-12.0.0,r.-12.0.0,r.-12.0.0,r.-12.0.0,r.-12.0.0,,r.-12.0.0,r.-12.0.0,r.-12.0.0,r.-12.0.0,r.-12.0.0,r.-12.0.0,r.-12.0.0,r.-12.0.0,r.-12.0.0,r.-12.0.0,r.-12.0.0,r.-12.0.0,r.-12.0.0,r.-12.0.0,r.-12.0.0,r.-12.0.0,r.-12.0.0,r.-12.0.0,r.-12.0.0,r.-12.0.0,r.-12.0.0,r.-12.0.0,r.-12.0.0,r.-12.0.0,r.-12.0.0,r.-12.0.0,r.-12.0.0,,r.-12.0.0,r.-12.0.0,r.-12.0.0,,,,,,,,,,,,,,,,p.431,,,,
45,p.3,,,,,p.4,,p.5,,p.6,p.7,p.8,p.9,p.10,p.11,p.12,p.13,p.14,p.15,,p.16,p.17,p.18,p.19,p.20,p.21,p.22,p.23,p.24,p.25,p.26,p.27,p.28,p.29,p.30,p.31,p.32,p.33,p.34,p.35,p.36,p.37,p.38,p.39,p.40,p.41,p.42,,p.306,p.307,,,,,,,p.308,,p.309,p.310,p.48,p.311,p.50,p.51,p.312,p.425,,p.54,p.55,p.56,p.314
46,,,,,,,,,,,,,,,,,,,,,,,,,,,,,,,,,,,,,,,,,,,,,,,p.277,,,,,,,,,,,,,,,,,,,,,,,,
47,,,,,,,,,,,,,,,,,,,,,,,,,,,,,,,,,,,,,,,,,,,,,,,p.272,,,,,,,,,,,,,,,,,,,,,,,,
48,,,,,,,,,,r.-9.1.0,r.-9.1.0,r.-9.1.0,r.-9.1.0,r.-9.1.0,r.-9.1.0,r.-9.1.0,r.-9.1.0,r.-9.1.0,r.-9.1.0,,,,,,,,,,,,,,,,,,,,,,,,,,,,,,r.-9.1.0,,,r.-9.1.0,r.-9.1.0,r.-9.1.0,,,,,,,,,,,,,,,,,
49,,,,,,,,,,,,,,,,,,,,,,,,,,,,,,,,,,,,,,,,,,,,,,,,,p.271,,,,,,,,,,,,,,,,,,,,,,
50,,,,,,,,,,,,,,,,,,,,p.269,,,,,,,,,,,,,,,,,,,,,,,,,,,,,r.-14.1.0,,,r.-14.1.0,r.-14.1.0,r.-14.1.0,,,,,,,,,,,,,,,,,
51,,,,,,,,,,p.6,p.7,p.8,p.9,p.10,p.11,p.12,p.13,p.14,p.15,,,,,,,,,,,,,,,,,,,,,,,,,,,,,,r.-14.1.0,,,r.-14.1.0,r.-14.1.0,r.-14.1.0,,,,,,,p.268,,,,,,,,,,
52,r.-11.1.0,,,,,r.-11.1.0,,r.-11.1.0,,r.-11.1.0,r.-11.1.0,r.-11.1.0,r.-11.1.0,r.-11.1.0,r.-11.1.0,r.-11.1.0,r.-11.1.0,r.-11.1.0,r.-11.1.0,,r.-11.1.0,r.-11.1.0,r.-11.1.0,r.-11.1.0,r.-11.1.0,r.-11.1.0,r.-11.1.0,r.-11.1.0,r.-11.1.0,r.-11.1.0,r.-11.1.0,r.-11.1.0,r.-11.1.0,r.-11.1.0,r.-11.1.0,r.-11.1.0,r.-11.1.0,r.-11.1.0,r.-11.1.0,r.-11.1.0,r.-11.1.0,r.-11.1.0,r.-11.1.0,r.-11.1.0,r.-11.1.0,r.-11.1.0,r.-11.1.0,,r.-11.1.0,r.-11.1.0,,,,,r.-11.1.0,,,,,,,,,,,,,,,,
53,r.-12.2.0,,,,,r.-12.2.0,,r.-12.2.0,,r.-12.2.0,r.-12.2.0,r.-12.2.0,r.-12.2.0,r.-12.2.0,r.-12.2.0,r.-12.2.0,r.-12.2.0,r.-12.2.0,r.-12.2.0,,r.-12.2.0,r.-12.2.0,r.-12.2.0,r.-12.2.0,r.-12.2.0,r.-12.2.0,r.-12.2.0,r.-12.2.0,r.-12.2.0,r.-12.2.0,r.-12.2.0,r.-12.2.0,r.-12.2.0,r.-12.2.0,r.-12.2.0,r.-12.2.0,r.-12.2.0,r.-12.2.0,r.-12.2.0,r.-12.2.0,r.-12.2.0,r.-12.2.0,r.-12.2.0,r.-12.2.0,r.-12.2.0,r.-12.2.0,r.-12.2.0,,r.-12.2.0,r.-12.2.0,,,,,r.-12.2.0,,,,,,,,,,,,,,,,
54,,,,,,,,,,,,,,,,,,,,,,,,,,,,,,,,,,,,,,,,,,,,,,,,,r.-15.1.0,,,p.58,p.59,p.60,,,,,,,,,,,,,,,,,
55,,,,,,,,,,,,,,,,,,,,,,,,,,,,,,,,,,,,,,,,,,,,,,,,,r.-13.1.0,,,r.-13.1.0,r.-13.1.0,r.-13.1.0,,,,,,,,,,,,,,,,,
56,,,,,,,,,,,,,,,,,,,,,,,,,,,,,,,,,,,,,,,,,,,,,,,,,r.-7.1.0,,,,,,,,,,,,,,,,,,,,,,
57,r.-11.1.0,,,,,r.-11.1.0,,r.-11.1.0,,r.-11.1.0,r.-11.1.0,r.-11.1.0,r.-11.1.0,r.-11.1.0,r.-11.1.0,r.-11.1.0,r.-11.1.0,r.-11.1.0,r.-11.1.0,,r.-11.1.0,r.-11.1.0,r.-11.1.0,r.-11.1.0,r.-11.1.0,r.-11.1.0,r.-11.1.0,r.-11.1.0,r.-11.1.0,r.-11.1.0,r.-11.1.0,r.-11.1.0,r.-11.1.0,r.-11.1.0,r.-11.1.0,r.-11.1.0,r.-11.1.0,r.-11.1.0,r.-11.1.0,r.-11.1.0,r.-11.1.0,r.-11.1.0,r.-11.1.0,r.-11.1.0,r.-11.1.0,r.-11.1.0,r.-11.1.0,,r.-11.1.0,r.-11.1.0,,,,,r.-11.1.0,,,,,,,,,,,,,,,,
58,,,,,,,,,,p.6,p.7,p.8,p.9,p.10,p.11,p.12,p.13,p.14,p.15,,p.239,p.240,p.241,p.242,p.243,p.244,p.245,p.246,p.247,p.248,p.249,p.250,p.251,p.252,p.253,p.254,p.255,p.256,p.257,p.258,p.259,p.260,p.261,p.262,p.263,p.264,p.42,,,,,,,,,,,,,,p.48,,p.265,p.51,,,,,p.267,,
59,,,,,,,,,,p.6,p.7,p.8,p.9,p.10,p.11,p.12,p.13,p.14,p.15,,p.239,p.240,p.241,p.242,p.243,p.244,p.245,p.246,p.247,p.248,p.249,p.250,p.251,p.252,p.253,p.254,p.255,p.256,p.257,p.258,p.259,p.260,p.261,p.262,p.263,p.264,p.42,,,,,,,,,,,,,,p.48,,p.265,p.51,,,,,p.266,,
60,,,,,,,,,,p.61,p.62,p.63,p.64,p.65,p.66,p.67,p.68,p.69,p.70,,p.71,p.72,p.73,p.74,p.75,p.76,p.77,p.78,p.79,p.80,p.81,p.82,p.83,p.84,p.85,p.86,p.87,p.88,p.89,p.90,p.91,p.92,p.93,p.94,p.95,p.96,p.97,,,,,,,,,,,,,,p.98,,p.99,p.100,,,,p.101,p.102,,
61,,,,,,,,,,r.-6.1.0,r.-6.1.0,r.-6.1.0,r.-6.1.0,r.-6.1.0,r.-6.1.0,r.-6.1.0,r.-6.1.0,r.-6.1.0,r.-6.1.0,,,,,,,,,,,,,,,,,,,,,,,,,,,,,,r.-6.1.0,,,r.-6.1.0,r.-6.1.0,,,,,,,,,,,,,,,,,,
62,,,,,,,,,,r.-6.1.0,r.-6.1.0,r.-6.1.0,r.-6.1.0,r.-6.1.0,r.-6.1.0,r.-6.1.0,r.-6.1.0,r.-6.1.0,r.-6.1.0,,,,,,,,,,,,,,,,,,,,,,,,,,,,,,r.-6.1.0,,,r.-6.1.0,r.-6.1.0,,,,,,,,,,,,,,,,,,
63,,,,,,,,,,r.-6.1.0,r.-6.1.0,r.-6.1.0,r.-6.1.0,r.-6.1.0,r.-6.1.0,r.-6.1.0,r.-6.1.0,r.-6.1.0,r.-6.1.0,,,,,,,,,,,,,,,,,,,,,,,,,,,,,,r.-6.1.0,,,r.-6.1.0,r.-6.1.0,,,,,,,,,,,,,,,,,,
64,,,,,,,,,,r.-6.1.0,r.-6.1.0,r.-6.1.0,r.-6.1.0,r.-6.1.0,r.-6.1.0,r.-6.1.0,r.-6.1.0,r.-6.1.0,r.-6.1.0,,,,,,,,,,,,,,,,,,,,,,,,,,,,,,r.-6.1.0,,,r.-6.1.0,r.-6.1.0,,,,,,,,,,,,,,,,,,
65,,,,,,,,,,r.-6.1.0,r.-6.1.0,r.-6.1.0,r.-6.1.0,r.-6.1.0,r.-6.1.0,r.-6.1.0,r.-6.1.0,r.-6.1.0,r.-6.1.0,,,,,,,,,,,,,,,,,,,,,,,,,,,,,,r.-6.1.0,,,r.-6.1.0,r.-6.1.0,,,,,,,,,,,,,,,,,,
66,,,,,,,,,,r.-6.1.0,r.-6.1.0,r.-6.1.0,r.-6.1.0,r.-6.1.0,r.-6.1.0,r.-6.1.0,r.-6.1.0,r.-6.1.0,r.-6.1.0,,,,,,,,,,,,,,,,,,,,,,,,,,,,,,r.-6.1.0,,,r.-6.1.0,r.-6.1.0,,,,,,,,,,,,,,,,,,
67,,,,,,,,,,r.-6.1.0,r.-6.1.0,r.-6.1.0,r.-6.1.0,r.-6.1.0,r.-6.1.0,r.-6.1.0,r.-6.1.0,r.-6.1.0,r.-6.1.0,,,,,,,,,,,,,,,,,,,,,,,,,,,,,,r.-6.1.0,,,r.-6.1.0,r.-6.1.0,,,,,,,,,,,,,,,,,,
68,,,,,,,,,,r.-6.1.0,r.-6.1.0,r.-6.1.0,r.-6.1.0,r.-6.1.0,r.-6.1.0,r.-6.1.0,r.-6.1.0,r.-6.1.0,r.-6.1.0,,,,,,,,,,,,,,,,,,,,,,,,,,,,,,r.-6.1.0,,,r.-6.1.0,r.-6.1.0,,,,,,,,,,,,,,,,,,
69,,,,,,,,,,r.-6.1.0,r.-6.1.0,r.-6.1.0,r.-6.1.0,r.-6.1.0,r.-6.1.0,r.-6.1.0,r.-6.1.0,r.-6.1.0,r.-6.1.0,,,,,,,,,,,,,,,,,,,,,,,,,,,,,,r.-6.1.0,,,r.-6.1.0,r.-6.1.0,,,,,,,,,,,,,,,,,,
70,,,,,,,,,,r.-6.1.0,r.-6.1.0,r.-6.1.0,r.-6.1.0,r.-6.1.0,r.-6.1.0,r.-6.1.0,r.-6.1.0,r.-6.1.0,r.-6.1.0,,,,,,,,,,,,,,,,,,,,,,,,,,,,,,r.-6.1.0,,,r.-6.1.0,r.-6.1.0,,,,,,,,,,,,,,,,,,
71,,,,,,,,,,,,,,,,,,,,,,,,,,,,,,,,,,,,,,,,,,,,,,,,,r.-8.1.0,,,r.-8.1.0,r.-8.1.0,,,,,,,,,,,,,,,,,,
72,,,,,,,,,,,,,,,,,,,,,,,,,,,,,,,,,,,,,,,,,,,,,,,,,r.-8.1.0,,,r.-8.1.0,r.-8.1.0,,,,,,,,,,,,,,,,,,
73,,,,,,,,,,,,,,,,,,,,,,,,,,,,,,,,,,,,,,,,,,,,,,,,,r.-8.1.0,,,r.-8.1.0,r.-8.1.0,,,,,,,,,,,,,,,,,,
74,,,,,,,,,,,,,,,,,,,,,,,,,,,,,,,,,,,,,,,,,,,,,,,,,r.-8.1.0,,,r.-8.1.0,r.-8.1.0,,,,,,,,,,,,,,,,,,
75,,,,,,,,,,,,,,,,,,,,,,,,,,,,,,,,,,,,,,,,,,,,,,,,,r.-8.1.0,,,r.-8.1.0,r.-8.1.0,,,,,,,,,,,,,,,,,,
76,,,,,,,,,,,,,,,,,,,,,,,,,,,,,,,,,,,,,,,,,,,,,,,,,r.-8.1.0,,,r.-8.1.0,r.-8.1.0,,,,,,,,,,,,,,,,,,
77,,,,,,,,,,,,,,,,,,,,,,,,,,,,,,,,,,,,,,,,,,,,,,,,,r.-8.1.0,,,r.-8.1.0,r.-8.1.0,,,,,,,,,,,,,,,,,,
78,,,,,,,,,,,,,,,,,,,,,,,,,,,,,,,,,,,,,,,,,,,,,,,,,r.-8.1.0,,,r.-8.1.0,r.-8.1.0,,,,,,,,,,,,,,,,,,
79,,,,,,,,,,,,,,,,,,,,,,,,,,,,,,,,,,,,,,,,,,,,,,,,,r.-8.1.0,,,r.-8.1.0,r.-8.1.0,,,,,,,,,,,,,,,,,,
80,,,,,,,,,,,,,,,,,,,,,,,,,,,,,,,,,,,,,,,,,,,,,,,,,r.-8.1.0,,,r.-8.1.0,r.-8.1.0,,,,,,,,,,,,,,,,,,
81,,,,,,,,,,,,,,,,,,,,,,,,,,,,,,,,,,,,,,,,,,,,,,,,,r.-8.1.0,,,r.-8.1.0,r.-8.1.0,,,,,,,,,,,,,,,,,,
82,,,,,,,,,,,,,,,,,,,,,,,,,,,,,,,,,,,,,,,,,,,,,,,,,r.-8.1.0,,,r.-8.1.0,r.-8.1.0,,,,,,,,,,,,,,,,,,
83,,,,,,,,,,,,,,,,,,,,,,,,,,,,,,,,,,,,,,,,,,,,,,,,,r.-8.1.0,,,r.-8.1.0,r.-8.1.0,,,,,,,,,,,,,,,,,,
84,,,,,,,,,,,,,,,,,,,,,,,,,,,,,,,,,,,,,,,,,,,,,,,,,r.-8.1.0,,,r.-8.1.0,r.-8.1.0,,,,,,,,,,,,,,,,,,
85,,,,,,,,,,,,,,,,,,,,,,,,,,,,,,,,,,,,,,,,,,,,,,,,,r.-8.1.0,,,r.-8.1.0,r.-8.1.0,,,,,,,,,,,,,,,,,,
86,,,,,,,,,,,,,,,,,,,,,,,,,,,,,,,,,,,,,,,,,,,,,,,,,r.-8.1.0,,,r.-8.1.0,r.-8.1.0,,,,,,,,,,,,,,,,,,
87,,,,,,,,,,,,,,,,,,,,,,,,,,,,,,,,,,,,,,,,,,,,,,,,,r.-8.1.0,,,r.-8.1.0,r.-8.1.0,,,,,,,,,,,,,,,,,,
88,,,,,,,,,,,,,,,,,,,,,,,,,,,,,,,,,,,,,,,,,,,,,,,,,r.-8.1.0,,,r.-8.1.0,r.-8.1.0,,,,,,,,,,,,,,,,,,
89,,,,,,,,,,,,,,,,,,,,,,,,,,,,,,,,,,,,,,,,,,,,,,,,,r.-8.1.0,,,r.-8.1.0,r.-8.1.0,,,,,,,,,,,,,,,,,,
90,,,,,,,,,,,,,,,,,,,,,,,,,,,,,,,,,,,,,,,,,,,,,,,,,r.-8.1.0,,,r.-8.1.0,r.-8.1.0,,,,,,,,,,,,,,,,,,
91,,,,,,,,,,,,,,,,,,,,,,,,,,,,,,,,,,,,,,,,,,,,,,,,,r.-8.1.0,,,r.-8.1.0,r.-8.1.0,,,,,,,,,,,,,,,,,,
92,,,,,,,,,,,,,,,,,,,,,,,,,,,,,,,,,,,,,,,,,,,,,,,,,r.-8.1.0,,,r.-8.1.0,r.-8.1.0,,,,,,,,,,,,,,,,,,
93,,,,,,,,,,,,,,,,,,,,,,,,,,,,,,,,,,,,,,,,,,,,,,,,,r.-8.1.0,,,r.-8.1.0,r.-8.1.0,,,,,,,,,,,,,,,,,,
94,,,,,,,,,,,,,,,,,,,,,,,,,,,,,,,,,,,,,,,,,,,,,,,,,r.-8.1.0,,,r.-8.1.0,r.-8.1.0,,,,,,,,,,,,,,,,,,
95,,,,,,,,,,,,,,,,,,,,,,,,,,,,,,,,,,,,,,,,,,,,,,,,,r.-8.1.0,,,r.-8.1.0,r.-8.1.0,,,,,,,,,,,,,,,,,,
96,,,,,,,,,,,,,,,,,,,,,,,,,,,,,,,,,,,,,,,,,,,,,,,,,r.-8.1.0,,,r.-8.1.0,r.-8.1.0,,,,,,,,,,,,,,,,,,
97,,,,,,,,,,p.108,p.109,p.110,p.111,p.112,p.113,p.114,p.115,p.116,p.117,,p.118,p.119,p.120,p.121,p.122,p.123,p.124,p.125,p.126,p.127,p.128,p.129,p.130,p.131,p.132,p.133,p.134,p.135,p.136,p.137,p.138,p.139,p.140,p.141,p.142,p.143,p.144,,,,,,,,,,,,,,p.145,p.146,p.147,p.148,,,,p.149,p.150,p.151,
98,,,,,,,,,,r.-9.1.0,r.-9.1.0,r.-9.1.0,r.-9.1.0,r.-9.1.0,r.-9.1.0,r.-9.1.0,r.-9.1.0,r.-9.1.0,r.-9.1.0,,,,,,,,,,,,,,,,,,,,,,,,,,,,,,r.-9.1.0,,,r.-9.1.0,r.-9.1.0,,,,,,,,,,,,,,,,,,
99,,,,,,,,,,,,,,,,,,,,,,,,,,,,,,,,,,,,,,,,,,,,,,,,,r.-14.1.0,,,r.-14.1.0,r.-14.1.0,,,,,,,,,,,,,,,,,,
100,,,,,,,,,,p.61,p.62,p.63,p.64,p.65,p.66,p.67,p.68,p.69,p.70,,,,,,,,,,,,,,,,,,,,,,,,,,,,,,r.-14.1.0,,,r.-14.1.0,r.-14.1.0,,,,,,,,p.107,,,,,,,,,,
101,,,,,,,,,,,,,,,,,,,,,,,,,,,,,,,,,,,,,,,,,,,,,,,,,r.-15.3.0,,,p.103,p.104,,,,,,,,,,,,,,,,,,
102,,,,,,,,,,,,,,,,,,,,,,,,,,,,,,,,,,,,,,,,,,,,,,,,,r.-13.1.0,,,r.-13.1.0,r.-13.1.0,,,,,,,,,,,,,,,,,,
103,,,,,,,,,,p.61,p.62,p.63,p.64,p.65,p.66,p.67,p.68,p.69,p.70,,p.71,p.72,p.73,p.74,p.75,p.76,p.77,p.78,p.79,p.80,p.81,p.82,p.83,p.84,p.85,p.86,p.87,p.88,p.89,p.90,p.91,p.92,p.93,p.94,p.95,p.96,p.97,,,,,,,,,,,,,,p.98,,p.99,p.100,,,,,p.106,,
104,,,,,,,,,,p.61,p.62,p.63,p.64,p.65,p.66,p.67,p.68,p.69,p.70,,p.71,p.72,p.73,p.74,p.75,p.76,p.77,p.78,p.79,p.80,p.81,p.82,p.83,p.84,p.85,p.86,p.87,p.88,p.89,p.90,p.91,p.92,p.93,p.94,p.95,p.96,p.97,,,,,,,,,,,,,,p.98,,p.99,p.100,,,,,p.105,,
105,,,,,,,,,,,,,,,,,,,,,,,,,,,,,,,,,,,,,,,,,,,,,,,,,r.-13.3.0,,,r.-13.3.0,r.-13.3.0,,,,,,,,,,,,,,,,,,
106,,,,,,,,,,,,,,,,,,,,,,,,,,,,,,,,,,,,,,,,,,,,,,,,,r.-13.3.0,,,r.-13.3.0,r.-13.3.0,,,,,,,,,,,,,,,,,,
107,,,,,,,,,,r.-9.2.0,r.-9.2.0,r.-9.2.0,r.-9.2.0,r.-9.2.0,r.-9.2.0,r.-9.2.0,r.-9.2.0,r.-9.2.0,r.-9.2.0,,,,,,,,,,,,,,,,,,,,,,,,,,,,,,r.-9.2.0,,,r.-9.2.0,r.-9.2.0,,,,,,,,,,,,,,,,,,
108,,,,,,,,,,r.-6.1.0,r.-6.1.0,r.-6.1.0,r.-6.1.0,r.-6.1.0,r.-6.1.0,r.-6.1.0,r.-6.1.0,r.-6.1.0,r.-6.1.0,,,,,,,,,,,,,,,,,,,,,,,,,,,,,r.-6.1.0,,,,r.-6.1.0,r.-6.1.0,r.-6.1.0,,,,,,,,,,,,,,,,,
109,,,,,,,,,,r.-6.1.0,r.-6.1.0,r.-6.1.0,r.-6.1.0,r.-6.1.0,r.-6.1.0,r.-6.1.0,r.-6.1.0,r.-6.1.0,r.-6.1.0,,,,,,,,,,,,,,,,,,,,,,,,,,,,,r.-6.1.0,,,,r.-6.1.0,r.-6.1.0,r.-6.1.0,,,,,,,,,,,,,,,,,
110,,,,,,,,,,r.-6.1.0,r.-6.1.0,r.-6.1.0,r.-6.1.0,r.-6.1.0,r.-6.1.0,r.-6.1.0,r.-6.1.0,r.-6.1.0,r.-6.1.0,,,,,,,,,,,,,,,,,,,,,,,,,,,,,r.-6.1.0,,,,r.-6.1.0,r.-6.1.0,r.-6.1.0,,,,,,,,,,,,,,,,,
111,,,,,,,,,,r.-6.1.0,r.-6.1.0,r.-6.1.0,r.-6.1.0,r.-6.1.0,r.-6.1.0,r.-6.1.0,r.-6.1.0,r.-6.1.0,r.-6.1.0,,,,,,,,,,,,,,,,,,,,,,,,,,,,,r.-6.1.0,,,,r.-6.1.0,r.-6.1.0,r.-6.1.0,,,,,,,,,,,,,,,,,
112,,,,,,,,,,r.-6.1.0,r.-6.1.0,r.-6.1.0,r.-6.1.0,r.-6.1.0,r.-6.1.0,r.-6.1.0,r.-6.1.0,r.-6.1.0,r.-6.1.0,,,,,,,,,,,,,,,,,,,,,,,,,,,,,r.-6.1.0,,,,r.-6.1.0,r.-6.1.0,r.-6.1.0,,,,,,,,,,,,,,,,,
113,,,,,,,,,,r.-6.1.0,r.-6.1.0,r.-6.1.0,r.-6.1.0,r.-6.1.0,r.-6.1.0,r.-6.1.0,r.-6.1.0,r.-6.1.0,r.-6.1.0,,,,,,,,,,,,,,,,,,,,,,,,,,,,,r.-6.1.0,,,,r.-6.1.0,r.-6.1.0,r.-6.1.0,,,,,,,,,,,,,,,,,
114,,,,,,,,,,r.-6.1.0,r.-6.1.0,r.-6.1.0,r.-6.1.0,r.-6.1.0,r.-6.1.0,r.-6.1.0,r.-6.1.0,r.-6.1.0,r.-6.1.0,,,,,,,,,,,,,,,,,,,,,,,,,,,,,r.-6.1.0,,,,r.-6.1.0,r.-6.1.0,r.-6.1.0,,,,,,,,,,,,,,,,,
115,,,,,,,,,,r.-6.1.0,r.-6.1.0,r.-6.1.0,r.-6.1.0,r.-6.1.0,r.-6.1.0,r.-6.1.0,r.-6.1.0,r.-6.1.0,r.-6.1.0,,,,,,,,,,,,,,,,,,,,,,,,,,,,,r.-6.1.0,,,,r.-6.1.0,r.-6.1.0,r.-6.1.0,,,,,,,,,,,,,,,,,
116,,,,,,,,,,r.-6.1.0,r.-6.1.0,r.-6.1.0,r.-6.1.0,r.-6.1.0,r.-6.1.0,r.-6.1.0,r.-6.1.0,r.-6.1.0,r.-6.1.0,,,,,,,,,,,,,,,,,,,,,,,,,,,,,r.-6.1.0,,,,r.-6.1.0,r.-6.1.0,r.-6.1.0,,,,,,,,,,,,,,,,,
117,,,,,,,,,,r.-6.1.0,r.-6.1.0,r.-6.1.0,r.-6.1.0,r.-6.1.0,r.-6.1.0,r.-6.1.0,r.-6.1.0,r.-6.1.0,r.-6.1.0,,,,,,,,,,,,,,,,,,,,,,,,,,,,,r.-6.1.0,,,,r.-6.1.0,r.-6.1.0,r.-6.1.0,,,,,,,,,,,,,,,,,
118,,,,,,,,,,,,,,,,,,,,r.-8.1.0,,,,,,,,,,,,,,,,,,,,,,,,,,,,r.-8.1.0,,,,r.-8.1.0,r.-8.1.0,r.-8.1.0,,,,,,,,,,,,,,,,,
119,,,,,,,,,,,,,,,,,,,,r.-8.1.0,,,,,,,,,,,,,,,,,,,,,,,,,,,,r.-8.1.0,,,,r.-8.1.0,r.-8.1.0,r.-8.1.0,,,,,,,,,,,,,,,,,
120,,,,,,,,,,,,,,,,,,,,r.-8.1.0,,,,,,,,,,,,,,,,,,,,,,,,,,,,r.-8.1.0,,,,r.-8.1.0,r.-8.1.0,r.-8.1.0,,,,,,,,,,,,,,,,,
121,,,,,,,,,,,,,,,,,,,,r.-8.1.0,,,,,,,,,,,,,,,,,,,,,,,,,,,,r.-8.1.0,,,,r.-8.1.0,r.-8.1.0,r.-8.1.0,,,,,,,,,,,,,,,,,
122,,,,,,,,,,,,,,,,,,,,r.-8.1.0,,,,,,,,,,,,,,,,,,,,,,,,,,,,r.-8.1.0,,,,r.-8.1.0,r.-8.1.0,r.-8.1.0,,,,,,,,,,,,,,,,,
123,,,,,,,,,,,,,,,,,,,,r.-8.1.0,,,,,,,,,,,,,,,,,,,,,,,,,,,,r.-8.1.0,,,,r.-8.1.0,r.-8.1.0,r.-8.1.0,,,,,,,,,,,,,,,,,
124,,,,,,,,,,,,,,,,,,,,r.-8.1.0,,,,,,,,,,,,,,,,,,,,,,,,,,,,r.-8.1.0,,,,r.-8.1.0,r.-8.1.0,r.-8.1.0,,,,,,,,,,,,,,,,,
125,,,,,,,,,,,,,,,,,,,,r.-8.1.0,,,,,,,,,,,,,,,,,,,,,,,,,,,,r.-8.1.0,,,,r.-8.1.0,r.-8.1.0,r.-8.1.0,,,,,,,,,,,,,,,,,
126,,,,,,,,,,,,,,,,,,,,r.-8.1.0,,,,,,,,,,,,,,,,,,,,,,,,,,,,r.-8.1.0,,,,r.-8.1.0,r.-8.1.0,r.-8.1.0,,,,,,,,,,,,,,,,,
127,,,,,,,,,,,,,,,,,,,,r.-8.1.0,,,,,,,,,,,,,,,,,,,,,,,,,,,,r.-8.1.0,,,,r.-8.1.0,r.-8.1.0,r.-8.1.0,,,,,,,,,,,,,,,,,
128,,,,,,,,,,,,,,,,,,,,r.-8.1.0,,,,,,,,,,,,,,,,,,,,,,,,,,,,r.-8.1.0,,,,r.-8.1.0,r.-8.1.0,r.-8.1.0,,,,,,,,,,,,,,,,,
129,,,,,,,,,,,,,,,,,,,,r.-8.1.0,,,,,,,,,,,,,,,,,,,,,,,,,,,,r.-8.1.0,,,,r.-8.1.0,r.-8.1.0,r.-8.1.0,,,,,,,,,,,,,,,,,
130,,,,,,,,,,,,,,,,,,,,r.-8.1.0,,,,,,,,,,,,,,,,,,,,,,,,,,,,r.-8.1.0,,,,r.-8.1.0,r.-8.1.0,r.-8.1.0,,,,,,,,,,,,,,,,,
131,,,,,,,,,,,,,,,,,,,,r.-8.1.0,,,,,,,,,,,,,,,,,,,,,,,,,,,,r.-8.1.0,,,,r.-8.1.0,r.-8.1.0,r.-8.1.0,,,,,,,,,,,,,,,,,
132,,,,,,,,,,,,,,,,,,,,r.-8.1.0,,,,,,,,,,,,,,,,,,,,,,,,,,,,r.-8.1.0,,,,r.-8.1.0,r.-8.1.0,r.-8.1.0,,,,,,,,,,,,,,,,,
133,,,,,,,,,,,,,,,,,,,,r.-8.1.0,,,,,,,,,,,,,,,,,,,,,,,,,,,,r.-8.1.0,,,,r.-8.1.0,r.-8.1.0,r.-8.1.0,,,,,,,,,,,,,,,,,
134,,,,,,,,,,,,,,,,,,,,r.-8.1.0,,,,,,,,,,,,,,,,,,,,,,,,,,,,r.-8.1.0,,,,r.-8.1.0,r.-8.1.0,r.-8.1.0,,,,,,,,,,,,,,,,,
135,,,,,,,,,,,,,,,,,,,,r.-8.1.0,,,,,,,,,,,,,,,,,,,,,,,,,,,,r.-8.1.0,,,,r.-8.1.0,r.-8.1.0,r.-8.1.0,,,,,,,,,,,,,,,,,
136,,,,,,,,,,,,,,,,,,,,r.-8.1.0,,,,,,,,,,,,,,,,,,,,,,,,,,,,r.-8.1.0,,,,r.-8.1.0,r.-8.1.0,r.-8.1.0,,,,,,,,,,,,,,,,,
137,,,,,,,,,,,,,,,,,,,,r.-8.1.0,,,,,,,,,,,,,,,,,,,,,,,,,,,,r.-8.1.0,,,,r.-8.1.0,r.-8.1.0,r.-8.1.0,,,,,,,,,,,,,,,,,
138,,,,,,,,,,,,,,,,,,,,r.-8.1.0,,,,,,,,,,,,,,,,,,,,,,,,,,,,r.-8.1.0,,,,r.-8.1.0,r.-8.1.0,r.-8.1.0,,,,,,,,,,,,,,,,,
139,,,,,,,,,,,,,,,,,,,,r.-8.1.0,,,,,,,,,,,,,,,,,,,,,,,,,,,,r.-8.1.0,,,,r.-8.1.0,r.-8.1.0,r.-8.1.0,,,,,,,,,,,,,,,,,
140,,,,,,,,,,,,,,,,,,,,r.-8.1.0,,,,,,,,,,,,,,,,,,,,,,,,,,,,r.-8.1.0,,,,r.-8.1.0,r.-8.1.0,r.-8.1.0,,,,,,,,,,,,,,,,,
141,,,,,,,,,,,,,,,,,,,,r.-8.1.0,,,,,,,,,,,,,,,,,,,,,,,,,,,,r.-8.1.0,,,,r.-8.1.0,r.-8.1.0,r.-8.1.0,,,,,,,,,,,,,,,,,
142,,,,,,,,,,,,,,,,,,,,r.-8.1.0,,,,,,,,,,,,,,,,,,,,,,,,,,,,r.-8.1.0,,,,r.-8.1.0,r.-8.1.0,r.-8.1.0,,,,,,,,,,,,,,,,,
143,,,,,,,,,,,,,,,,,,,,r.-8.1.0,,,,,,,,,,,,,,,,,,,,,,,,,,,,r.-8.1.0,,,,r.-8.1.0,r.-8.1.0,r.-8.1.0,,,,,,,,,,,,,,,,,
144,,,,,,,,,,p.108,p.109,p.110,p.111,p.112,p.113,p.114,p.115,p.116,p.117,,p.118,p.119,p.120,p.121,p.122,p.123,p.124,p.125,p.126,p.127,p.128,p.129,p.130,p.131,p.132,p.133,p.134,p.135,p.136,p.137,p.138,p.139,p.140,p.141,p.142,p.143,p.144,,,,,,,,,,,,,,p.145,p.237,p.147,p.148,,,,p.149,p.150,p.151,
145,,,,,,,,,,r.-9.1.0,r.-9.1.0,r.-9.1.0,r.-9.1.0,r.-9.1.0,r.-9.1.0,r.-9.1.0,r.-9.1.0,r.-9.1.0,r.-9.1.0,,,,,,,,,,,,,,,,,,,,,,,,,,,,,r.-9.1.0,,,,r.-9.1.0,r.-9.1.0,r.-9.1.0,,,,,,,,,,,,,,,,,
146,,,,,,,,,,,,,,,,,,,,,,,,,,,,,,,,,,,,,,,,,,,,,,,,p.236,,,,,,,,,,,,,,,,,,,,,,,
147,,,,,,,,,,,,,,,,,,,,p.234,,,,,,,,,,,,,,,,,,,,,,,,,,,,r.-14.1.0,,,,r.-14.1.0,r.-14.1.0,r.-14.1.0,,,,,,,,,,,,,,,,,
148,,,,,,,,,,p.108,p.109,p.110,p.111,p.112,p.113,p.114,p.115,p.116,p.117,,,,,,,,,,,,,,,,,,,,,,,,,,,,,r.-14.1.0,,,,r.-14.1.0,r.-14.1.0,r.-14.1.0,,,,,,,p.233,,,,,,,,,,
149,,,,,,,,,,,,,,,,,,,,,,,,,,,,,,,,,,,,,,,,,,,,,,,,r.-15.1.0,,,,p.152,p.153,p.154,,,,,,,,,,,,,,,,,
150,,,,,,,,,,,,,,,,,,,,,,,,,,,,,,,,,,,,,,,,,,,,,,,,r.-13.1.0,,,,r.-13.1.0,r.-13.1.0,r.-13.1.0,,,,,,,,,,,,,,,,,
151,,,,,,,,,,,,,,,,,,,,,,,,,,,,,,,,,,,,,,,,,,,,,,,,r.-7.1.0,,,,,,,,,,,,,,,,,,,,,,,
152,,,,,,,,,,p.108,p.109,p.110,p.111,p.112,p.113,p.114,p.115,p.116,p.117,,p.204,p.205,p.206,p.207,p.208,p.209,p.210,p.211,p.212,p.213,p.214,p.215,p.216,p.217,p.218,p.219,p.220,p.221,p.222,p.223,p.224,p.225,p.226,p.227,p.228,p.229,p.144,,,,,,,,,,,,,,p.145,,p.230,p.148,,,,,p.232,,
153,,,,,,,,,,p.108,p.109,p.110,p.111,p.112,p.113,p.114,p.115,p.116,p.117,,p.204,p.205,p.206,p.207,p.208,p.209,p.210,p.211,p.212,p.213,p.214,p.215,p.216,p.217,p.218,p.219,p.220,p.221,p.222,p.223,p.224,p.225,p.226,p.227,p.228,p.229,p.144,,,,,,,,,,,,,,p.145,,p.230,p.148,,,,,p.231,,
154,,,,,,,,,,p.155,p.156,p.157,p.158,p.159,p.160,p.161,p.162,p.163,p.164,,p.165,p.166,p.167,p.168,p.169,p.170,p.171,p.172,p.173,p.174,p.175,p.176,p.177,p.178,p.179,p.180,p.181,p.182,p.183,p.184,p.185,p.186,p.187,p.188,p.189,p.190,p.191,,,,,,,,,,,,,,p.192,,p.193,p.194,,,,p.195,p.196,,
155,,,,,,,,,,r.-6.1.0,r.-6.1.0,r.-6.1.0,r.-6.1.0,r.-6.1.0,r.-6.1.0,r.-6.1.0,r.-6.1.0,r.-6.1.0,r.-6.1.0,,,,,,,,,,,,,,,,,,,,,,,,,,,,,r.-6.1.0,,,,r.-6.1.0,r.-6.1.0,,,,,,,,,,,,,,,,,,
156,,,,,,,,,,r.-6.1.0,r.-6.1.0,r.-6.1.0,r.-6.1.0,r.-6.1.0,r.-6.1.0,r.-6.1.0,r.-6.1.0,r.-6.1.0,r.-6.1.0,,,,,,,,,,,,,,,,,,,,,,,,,,,,,r.-6.1.0,,,,r.-6.1.0,r.-6.1.0,,,,,,,,,,,,,,,,,,
157,,,,,,,,,,r.-6.1.0,r.-6.1.0,r.-6.1.0,r.-6.1.0,r.-6.1.0,r.-6.1.0,r.-6.1.0,r.-6.1.0,r.-6.1.0,r.-6.1.0,,,,,,,,,,,,,,,,,,,,,,,,,,,,,r.-6.1.0,,,,r.-6.1.0,r.-6.1.0,,,,,,,,,,,,,,,,,,
158,,,,,,,,,,r.-6.1.0,r.-6.1.0,r.-6.1.0,r.-6.1.0,r.-6.1.0,r.-6.1.0,r.-6.1.0,r.-6.1.0,r.-6.1.0,r.-6.1.0,,,,,,,,,,,,,,,,,,,,,,,,,,,,,r.-6.1.0,,,,r.-6.1.0,r.-6.1.0,,,,,,,,,,,,,,,,,,
159,,,,,,,,,,r.-6.1.0,r.-6.1.0,r.-6.1.0,r.-6.1.0,r.-6.1.0,r.-6.1.0,r.-6.1.0,r.-6.1.0,r.-6.1.0,r.-6.1.0,,,,,,,,,,,,,,,,,,,,,,,,,,,,,r.-6.1.0,,,,r.-6.1.0,r.-6.1.0,,,,,,,,,,,,,,,,,,
160,,,,,,,,,,r.-6.1.0,r.-6.1.0,r.-6.1.0,r.-6.1.0,r.-6.1.0,r.-6.1.0,r.-6.1.0,r.-6.1.0,r.-6.1.0,r.-6.1.0,,,,,,,,,,,,,,,,,,,,,,,,,,,,,r.-6.1.0,,,,r.-6.1.0,r.-6.1.0,,,,,,,,,,,,,,,,,,
161,,,,,,,,,,r.-6.1.0,r.-6.1.0,r.-6.1.0,r.-6.1.0,r.-6.1.0,r.-6.1.0,r.-6.1.0,r.-6.1.0,r.-6.1.0,r.-6.1.0,,,,,,,,,,,,,,,,,,,,,,,,,,,,,r.-6.1.0,,,,r.-6.1.0,r.-6.1.0,,,,,,,,,,,,,,,,,,
162,,,,,,,,,,r.-6.1.0,r.-6.1.0,r.-6.1.0,r.-6.1.0,r.-6.1.0,r.-6.1.0,r.-6.1.0,r.-6.1.0,r.-6.1.0,r.-6.1.0,,,,,,,,,,,,,,,,,,,,,,,,,,,,,r.-6.1.0,,,,r.-6.1.0,r.-6.1.0,,,,,,,,,,,,,,,,,,
163,,,,,,,,,,r.-6.1.0,r.-6.1.0,r.-6.1.0,r.-6.1.0,r.-6.1.0,r.-6.1.0,r.-6.1.0,r.-6.1.0,r.-6.1.0,r.-6.1.0,,,,,,,,,,,,,,,,,,,,,,,,,,,,,r.-6.1.0,,,,r.-6.1.0,r.-6.1.0,,,,,,,,,,,,,,,,,,
164,,,,,,,,,,r.-6.1.0,r.-6.1.0,r.-6.1.0,r.-6.1.0,r.-6.1.0,r.-6.1.0,r.-6.1.0,r.-6.1.0,r.-6.1.0,r.-6.1.0,,,,,,,,,,,,,,,,,,,,,,,,,,,,,r.-6.1.0,,,,r.-6.1.0,r.-6.1.0,,,,,,,,,,,,,,,,,,
165,,,,,,,,,,,,,,,,,,,,,,,,,,,,,,,,,,,,,,,,,,,,,,,,r.-8.1.0,,,,r.-8.1.0,r.-8.1.0,,,,,,,,,,,,,,,,,,
166,,,,,,,,,,,,,,,,,,,,,,,,,,,,,,,,,,,,,,,,,,,,,,,,r.-8.1.0,,,,r.-8.1.0,r.-8.1.0,,,,,,,,,,,,,,,,,,
167,,,,,,,,,,,,,,,,,,,,,,,,,,,,,,,,,,,,,,,,,,,,,,,,r.-8.1.0,,,,r.-8.1.0,r.-8.1.0,,,,,,,,,,,,,,,,,,
168,,,,,,,,,,,,,,,,,,,,,,,,,,,,,,,,,,,,,,,,,,,,,,,,r.-8.1.0,,,,r.-8.1.0,r.-8.1.0,,,,,,,,,,,,,,,,,,
169,,,,,,,,,,,,,,,,,,,,,,,,,,,,,,,,,,,,,,,,,,,,,,,,r.-8.1.0,,,,r.-8.1.0,r.-8.1.0,,,,,,,,,,,,,,,,,,
170,,,,,,,,,,,,,,,,,,,,,,,,,,,,,,,,,,,,,,,,,,,,,,,,r.-8.1.0,,,,r.-8.1.0,r.-8.1.0,,,,,,,,,,,,,,,,,,
171,,,,,,,,,,,,,,,,,,,,,,,,,,,,,,,,,,,,,,,,,,,,,,,,r.-8.1.0,,,,r.-8.1.0,r.-8.1.0,,,,,,,,,,,,,,,,,,
172,,,,,,,,,,,,,,,,,,,,,,,,,,,,,,,,,,,,,,,,,,,,,,,,r.-8.1.0,,,,r.-8.1.0,r.-8.1.0,,,,,,,,,,,,,,,,,,
173,,,,,,,,,,,,,,,,,,,,,,,,,,,,,,,,,,,,,,,,,,,,,,,,r.-8.1.0,,,,r.-8.1.0,r.-8.1.0,,,,,,,,,,,,,,,,,,
174,,,,,,,,,,,,,,,,,,,,,,,,,,,,,,,,,,,,,,,,,,,,,,,,r.-8.1.0,,,,r.-8.1.0,r.-8.1.0,,,,,,,,,,,,,,,,,,
175,,,,,,,,,,,,,,,,,,,,,,,,,,,,,,,,,,,,,,,,,,,,,,,,r.-8.1.0,,,,r.-8.1.0,r.-8.1.0,,,,,,,,,,,,,,,,,,
176,,,,,,,,,,,,,,,,,,,,,,,,,,,,,,,,,,,,,,,,,,,,,,,,r.-8.1.0,,,,r.-8.1.0,r.-8.1.0,,,,,,,,,,,,,,,,,,
177,,,,,,,,,,,,,,,,,,,,,,,,,,,,,,,,,,,,,,,,,,,,,,,,r.-8.1.0,,,,r.-8.1.0,r.-8.1.0,,,,,,,,,,,,,,,,,,
178,,,,,,,,,,,,,,,,,,,,,,,,,,,,,,,,,,,,,,,,,,,,,,,,r.-8.1.0,,,,r.-8.1.0,r.-8.1.0,,,,,,,,,,,,,,,,,,
179,,,,,,,,,,,,,,,,,,,,,,,,,,,,,,,,,,,,,,,,,,,,,,,,r.-8.1.0,,,,r.-8.1.0,r.-8.1.0,,,,,,,,,,,,,,,,,,
180,,,,,,,,,,,,,,,,,,,,,,,,,,,,,,,,,,,,,,,,,,,,,,,,r.-8.1.0,,,,r.-8.1.0,r.-8.1.0,,,,,,,,,,,,,,,,,,
181,,,,,,,,,,,,,,,,,,,,,,,,,,,,,,,,,,,,,,,,,,,,,,,,r.-8.1.0,,,,r.-8.1.0,r.-8.1.0,,,,,,,,,,,,,,,,,,
182,,,,,,,,,,,,,,,,,,,,,,,,,,,,,,,,,,,,,,,,,,,,,,,,r.-8.1.0,,,,r.-8.1.0,r.-8.1.0,,,,,,,,,,,,,,,,,,
183,,,,,,,,,,,,,,,,,,,,,,,,,,,,,,,,,,,,,,,,,,,,,,,,r.-8.1.0,,,,r.-8.1.0,r.-8.1.0,,,,,,,,,,,,,,,,,,
184,,,,,,,,,,,,,,,,,,,,,,,,,,,,,,,,,,,,,,,,,,,,,,,,r.-8.1.0,,,,r.-8.1.0,r.-8.1.0,,,,,,,,,,,,,,,,,,
185,,,,,,,,,,,,,,,,,,,,,,,,,,,,,,,,,,,,,,,,,,,,,,,,r.-8.1.0,,,,r.-8.1.0,r.-8.1.0,,,,,,,,,,,,,,,,,,
186,,,,,,,,,,,,,,,,,,,,,,,,,,,,,,,,,,,,,,,,,,,,,,,,r.-8.1.0,,,,r.-8.1.0,r.-8.1.0,,,,,,,,,,,,,,,,,,
187,,,,,,,,,,,,,,,,,,,,,,,,,,,,,,,,,,,,,,,,,,,,,,,,r.-8.1.0,,,,r.-8.1.0,r.-8.1.0,,,,,,,,,,,,,,,,,,
188,,,,,,,,,,,,,,,,,,,,,,,,,,,,,,,,,,,,,,,,,,,,,,,,r.-8.1.0,,,,r.-8.1.0,r.-8.1.0,,,,,,,,,,,,,,,,,,
189,,,,,,,,,,,,,,,,,,,,,,,,,,,,,,,,,,,,,,,,,,,,,,,,r.-8.1.0,,,,r.-8.1.0,r.-8.1.0,,,,,,,,,,,,,,,,,,
190,,,,,,,,,,,,,,,,,,,,,,,,,,,,,,,,,,,,,,,,,,,,,,,,r.-8.1.0,,,,r.-8.1.0,r.-8.1.0,,,,,,,,,,,,,,,,,,
191,,,,,,,,,,p.108,p.109,p.110,p.111,p.112,p.113,p.114,p.115,p.116,p.117,,p.118,p.119,p.120,p.121,p.122,p.123,p.124,p.125,p.126,p.127,p.128,p.129,p.130,p.131,p.132,p.133,p.134,p.135,p.136,p.137,p.138,p.139,p.140,p.141,p.142,p.143,p.144,,,,,,,,,,,,,,p.145,p.202,p.147,p.148,,,,p.149,p.150,p.151,
192,,,,,,,,,,r.-9.1.0,r.-9.1.0,r.-9.1.0,r.-9.1.0,r.-9.1.0,r.-9.1.0,r.-9.1.0,r.-9.1.0,r.-9.1.0,r.-9.1.0,,,,,,,,,,,,,,,,,,,,,,,,,,,,,r.-9.1.0,,,,r.-9.1.0,r.-9.1.0,,,,,,,,,,,,,,,,,,
193,,,,,,,,,,,,,,,,,,,,,,,,,,,,,,,,,,,,,,,,,,,,,,,,r.-14.1.0,,,,r.-14.1.0,r.-14.1.0,,,,,,,,,,,,,,,,,,
194,,,,,,,,,,p.155,p.156,p.157,p.158,p.159,p.160,p.161,p.162,p.163,p.164,,,,,,,,,,,,,,,,,,,,,,,,,,,,,r.-14.1.0,,,,r.-14.1.0,r.-14.1.0,,,,,,,,p.201,,,,,,,,,,
195,,,,,,,,,,,,,,,,,,,,,,,,,,,,,,,,,,,,,,,,,,,,,,,,r.-15.3.0,,,,p.197,p.198,,,,,,,,,,,,,,,,,,
196,,,,,,,,,,,,,,,,,,,,,,,,,,,,,,,,,,,,,,,,,,,,,,,,r.-13.1.0,,,,r.-13.1.0,r.-13.1.0,,,,,,,,,,,,,,,,,,
197,,,,,,,,,,p.155,p.156,p.157,p.158,p.159,p.160,p.161,p.162,p.163,p.164,,p.165,p.166,p.167,p.168,p.169,p.170,p.171,p.172,p.173,p.174,p.175,p.176,p.177,p.178,p.179,p.180,p.181,p.182,p.183,p.184,p.185,p.186,p.187,p.188,p.189,p.190,p.191,,,,,,,,,,,,,,p.192,,p.193,p.194,,,,,p.200,,
198,,,,,,,,,,p.155,p.156,p.157,p.158,p.159,p.160,p.161,p.162,p.163,p.164,,p.165,p.166,p.167,p.168,p.169,p.170,p.171,p.172,p.173,p.174,p.175,p.176,p.177,p.178,p.179,p.180,p.181,p.182,p.183,p.184,p.185,p.186,p.187,p.188,p.189,p.190,p.191,,,,,,,,,,,,,,p.192,,p.193,p.194,,,,,p.199,,
199,,,,,,,,,,,,,,,,,,,,,,,,,,,,,,,,,,,,,,,,,,,,,,,,r.-13.3.0,,,,r.-13.3.0,r.-13.3.0,,,,,,,,,,,,,,,,,,
200,,,,,,,,,,,,,,,,,,,,,,,,,,,,,,,,,,,,,,,,,,,,,,,,r.-13.3.0,,,,r.-13.3.0,r.-13.3.0,,,,,,,,,,,,,,,,,,
201,,,,,,,,,,r.-9.2.0,r.-9.2.0,r.-9.2.0,r.-9.2.0,r.-9.2.0,r.-9.2.0,r.-9.2.0,r.-9.2.0,r.-9.2.0,r.-9.2.0,,,,,,,,,,,,,,,,,,,,,,,,,,,,,r.-9.2.0,,,,r.-9.2.0,r.-9.2.0,,,,,,,,,,,,,,,,,,
202,,,,,,,,,,,,,,,,,,,,,,,,,,,,,,,,,,,,,,,,,,,,,,,,p.203,,,,,,,,,,,,,,,,,,,,,,,
203,,,,,,,,,,,,,,,,,,,,,,,,,,,,,,,,,,,,,,,,,,,,,,,,r.-14.3.0,,,,r.-14.3.0,r.-14.3.0,,,,,,,,,,,,,,,,,,
204,,,,,,,,,,,,,,,,,,,,,,,,,,,,,,,,,,,,,,,,,,,,,,,,r.-8.1.0,,,,r.-8.1.0,r.-8.1.0,r.-8.1.0,,,,,,,,,,,,,,,,,
205,,,,,,,,,,,,,,,,,,,,,,,,,,,,,,,,,,,,,,,,,,,,,,,,r.-8.1.0,,,,r.-8.1.0,r.-8.1.0,r.-8.1.0,,,,,,,,,,,,,,,,,
206,,,,,,,,,,,,,,,,,,,,,,,,,,,,,,,,,,,,,,,,,,,,,,,,r.-8.1.0,,,,r.-8.1.0,r.-8.1.0,r.-8.1.0,,,,,,,,,,,,,,,,,
207,,,,,,,,,,,,,,,,,,,,,,,,,,,,,,,,,,,,,,,,,,,,,,,,r.-8.1.0,,,,r.-8.1.0,r.-8.1.0,r.-8.1.0,,,,,,,,,,,,,,,,,
208,,,,,,,,,,,,,,,,,,,,,,,,,,,,,,,,,,,,,,,,,,,,,,,,r.-8.1.0,,,,r.-8.1.0,r.-8.1.0,r.-8.1.0,,,,,,,,,,,,,,,,,
209,,,,,,,,,,,,,,,,,,,,,,,,,,,,,,,,,,,,,,,,,,,,,,,,r.-8.1.0,,,,r.-8.1.0,r.-8.1.0,r.-8.1.0,,,,,,,,,,,,,,,,,
210,,,,,,,,,,,,,,,,,,,,,,,,,,,,,,,,,,,,,,,,,,,,,,,,r.-8.1.0,,,,r.-8.1.0,r.-8.1.0,r.-8.1.0,,,,,,,,,,,,,,,,,
211,,,,,,,,,,,,,,,,,,,,,,,,,,,,,,,,,,,,,,,,,,,,,,,,r.-8.1.0,,,,r.-8.1.0,r.-8.1.0,r.-8.1.0,,,,,,,,,,,,,,,,,
212,,,,,,,,,,,,,,,,,,,,,,,,,,,,,,,,,,,,,,,,,,,,,,,,r.-8.1.0,,,,r.-8.1.0,r.-8.1.0,r.-8.1.0,,,,,,,,,,,,,,,,,
213,,,,,,,,,,,,,,,,,,,,,,,,,,,,,,,,,,,,,,,,,,,,,,,,r.-8.1.0,,,,r.-8.1.0,r.-8.1.0,r.-8.1.0,,,,,,,,,,,,,,,,,
214,,,,,,,,,,,,,,,,,,,,,,,,,,,,,,,,,,,,,,,,,,,,,,,,r.-8.1.0,,,,r.-8.1.0,r.-8.1.0,r.-8.1.0,,,,,,,,,,,,,,,,,
215,,,,,,,,,,,,,,,,,,,,,,,,,,,,,,,,,,,,,,,,,,,,,,,,r.-8.1.0,,,,r.-8.1.0,r.-8.1.0,r.-8.1.0,,,,,,,,,,,,,,,,,
216,,,,,,,,,,,,,,,,,,,,,,,,,,,,,,,,,,,,,,,,,,,,,,,,r.-8.1.0,,,,r.-8.1.0,r.-8.1.0,r.-8.1.0,,,,,,,,,,,,,,,,,
217,,,,,,,,,,,,,,,,,,,,,,,,,,,,,,,,,,,,,,,,,,,,,,,,r.-8.1.0,,,,r.-8.1.0,r.-8.1.0,r.-8.1.0,,,,,,,,,,,,,,,,,
218,,,,,,,,,,,,,,,,,,,,,,,,,,,,,,,,,,,,,,,,,,,,,,,,r.-8.1.0,,,,r.-8.1.0,r.-8.1.0,r.-8.1.0,,,,,,,,,,,,,,,,,
219,,,,,,,,,,,,,,,,,,,,,,,,,,,,,,,,,,,,,,,,,,,,,,,,r.-8.1.0,,,,r.-8.1.0,r.-8.1.0,r.-8.1.0,,,,,,,,,,,,,,,,,
220,,,,,,,,,,,,,,,,,,,,,,,,,,,,,,,,,,,,,,,,,,,,,,,,r.-8.1.0,,,,r.-8.1.0,r.-8.1.0,r.-8.1.0,,,,,,,,,,,,,,,,,
221,,,,,,,,,,,,,,,,,,,,,,,,,,,,,,,,,,,,,,,,,,,,,,,,r.-8.1.0,,,,r.-8.1.0,r.-8.1.0,r.-8.1.0,,,,,,,,,,,,,,,,,
222,,,,,,,,,,,,,,,,,,,,,,,,,,,,,,,,,,,,,,,,,,,,,,,,r.-8.1.0,,,,r.-8.1.0,r.-8.1.0,r.-8.1.0,,,,,,,,,,,,,,,,,
223,,,,,,,,,,,,,,,,,,,,,,,,,,,,,,,,,,,,,,,,,,,,,,,,r.-8.1.0,,,,r.-8.1.0,r.-8.1.0,r.-8.1.0,,,,,,,,,,,,,,,,,
224,,,,,,,,,,,,,,,,,,,,,,,,,,,,,,,,,,,,,,,,,,,,,,,,r.-8.1.0,,,,r.-8.1.0,r.-8.1.0,r.-8.1.0,,,,,,,,,,,,,,,,,
225,,,,,,,,,,,,,,,,,,,,,,,,,,,,,,,,,,,,,,,,,,,,,,,,r.-8.1.0,,,,r.-8.1.0,r.-8.1.0,r.-8.1.0,,,,,,,,,,,,,,,,,
226,,,,,,,,,,,,,,,,,,,,,,,,,,,,,,,,,,,,,,,,,,,,,,,,r.-8.1.0,,,,r.-8.1.0,r.-8.1.0,r.-8.1.0,,,,,,,,,,,,,,,,,
227,,,,,,,,,,,,,,,,,,,,,,,,,,,,,,,,,,,,,,,,,,,,,,,,r.-8.1.0,,,,r.-8.1.0,r.-8.1.0,r.-8.1.0,,,,,,,,,,,,,,,,,
228,,,,,,,,,,,,,,,,,,,,,,,,,,,,,,,,,,,,,,,,,,,,,,,,r.-8.1.0,,,,r.-8.1.0,r.-8.1.0,r.-8.1.0,,,,,,,,,,,,,,,,,
229,,,,,,,,,,,,,,,,,,,,,,,,,,,,,,,,,,,,,,,,,,,,,,,,r.-8.1.0,,,,r.-8.1.0,r.-8.1.0,r.-8.1.0,,,,,,,,,,,,,,,,,
230,,,,,,,,,,,,,,,,,,,,,,,,,,,,,,,,,,,,,,,,,,,,,,,,r.-14.1.0,,,,r.-14.1.0,r.-14.1.0,r.-14.1.0,,,,,,,,,,,,,,,,,
231,,,,,,,,,,,,,,,,,,,,,,,,,,,,,,,,,,,,,,,,,,,,,,,,r.-13.3.0,,,,r.-13.3.0,r.-13.3.0,r.-13.3.0,,,,,,,,,,,,,,,,,
232,,,,,,,,,,,,,,,,,,,,,,,,,,,,,,,,,,,,,,,,,,,,,,,,r.-13.3.0,,,,r.-13.3.0,r.-13.3.0,r.-13.3.0,,,,,,,,,,,,,,,,,
233,,,,,,,,,,r.-9.2.0,r.-9.2.0,r.-9.2.0,r.-9.2.0,r.-9.2.0,r.-9.2.0,r.-9.2.0,r.-9.2.0,r.-9.2.0,r.-9.2.0,,,,,,,,,,,,,,,,,,,,,,,,,,,,,r.-9.2.0,,,,r.-9.2.0,r.-9.2.0,r.-9.2.0,,,,,,,,,,,,,,,,,
234,,,,,,,,,,p.108,p.109,p.110,p.111,p.112,p.113,p.114,p.115,p.116,p.117,,p.118,p.119,p.120,p.121,p.122,p.123,p.124,p.125,p.126,p.127,p.128,p.129,p.130,p.131,p.132,p.133,p.134,p.135,p.136,p.137,p.138,p.139,p.140,p.141,p.142,p.143,p.144,,,,,,,,,,,,,,p.145,p.235,p.147,p.148,,,,p.149,p.150,p.151,
235,,,,,,,,,,,,,,,,,,,,,,,,,,,,,,,,,,,,,,,,,,,,,,,,r.-7.3.0,,,,,,,,,,,,,,,,,,,,,,,
236,,,,,,,,,,,,,,,,,,,,,,,,,,,,,,,,,,,,,,,,,,,,,,,,,r.-14.3.0,,,r.-14.3.0,r.-14.3.0,,,,,,,,,,,,,,,,,,
237,,,,,,,,,,,,,,,,,,,,,,,,,,,,,,,,,,,,,,,,,,,,,,,,p.238,,,,,,,,,,,,,,,,,,,,,,,
238,,,,,,,,,,,,,,,,,,,,,,,,,,,,,,,,,,,,,,,,,,,,,,,,r.-14.3.0,,,,r.-14.3.0,r.-14.3.0,r.-14.3.0,,,,,,,,,,,,,,,,,
239,,,,,,,,,,,,,,,,,,,,,,,,,,,,,,,,,,,,,,,,,,,,,,,,,r.-8.1.0,,,r.-8.1.0,r.-8.1.0,r.-8.1.0,,,,,,,,,,,,,,,,,
240,,,,,,,,,,,,,,,,,,,,,,,,,,,,,,,,,,,,,,,,,,,,,,,,,r.-8.1.0,,,r.-8.1.0,r.-8.1.0,r.-8.1.0,,,,,,,,,,,,,,,,,
241,,,,,,,,,,,,,,,,,,,,,,,,,,,,,,,,,,,,,,,,,,,,,,,,,r.-8.1.0,,,r.-8.1.0,r.-8.1.0,r.-8.1.0,,,,,,,,,,,,,,,,,
242,,,,,,,,,,,,,,,,,,,,,,,,,,,,,,,,,,,,,,,,,,,,,,,,,r.-8.1.0,,,r.-8.1.0,r.-8.1.0,r.-8.1.0,,,,,,,,,,,,,,,,,
243,,,,,,,,,,,,,,,,,,,,,,,,,,,,,,,,,,,,,,,,,,,,,,,,,r.-8.1.0,,,r.-8.1.0,r.-8.1.0,r.-8.1.0,,,,,,,,,,,,,,,,,
244,,,,,,,,,,,,,,,,,,,,,,,,,,,,,,,,,,,,,,,,,,,,,,,,,r.-8.1.0,,,r.-8.1.0,r.-8.1.0,r.-8.1.0,,,,,,,,,,,,,,,,,
245,,,,,,,,,,,,,,,,,,,,,,,,,,,,,,,,,,,,,,,,,,,,,,,,,r.-8.1.0,,,r.-8.1.0,r.-8.1.0,r.-8.1.0,,,,,,,,,,,,,,,,,
246,,,,,,,,,,,,,,,,,,,,,,,,,,,,,,,,,,,,,,,,,,,,,,,,,r.-8.1.0,,,r.-8.1.0,r.-8.1.0,r.-8.1.0,,,,,,,,,,,,,,,,,
247,,,,,,,,,,,,,,,,,,,,,,,,,,,,,,,,,,,,,,,,,,,,,,,,,r.-8.1.0,,,r.-8.1.0,r.-8.1.0,r.-8.1.0,,,,,,,,,,,,,,,,,
248,,,,,,,,,,,,,,,,,,,,,,,,,,,,,,,,,,,,,,,,,,,,,,,,,r.-8.1.0,,,r.-8.1.0,r.-8.1.0,r.-8.1.0,,,,,,,,,,,,,,,,,
249,,,,,,,,,,,,,,,,,,,,,,,,,,,,,,,,,,,,,,,,,,,,,,,,,r.-8.1.0,,,r.-8.1.0,r.-8.1.0,r.-8.1.0,,,,,,,,,,,,,,,,,
250,,,,,,,,,,,,,,,,,,,,,,,,,,,,,,,,,,,,,,,,,,,,,,,,,r.-8.1.0,,,r.-8.1.0,r.-8.1.0,r.-8.1.0,,,,,,,,,,,,,,,,,
251,,,,,,,,,,,,,,,,,,,,,,,,,,,,,,,,,,,,,,,,,,,,,,,,,r.-8.1.0,,,r.-8.1.0,r.-8.1.0,r.-8.1.0,,,,,,,,,,,,,,,,,
252,,,,,,,,,,,,,,,,,,,,,,,,,,,,,,,,,,,,,,,,,,,,,,,,,r.-8.1.0,,,r.-8.1.0,r.-8.1.0,r.-8.1.0,,,,,,,,,,,,,,,,,
253,,,,,,,,,,,,,,,,,,,,,,,,,,,,,,,,,,,,,,,,,,,,,,,,,r.-8.1.0,,,r.-8.1.0,r.-8.1.0,r.-8.1.0,,,,,,,,,,,,,,,,,
254,,,,,,,,,,,,,,,,,,,,,,,,,,,,,,,,,,,,,,,,,,,,,,,,,r.-8.1.0,,,r.-8.1.0,r.-8.1.0,r.-8.1.0,,,,,,,,,,,,,,,,,
255,,,,,,,,,,,,,,,,,,,,,,,,,,,,,,,,,,,,,,,,,,,,,,,,,r.-8.1.0,,,r.-8.1.0,r.-8.1.0,r.-8.1.0,,,,,,,,,,,,,,,,,
256,,,,,,,,,,,,,,,,,,,,,,,,,,,,,,,,,,,,,,,,,,,,,,,,,r.-8.1.0,,,r.-8.1.0,r.-8.1.0,r.-8.1.0,,,,,,,,,,,,,,,,,
257,,,,,,,,,,,,,,,,,,,,,,,,,,,,,,,,,,,,,,,,,,,,,,,,,r.-8.1.0,,,r.-8.1.0,r.-8.1.0,r.-8.1.0,,,,,,,,,,,,,,,,,
258,,,,,,,,,,,,,,,,,,,,,,,,,,,,,,,,,,,,,,,,,,,,,,,,,r.-8.1.0,,,r.-8.1.0,r.-8.1.0,r.-8.1.0,,,,,,,,,,,,,,,,,
259,,,,,,,,,,,,,,,,,,,,,,,,,,,,,,,,,,,,,,,,,,,,,,,,,r.-8.1.0,,,r.-8.1.0,r.-8.1.0,r.-8.1.0,,,,,,,,,,,,,,,,,
260,,,,,,,,,,,,,,,,,,,,,,,,,,,,,,,,,,,,,,,,,,,,,,,,,r.-8.1.0,,,r.-8.1.0,r.-8.1.0,r.-8.1.0,,,,,,,,,,,,,,,,,
261,,,,,,,,,,,,,,,,,,,,,,,,,,,,,,,,,,,,,,,,,,,,,,,,,r.-8.1.0,,,r.-8.1.0,r.-8.1.0,r.-8.1.0,,,,,,,,,,,,,,,,,
262,,,,,,,,,,,,,,,,,,,,,,,,,,,,,,,,,,,,,,,,,,,,,,,,,r.-8.1.0,,,r.-8.1.0,r.-8.1.0,r.-8.1.0,,,,,,,,,,,,,,,,,
263,,,,,,,,,,,,,,,,,,,,,,,,,,,,,,,,,,,,,,,,,,,,,,,,,r.-8.1.0,,,r.-8.1.0,r.-8.1.0,r.-8.1.0,,,,,,,,,,,,,,,,,
264,,,,,,,,,,,,,,,,,,,,,,,,,,,,,,,,,,,,,,,,,,,,,,,,,r.-8.1.0,,,r.-8.1.0,r.-8.1.0,r.-8.1.0,,,,,,,,,,,,,,,,,
265,,,,,,,,,,,,,,,,,,,,,,,,,,,,,,,,,,,,,,,,,,,,,,,,,r.-14.1.0,,,r.-14.1.0,r.-14.1.0,r.-14.1.0,,,,,,,,,,,,,,,,,
266,,,,,,,,,,,,,,,,,,,,,,,,,,,,,,,,,,,,,,,,,,,,,,,,,r.-13.3.0,,,r.-13.3.0,r.-13.3.0,r.-13.3.0,,,,,,,,,,,,,,,,,
267,,,,,,,,,,,,,,,,,,,,,,,,,,,,,,,,,,,,,,,,,,,,,,,,,r.-13.3.0,,,r.-13.3.0,r.-13.3.0,r.-13.3.0,,,,,,,,,,,,,,,,,
268,,,,,,,,,,r.-9.2.0,r.-9.2.0,r.-9.2.0,r.-9.2.0,r.-9.2.0,r.-9.2.0,r.-9.2.0,r.-9.2.0,r.-9.2.0,r.-9.2.0,,,,,,,,,,,,,,,,,,,,,,,,,,,,,,r.-9.2.0,,,r.-9.2.0,r.-9.2.0,r.-9.2.0,,,,,,,,,,,,,,,,,
269,,,,,,,,,,p.6,p.7,p.8,p.9,p.10,p.11,p.12,p.13,p.14,p.15,,p.16,p.17,p.18,p.19,p.20,p.21,p.22,p.23,p.24,p.25,p.26,p.27,p.28,p.29,p.30,p.31,p.32,p.33,p.34,p.35,p.36,p.37,p.38,p.39,p.40,p.41,p.42,,,,,,,,,,,,,,p.48,p.270,p.50,p.51,,,,p.54,p.55,p.56,
270,,,,,,,,,,,,,,,,,,,,,,,,,,,,,,,,,,,,,,,,,,,,,,,,,r.-7.3.0,,,,,,,,,,,,,,,,,,,,,,
271,r.-10.2.0,,,,,r.-10.2.0,,r.-10.2.0,,r.-10.2.0,r.-10.2.0,r.-10.2.0,r.-10.2.0,r.-10.2.0,r.-10.2.0,r.-10.2.0,r.-10.2.0,r.-10.2.0,r.-10.2.0,,r.-10.2.0,r.-10.2.0,r.-10.2.0,r.-10.2.0,r.-10.2.0,r.-10.2.0,r.-10.2.0,r.-10.2.0,r.-10.2.0,r.-10.2.0,r.-10.2.0,r.-10.2.0,r.-10.2.0,r.-10.2.0,r.-10.2.0,r.-10.2.0,r.-10.2.0,r.-10.2.0,r.-10.2.0,r.-10.2.0,r.-10.2.0,r.-10.2.0,r.-10.2.0,r.-10.2.0,r.-10.2.0,r.-10.2.0,r.-10.2.0,,r.-10.2.0,r.-10.2.0,,,,,r.-10.2.0,,,,,,,,,,,,,,,,
272,,,,,,,,,,p.108,p.109,p.110,p.111,p.112,p.113,p.114,p.115,p.116,p.117,,p.118,p.119,p.120,p.121,p.122,p.123,p.124,p.125,p.126,p.127,p.128,p.129,p.130,p.131,p.132,p.133,p.134,p.135,p.136,p.137,p.138,p.139,p.140,p.141,p.142,p.143,p.144,,,,,,,,,,,,,,p.145,p.273,p.147,p.148,,,,p.149,p.150,p.151,
273,,,,,,,,,,,,,,,,,,,,,,,,,,,,,,,,,,,,,,,,,,,,,,,,p.274,,,,,,,,,,,,,,,,,,,,,,,
274,p.3,,,,,p.4,,p.5,,p.6,p.7,p.8,p.9,p.10,p.11,p.12,p.13,p.14,p.15,,p.16,p.17,p.18,p.19,p.20,p.21,p.22,p.23,p.24,p.25,p.26,p.27,p.28,p.29,p.30,p.31,p.32,p.33,p.34,p.35,p.36,p.37,p.38,p.39,p.40,p.41,p.42,,p.43,p.44,,,,,,,p.45,,p.46,p.47,p.48,p.49,p.50,p.51,p.275,,,p.54,p.55,p.56,p.276
275,r.-10.5.0,,,,,r.-10.5.0,,r.-10.5.0,,r.-10.5.0,r.-10.5.0,r.-10.5.0,r.-10.5.0,r.-10.5.0,r.-10.5.0,r.-10.5.0,r.-10.5.0,r.-10.5.0,r.-10.5.0,,r.-10.5.0,r.-10.5.0,r.-10.5.0,r.-10.5.0,r.-10.5.0,r.-10.5.0,r.-10.5.0,r.-10.5.0,r.-10.5.0,r.-10.5.0,r.-10.5.0,r.-10.5.0,r.-10.5.0,r.-10.5.0,r.-10.5.0,r.-10.5.0,r.-10.5.0,r.-10.5.0,r.-10.5.0,r.-10.5.0,r.-10.5.0,r.-10.5.0,r.-10.5.0,r.-10.5.0,r.-10.5.0,r.-10.5.0,r.-10.5.0,,r.-10.5.0,r.-10.5.0,,,,,r.-10.5.0,,,,,,,,,,,,,,,,
276,r.-16.5.0,,,,,r.-16.5.0,,r.-16.5.0,,r.-16.5.0,r.-16.5.0,r.-16.5.0,r.-16.5.0,r.-16.5.0,r.-16.5.0,r.-16.5.0,r.-16.5.0,r.-16.5.0,r.-16.5.0,,r.-16.5.0,r.-16.5.0,r.-16.5.0,r.-16.5.0,r.-16.5.0,r.-16.5.0,r.-16.5.0,r.-16.5.0,r.-16.5.0,r.-16.5.0,r.-16.5.0,r.-16.5.0,r.-16.5.0,r.-16.5.0,r.-16.5.0,r.-16.5.0,r.-16.5.0,r.-16.5.0,r.-16.5.0,r.-16.5.0,r.-16.5.0,r.-16.5.0,r.-16.5.0,r.-16.5.0,r.-16.5.0,r.-16.5.0,r.-16.5.0,,r.-16.5.0,r.-16.5.0,,,,,r.-16.5.0,,,,,,,,,,,,,,,,
277,,,,,,,,,,p.108,p.109,p.110,p.111,p.112,p.113,p.114,p.115,p.116,p.117,,p.118,p.119,p.120,p.121,p.122,p.123,p.124,p.125,p.126,p.127,p.128,p.129,p.130,p.131,p.132,p.133,p.134,p.135,p.136,p.137,p.138,p.139,p.140,p.141,p.142,p.143,p.144,,,,,,,,,,,,,,p.145,p.278,p.147,p.148,,,,p.149,p.150,p.151,
278,,,,,,,,,,,,,,,,,,,,,,,,,,,,,,,,,,,,,,,,,,,,,,,,p.279,,,,,,,,,,,,,,,,,,,,,,,
279,p.3,,,,,p.4,,p.5,,p.6,p.7,p.8,p.9,p.10,p.11,p.12,p.13,p.14,p.15,,p.16,p.17,p.18,p.19,p.20,p.21,p.22,p.23,p.24,p.25,p.26,p.27,p.28,p.29,p.30,p.31,p.32,p.33,p.34,p.35,p.36,p.37,p.38,p.39,p.40,p.41,p.42,,p.280,p.281,,,,,,,p.282,,p.283,p.284,p.48,p.285,p.50,p.51,p.286,p.287,,p.54,p.55,p.56,p.57
280,r.-10.1.0,,r.-10.1.0,,,r.-10.1.0,,r.-10.1.0,,r.-10.1.0,r.-10.1.0,r.-10.1.0,r.-10.1.0,r.-10.1.0,r.-10.1.0,r.-10.1.0,r.-10.1.0,r.-10.1.0,r.-10.1.0,,r.-10.1.0,r.-10.1.0,r.-10.1.0,r.-10.1.0,r.-10.1.0,r.-10.1.0,r.-10.1.0,r.-10.1.0,r.-10.1.0,r.-10.1.0,r.-10.1.0,r.-10.1.0,r.-10.1.0,r.-10.1.0,r.-10.1.0,r.-10.1.0,r.-10.1.0,r.-10.1.0,r.-10.1.0,r.-10.1.0,r.-10.1.0,r.-10.1.0,r.-10.1.0,r.-10.1.0,r.-10.1.0,r.-10.1.0,r.-10.1.0,,r.-10.1.0,r.-10.1.0,,,,,r.-10.1.0,,,,,,,,,,,,,,,,
281,r.-12.0.0,,,,,r.-12.0.0,,r.-12.0.0,,r.-12.0.0,r.-12.0.0,r.-12.0.0,r.-12.0.0,r.-12.0.0,r.-12.0.0,r.-12.0.0,r.-12.0.0,r.-12.0.0,r.-12.0.0,,r.-12.0.0,r.-12.0.0,r.-12.0.0,r.-12.0.0,r.-12.0.0,r.-12.0.0,r.-12.0.0,r.-12.0.0,r.-12.0.0,r.-12.0.0,r.-12.0.0,r.-12.0.0,r.-12.0.0,r.-12.0.0,r.-12.0.0,r.-12.0.0,r.-12.0.0,r.-12.0.0,r.-12.0.0,r.-12.0.0,r.-12.0.0,r.-12.0.0,r.-12.0.0,r.-12.0.0,r.-12.0.0,r.-12.0.0,r.-12.0.0,,r.-12.0.0,r.-12.0.0,r.-12.0.0,,,,,,,,,,,,,,,,p.423,,,,
282,p.3,,,,,p.4,,p.5,,p.6,p.7,p.8,p.9,p.10,p.11,p.12,p.13,p.14,p.15,,p.16,p.17,p.18,p.19,p.20,p.21,p.22,p.23,p.24,p.25,p.26,p.27,p.28,p.29,p.30,p.31,p.32,p.33,p.34,p.35,p.36,p.37,p.38,p.39,p.40,p.41,p.42,,p.306,p.307,,,,,,,p.308,,p.309,p.310,p.48,p.311,p.50,p.51,p.312,p.313,,p.54,p.55,p.56,p.314
283,,,,,,,,,,,,,,,,,,,,,,,,,,,,,,,,,,,,,,,,,,,,,,,p.300,,,,,,,,,,,,,,,,,,,,,,,,
284,,,,,,,,,,,,,,,,,,,,,,,,,,,,,,,,,,,,,,,,,,,,,,,p.296,,,,,,,,,,,,,,,,,,,,,,,,
285,,,,,,,,,,,,,,,,,,,,,,,,,,,,,,,,,,,,,,,,,,,,,,,,,p.295,,,,,,,,,,,,,,,,,,,,,,
286,r.-11.1.0,,p.288,,,r.-11.1.0,,r.-11.1.0,,r.-11.1.0,r.-11.1.0,r.-11.1.0,r.-11.1.0,r.-11.1.0,r.-11.1.0,r.-11.1.0,r.-11.1.0,r.-11.1.0,r.-11.1.0,,r.-11.1.0,r.-11.1.0,r.-11.1.0,r.-11.1.0,r.-11.1.0,r.-11.1.0,r.-11.1.0,r.-11.1.0,r.-11.1.0,r.-11.1.0,r.-11.1.0,r.-11.1.0,r.-11.1.0,r.-11.1.0,r.-11.1.0,r.-11.1.0,r.-11.1.0,r.-11.1.0,r.-11.1.0,r.-11.1.0,r.-11.1.0,r.-11.1.0,r.-11.1.0,r.-11.1.0,r.-11.1.0,r.-11.1.0,r.-11.1.0,,r.-11.1.0,r.-11.1.0,,,,,r.-11.1.0,,,p.289,,,,,,,,,,,,,
287,r.-16.5.0,,,,,r.-16.5.0,,r.-16.5.0,,r.-16.5.0,r.-16.5.0,r.-16.5.0,r.-16.5.0,r.-16.5.0,r.-16.5.0,r.-16.5.0,r.-16.5.0,r.-16.5.0,r.-16.5.0,,r.-16.5.0,r.-16.5.0,r.-16.5.0,r.-16.5.0,r.-16.5.0,r.-16.5.0,r.-16.5.0,r.-16.5.0,r.-16.5.0,r.-16.5.0,r.-16.5.0,r.-16.5.0,r.-16.5.0,r.-16.5.0,r.-16.5.0,r.-16.5.0,r.-16.5.0,r.-16.5.0,r.-16.5.0,r.-16.5.0,r.-16.5.0,r.-16.5.0,r.-16.5.0,r.-16.5.0,r.-16.5.0,r.-16.5.0,r.-16.5.0,,r.-16.5.0,r.-16.5.0,,,,,r.-16.5.0,,,,,,,,,,,,,,,,
288,,,,p.292,,,,,,,,,,,,,,,,,,,,,,,,,,,,,,,,,,,,,,,,,,,,,,,,,,,,,,,,,,,,,,,,,,,
289,p.3,,,,,p.4,,p.5,,p.6,p.7,p.8,p.9,p.10,p.11,p.12,p.13,p.14,p.15,,p.16,p.17,p.18,p.19,p.20,p.21,p.22,p.23,p.24,p.25,p.26,p.27,p.28,p.29,p.30,p.31,p.32,p.33,p.34,p.35,p.36,p.37,p.38,p.39,p.40,p.41,p.42,,p.43,p.44,,,,,,,p.45,,p.46,p.47,p.48,p.49,p.50,p.51,p.290,,,p.54,p.55,p.56,p.291
290,r.-10.7.0,,,,,r.-10.7.0,,r.-10.7.0,,r.-10.7.0,r.-10.7.0,r.-10.7.0,r.-10.7.0,r.-10.7.0,r.-10.7.0,r.-10.7.0,r.-10.7.0,r.-10.7.0,r.-10.7.0,,r.-10.7.0,r.-10.7.0,r.-10.7.0,r.-10.7.0,r.-10.7.0,r.-10.7.0,r.-10.7.0,r.-10.7.0,r.-10.7.0,r.-10.7.0,r.-10.7.0,r.-10.7.0,r.-10.7.0,r.-10.7.0,r.-10.7.0,r.-10.7.0,r.-10.7.0,r.-10.7.0,r.-10.7.0,r.-10.7.0,r.-10.7.0,r.-10.7.0,r.-10.7.0,r.-10.7.0,r.-10.7.0,r.-10.7.0,r.-10.7.0,,r.-10.7.0,r.-10.7.0,,,,,r.-10.7.0,,,,,,,,,,,,,,,,
291,r.-16.7.0,,,,,r.-16.7.0,,r.-16.7.0,,r.-16.7.0,r.-16.7.0,r.-16.7.0,r.-16.7.0,r.-16.7.0,r.-16.7.0,r.-16.7.0,r.-16.7.0,r.-16.7.0,r.-16.7.0,,r.-16.7.0,r.-16.7.0,r.-16.7.0,r.-16.7.0,r.-16.7.0,r.-16.7.0,r.-16.7.0,r.-16.7.0,r.-16.7.0,r.-16.7.0,r.-16.7.0,r.-16.7.0,r.-16.7.0,r.-16.7.0,r.-16.7.0,r.-16.7.0,r.-16.7.0,r.-16.7.0,r.-16.7.0,r.-16.7.0,r.-16.7.0,r.-16.7.0,r.-16.7.0,r.-16.7.0,r.-16.7.0,r.-16.7.0,r.-16.7.0,,r.-16.7.0,r.-16.7.0,,,,,r.-16.7.0,,,,,,,,,,,,,,,,
292,,,,,p.293,,,,,,,,,,,,,,,,,,,,,,,,,,,,,,,,,,,,,,,,,,,,,,,,,,,,,,,,,,,,,,,,,,
293,,,p.294,,,,,,,,,,,,,,,,,,,,,,,,,,,,,,,,,,,,,,,,,,,,,,,,,,,,,,,,,,,,,,,,,,,,
294,r.-3.4.0,,,,,r.-3.4.0,,r.-3.4.0,,r.-3.4.0,r.-3.4.0,r.-3.4.0,r.-3.4.0,r.-3.4.0,r.-3.4.0,r.-3.4.0,r.-3.4.0,r.-3.4.0,r.-3.4.0,,r.-3.4.0,r.-3.4.0,r.-3.4.0,r.-3.4.0,r.-3.4.0,r.-3.4.0,r.-3.4.0,r.-3.4.0,r.-3.4.0,r.-3.4.0,r.-3.4.0,r.-3.4.0,r.-3.4.0,r.-3.4.0,r.-3.4.0,r.-3.4.0,r.-3.4.0,r.-3.4.0,r.-3.4.0,r.-3.4.0,r.-3.4.0,r.-3.4.0,r.-3.4.0,r.-3.4.0,r.-3.4.0,r.-3.4.0,r.-3.4.0,,r.-3.4.0,r.-3.4.0,,,,,,,,,,,,,,,,,,,,,
295,r.-10.2.0,,r.-10.2.0,,,r.-10.2.0,,r.-10.2.0,,r.-10.2.0,r.-10.2.0,r.-10.2.0,r.-10.2.0,r.-10.2.0,r.-10.2.0,r.-10.2.0,r.-10.2.0,r.-10.2.0,r.-10.2.0,,r.-10.2.0,r.-10.2.0,r.-10.2.0,r.-10.2.0,r.-10.2.0,r.-10.2.0,r.-10.2.0,r.-10.2.0,r.-10.2.0,r.-10.2.0,r.-10.2.0,r.-10.2.0,r.-10.2.0,r.-10.2.0,r.-10.2.0,r.-10.2.0,r.-10.2.0,r.-10.2.0,r.-10.2.0,r.-10.2.0,r.-10.2.0,r.-10.2.0,r.-10.2.0,r.-10.2.0,r.-10.2.0,r.-10.2.0,r.-10.2.0,,r.-10.2.0,r.-10.2.0,,,,,r.-10.2.0,,,,,,,,,,,,,,,,
296,,,,,,,,,,p.108,p.109,p.110,p.111,p.112,p.113,p.114,p.115,p.116,p.117,,p.118,p.119,p.120,p.121,p.122,p.123,p.124,p.125,p.126,p.127,p.128,p.129,p.130,p.131,p.132,p.133,p.134,p.135,p.136,p.137,p.138,p.139,p.140,p.141,p.142,p.143,p.144,,,,,,,,,,,,,,p.145,p.297,p.147,p.148,,,,p.149,p.150,p.151,
297,,,,,,,,,,,,,,,,,,,,,,,,,,,,,,,,,,,,,,,,,,,,,,,,p.298,,,,,,,,,,,,,,,,,,,,,,,
298,p.3,,,,,p.4,,p.5,,p.6,p.7,p.8,p.9,p.10,p.11,p.12,p.13,p.14,p.15,,p.16,p.17,p.18,p.19,p.20,p.21,p.22,p.23,p.24,p.25,p.26,p.27,p.28,p.29,p.30,p.31,p.32,p.33,p.34,p.35,p.36,p.37,p.38,p.39,p.40,p.41,p.42,,p.280,p.281,,,,,,,p.282,,p.283,p.284,p.48,p.285,p.50,p.51,p.299,,,p.54,p.55,p.56,p.276
299,r.-10.5.0,,r.-10.5.0,,,r.-10.5.0,,r.-10.5.0,,r.-10.5.0,r.-10.5.0,r.-10.5.0,r.-10.5.0,r.-10.5.0,r.-10.5.0,r.-10.5.0,r.-10.5.0,r.-10.5.0,r.-10.5.0,,r.-10.5.0,r.-10.5.0,r.-10.5.0,r.-10.5.0,r.-10.5.0,r.-10.5.0,r.-10.5.0,r.-10.5.0,r.-10.5.0,r.-10.5.0,r.-10.5.0,r.-10.5.0,r.-10.5.0,r.-10.5.0,r.-10.5.0,r.-10.5.0,r.-10.5.0,r.-10.5.0,r.-10.5.0,r.-10.5.0,r.-10.5.0,r.-10.5.0,r.-10.5.0,r.-10.5.0,r.-10.5.0,r.-10.5.0,r.-10.5.0,,r.-10.5.0,r.-10.5.0,,,,,r.-10.5.0,,,,,,,,,,,,,,,,
300,,,,,,,,,,p.108,p.109,p.110,p.111,p.112,p.113,p.114,p.115,p.116,p.117,,p.118,p.119,p.120,p.121,p.122,p.123,p.124,p.125,p.126,p.127,p.128,p.129,p.130,p.131,p.132,p.133,p.134,p.135,p.136,p.137,p.138,p.139,p.140,p.141,p.142,p.143,p.144,,,,,,,,,,,,,,p.145,p.301,p.147,p.148,,,,p.149,p.150,p.151,
301,,,,,,,,,,,,,,,,,,,,,,,,,,,,,,,,,,,,,,,,,,,,,,,,p.302,,,,,,,,,,,,,,,,,,,,,,,
302,p.3,,,,,p.4,,p.5,,p.6,p.7,p.8,p.9,p.10,p.11,p.12,p.13,p.14,p.15,,p.16,p.17,p.18,p.19,p.20,p.21,p.22,p.23,p.24,p.25,p.26,p.27,p.28,p.29,p.30,p.31,p.32,p.33,p.34,p.35,p.36,p.37,p.38,p.39,p.40,p.41,p.42,,p.280,p.281,,,,,,,p.282,,p.283,p.284,p.48,p.285,p.50,p.51,p.303,p.287,,p.54,p.55,p.56,p.57
303,r.-11.1.0,,p.288,,,r.-11.1.0,,r.-11.1.0,,r.-11.1.0,r.-11.1.0,r.-11.1.0,r.-11.1.0,r.-11.1.0,r.-11.1.0,r.-11.1.0,r.-11.1.0,r.-11.1.0,r.-11.1.0,,r.-11.1.0,r.-11.1.0,r.-11.1.0,r.-11.1.0,r.-11.1.0,r.-11.1.0,r.-11.1.0,r.-11.1.0,r.-11.1.0,r.-11.1.0,r.-11.1.0,r.-11.1.0,r.-11.1.0,r.-11.1.0,r.-11.1.0,r.-11.1.0,r.-11.1.0,r.-11.1.0,r.-11.1.0,r.-11.1.0,r.-11.1.0,r.-11.1.0,r.-11.1.0,r.-11.1.0,r.-11.1.0,r.-11.1.0,r.-11.1.0,,r.-11.1.0,r.-11.1.0,,,,,r.-11.1.0,,,p.304,,,,,,,,,,,,,
304,p.3,,,,,p.4,,p.5,,p.6,p.7,p.8,p.9,p.10,p.11,p.12,p.13,p.14,p.15,,p.16,p.17,p.18,p.19,p.20,p.21,p.22,p.23,p.24,p.25,p.26,p.27,p.28,p.29,p.30,p.31,p.32,p.33,p.34,p.35,p.36,p.37,p.38,p.39,p.40,p.41,p.42,,p.280,p.281,,,,,,,p.282,,p.283,p.284,p.48,p.285,p.50,p.51,p.305,,,p.54,p.55,p.56,p.291
305,r.-10.7.0,,r.-10.7.0,,,r.-10.7.0,,r.-10.7.0,,r.-10.7.0,r.-10.7.0,r.-10.7.0,r.-10.7.0,r.-10.7.0,r.-10.7.0,r.-10.7.0,r.-10.7.0,r.-10.7.0,r.-10.7.0,,r.-10.7.0,r.-10.7.0,r.-10.7.0,r.-10.7.0,r.-10.7.0,r.-10.7.0,r.-10.7.0,r.-10.7.0,r.-10.7.0,r.-10.7.0,r.-10.7.0,r.-10.7.0,r.-10.7.0,r.-10.7.0,r.-10.7.0,r.-10.7.0,r.-10.7.0,r.-10.7.0,r.-10.7.0,r.-10.7.0,r.-10.7.0,r.-10.7.0,r.-10.7.0,r.-10.7.0,r.-10.7.0,r.-10.7.0,r.-10.7.0,,r.-10.7.0,r.-10.7.0,,,,,r.-10.7.0,,,,,,,,,,,,,,,,
306,,,,,,,,r.-10.1.0,,,,,,,,,,,,,,,,,,,,,,,,,,,,,,,,,,,,,,,,,,,,,,,,,,,,,,,,,,,,,,,
307,r.-12.0.0,,,,,r.-12.0.0,,r.-12.0.0,,r.-12.0.0,r.-12.0.0,r.-12.0.0,r.-12.0.0,r.-12.0.0,r.-12.0.0,r.-12.0.0,r.-12.0.0,r.-12.0.0,r.-12.0.0,,r.-12.0.0,r.-12.0.0,r.-12.0.0,r.-12.0.0,r.-12.0.0,r.-12.0.0,r.-12.0.0,r.-12.0.0,r.-12.0.0,r.-12.0.0,r.-12.0.0,r.-12.0.0,r.-12.0.0,r.-12.0.0,r.-12.0.0,r.-12.0.0,r.-12.0.0,r.-12.0.0,r.-12.0.0,r.-12.0.0,r.-12.0.0,r.-12.0.0,r.-12.0.0,r.-12.0.0,r.-12.0.0,r.-12.0.0,r.-12.0.0,,r.-12.0.0,r.-12.0.0,r.-12.0.0,,,,,,,,,,,,,,,,p.421,,,,
308,p.3,,,,,p.4,,p.5,,p.6,p.7,p.8,p.9,p.10,p.11,p.12,p.13,p.14,p.15,,p.16,p.17,p.18,p.19,p.20,p.21,p.22,p.23,p.24,p.25,p.26,p.27,p.28,p.29,p.30,p.31,p.32,p.33,p.34,p.35,p.36,p.37,p.38,p.39,p.40,p.41,p.42,,p.306,p.307,,,,,,,p.308,,p.309,p.310,p.48,p.311,p.50,p.51,p.312,p.415,,p.54,p.55,p.56,p.314
309,,,,,,,,,,,,,,,,,,,,,,,,,,,,,,,,,,,,,,,,,,,,,,,p.326,,,,,,,,,,,,,,,,,,,,,,,,
310,,,,,,,,,,,,,,,,,,,,,,,,,,,,,,,,,,,,,,,,,,,,,,,p.321,,,,,,,,,,,,,,,,,,,,,,,,
311,,,,,,,,,,,,,,,,,,,,,,,,,,,,,,,,,,,,,,,,,,,,,,,,,p.320,,,,,,,,,,,,,,,,,,,,,,
312,,,,,,,,r.-11.1.0,,,,,,,,,,,,,,,,,,,,,,,,,,,,,,,,,,,,,,,,,,,,,,,,,,,,,,,,,,,,,,,
313,,,,,,,,p.5,,,,,,,,,,,,,,,,,,,,,,,,,,,,,,,,,,,,,,,,,,,,,,,,,,,,p.315,,,,,,,,,,,
314,,,,,,,,r.-11.1.0,,,,,,,,,,,,,,,,,,,,,,,,,,,,,,,,,,,,,,,,,,,,,,,,,,,,,,,,,,,,,,,
315,,,,,,,,,,,,,,,,,,,,,,,,,,,,,,,,,,,,,,,,,,,,,,,p.316,,,,,,,,,,,,,,,,,,,,,,,,
316,,,,,,,,,,p.108,p.109,p.110,p.111,p.112,p.113,p.114,p.115,p.116,p.117,,p.118,p.119,p.120,p.121,p.122,p.123,p.124,p.125,p.126,p.127,p.128,p.129,p.130,p.131,p.132,p.133,p.134,p.135,p.136,p.137,p.138,p.139,p.140,p.141,p.142,p.143,p.144,,,,,,,,,,,,,,p.145,p.317,p.147,p.148,,,,p.149,p.150,p.151,
317,,,,,,,,,,,,,,,,,,,,,,,,,,,,,,,,,,,,,,,,,,,,,,,,p.318,,,,,,,,,,,,,,,,,,,,,,,
318,,,,,,,,,,,,,,,,,,,,,,,,,,,,,,,,,,,,,,,,,,,,,,,,,p.319,,,,,,,,,,,,,,,,,,,,,,
319,r.-10.7.0,,r.-10.7.0,,,r.-10.7.0,,r.-10.7.0,,r.-10.7.0,r.-10.7.0,r.-10.7.0,r.-10.7.0,r.-10.7.0,r.-10.7.0,r.-10.7.0,r.-10.7.0,r.-10.7.0,r.-10.7.0,,r.-10.7.0,r.-10.7.0,r.-10.7.0,r.-10.7.0,r.-10.7.0,r.-10.7.0,r.-10.7.0,r.-10.7.0,r.-10.7.0,r.-10.7.0,r.-10.7.0,r.-10.7.0,r.-10.7.0,r.-10.7.0,r.-10.7.0,r.-10.7.0,r.-10.7.0,r.-10.7.0,r.-10.7.0,r.-10.7.0,r.-10.7.0,r.-10.7.0,r.-10.7.0,r.-10.7.0,r.-10.7.0,r.-10.7.0,r.-10.7.0,,r.-10.7.0,r.-10.7.0,,,,,r.-10.7.0,,,,,,,,,,,,,,,,
320,,,,,,,,r.-10.2.0,,,,,,,,,,,,,,,,,,,,,,,,,,,,,,,,,,,,,,,,,,,,,,,,,,,,,,,,,,,,,,,
321,,,,,,,,,,p.108,p.109,p.110,p.111,p.112,p.113,p.114,p.115,p.116,p.117,,p.118,p.119,p.120,p.121,p.122,p.123,p.124,p.125,p.126,p.127,p.128,p.129,p.130,p.131,p.132,p.133,p.134,p.135,p.136,p.137,p.138,p.139,p.140,p.141,p.142,p.143,p.144,,,,,,,,,,,,,,p.145,p.322,p.147,p.148,,,,p.149,p.150,p.151,
322,,,,,,,,,,,,,,,,,,,,,,,,,,,,,,,,,,,,,,,,,,,,,,,,p.323,,,,,,,,,,,,,,,,,,,,,,,
323,p.3,,,,,p.4,,p.5,,p.6,p.7,p.8,p.9,p.10,p.11,p.12,p.13,p.14,p.15,,p.16,p.17,p.18,p.19,p.20,p.21,p.22,p.23,p.24,p.25,p.26,p.27,p.28,p.29,p.30,p.31,p.32,p.33,p.34,p.35,p.36,p.37,p.38,p.39,p.40,p.41,p.42,,p.306,p.307,,,,,,,p.308,,p.309,p.310,p.48,p.311,p.50,p.51,p.324,,,p.54,p.55,p.56,p.325
324,,,,,,,,r.-10.5.0,,,,,,,,,,,,,,,,,,,,,,,,,,,,,,,,,,,,,,,,,,,,,,,,,,,,,,,,,,,,,,,
325,,,,,,,,r.-16.5.0,,,,,,,,,,,,,,,,,,,,,,,,,,,,,,,,,,,,,,,,,,,,,,,,,,,,,,,,,,,,,,,
326,,,,,,,,,,p.108,p.109,p.110,p.111,p.112,p.113,p.114,p.115,p.116,p.117,,p.118,p.119,p.120,p.121,p.122,p.123,p.124,p.125,p.126,p.127,p.128,p.129,p.130,p.131,p.132,p.133,p.134,p.135,p.136,p.137,p.138,p.139,p.140,p.141,p.142,p.143,p.144,,,,,,,,,,,,,,p.145,p.327,p.147,p.148,,,,p.149,p.150,p.151,
327,,,,,,,,,,,,,,,,,,,,,,,,,,,,,,,,,,,,,,,,,,,,,,,,p.328,,,,,,,,,,,,,,,,,,,,,,,
328,p.3,,,,,p.4,,p.5,,p.6,p.7,p.8,p.9,p.10,p.11,p.12,p.13,p.14,p.15,,p.16,p.17,p.18,p.19,p.20,p.21,p.22,p.23,p.24,p.25,p.26,p.27,p.28,p.29,p.30,p.31,p.32,p.33,p.34,p.35,p.36,p.37,p.38,p.39,p.40,p.41,p.42,,p.329,p.330,,,,,,,p.331,,p.332,p.333,p.48,p.334,p.50,p.51,p.335,p.336,,p.54,p.55,p.56,p.314
329,,,r.-10.1.0,,,,,r.-10.1.0,,,,,,,,,,,,,,,,,,,,,,,,,,,,,,,,,,,,,,,,,,,,,,,,,,,,,,,,,,,,,,,
330,r.-12.0.0,,,,,r.-12.0.0,,r.-12.0.0,,r.-12.0.0,r.-12.0.0,r.-12.0.0,r.-12.0.0,r.-12.0.0,r.-12.0.0,r.-12.0.0,r.-12.0.0,r.-12.0.0,r.-12.0.0,,r.-12.0.0,r.-12.0.0,r.-12.0.0,r.-12.0.0,r.-12.0.0,r.-12.0.0,r.-12.0.0,r.-12.0.0,r.-12.0.0,r.-12.0.0,r.-12.0.0,r.-12.0.0,r.-12.0.0,r.-12.0.0,r.-12.0.0,r.-12.0.0,r.-12.0.0,r.-12.0.0,r.-12.0.0,r.-12.0.0,r.-12.0.0,r.-12.0.0,r.-12.0.0,r.-12.0.0,r.-12.0.0,r.-12.0.0,r.-12.0.0,,r.-12.0.0,r.-12.0.0,r.-12.0.0,,,,,,,,,,,,,,,,p.357,,,,
331,p.3,,,,,p.4,,p.5,,p.6,p.7,p.8,p.9,p.10,p.11,p.12,p.13,p.14,p.15,,p.16,p.17,p.18,p.19,p.20,p.21,p.22,p.23,p.24,p.25,p.26,p.27,p.28,p.29,p.30,p.31,p.32,p.33,p.34,p.35,p.36,p.37,p.38,p.39,p.40,p.41,p.42,,p.306,p.307,,,,,,,p.308,,p.309,p.310,p.48,p.311,p.50,p.51,p.312,p.351,,p.54,p.55,p.56,p.314
332,,,,,,,,,,,,,,,,,,,,,,,,,,,,,,,,,,,,,,,,,,,,,,,p.345,,,,,,,,,,,,,,,,,,,,,,,,
333,,,,,,,,,,,,,,,,,,,,,,,,,,,,,,,,,,,,,,,,,,,,,,,p.341,,,,,,,,,,,,,,,,,,,,,,,,
334,,,,,,,,,,,,,,,,,,,,,,,,,,,,,,,,,,,,,,,,,,,,,,,,,p.340,,,,,,,,,,,,,,,,,,,,,,
335,,,p.288,,,,,r.-11.1.0,,,,,,,,,,,,,,,,,,,,,,,,,,,,,,,,,,,,,,,,,,,,,,,,,,p.337,,,,,,,,,,,,,
336,,,,,,,,r.-16.5.0,,,,,,,,,,,,,,,,,,,,,,,,,,,,,,,,,,,,,,,,,,,,,,,,,,,,,,,,,,,,,,,
337,p.3,,,,,p.4,,p.5,,p.6,p.7,p.8,p.9,p.10,p.11,p.12,p.13,p.14,p.15,,p.16,p.17,p.18,p.19,p.20,p.21,p.22,p.23,p.24,p.25,p.26,p.27,p.28,p.29,p.30,p.31,p.32,p.33,p.34,p.35,p.36,p.37,p.38,p.39,p.40,p.41,p.42,,p.306,p.307,,,,,,,p.308,,p.309,p.310,p.48,p.311,p.50,p.51,p.338,,,p.54,p.55,p.56,p.339
338,,,,,,,,r.-10.7.0,,,,,,,,,,,,,,,,,,,,,,,,,,,,,,,,,,,,,,,,,,,,,,,,,,,,,,,,,,,,,,,
339,,,,,,,,r.-16.7.0,,,,,,,,,,,,,,,,,,,,,,,,,,,,,,,,,,,,,,,,,,,,,,,,,,,,,,,,,,,,,,,
340,,,r.-10.2.0,,,,,r.-10.2.0,,,,,,,,,,,,,,,,,,,,,,,,,,,,,,,,,,,,,,,,,,,,,,,,,,,,,,,,,,,,,,,
341,,,,,,,,,,p.108,p.109,p.110,p.111,p.112,p.113,p.114,p.115,p.116,p.117,,p.118,p.119,p.120,p.121,p.122,p.123,p.124,p.125,p.126,p.127,p.128,p.129,p.130,p.131,p.132,p.133,p.134,p.135,p.136,p.137,p.138,p.139,p.140,p.141,p.142,p.143,p.144,,,,,,,,,,,,,,p.145,p.342,p.147,p.148,,,,p.149,p.150,p.151,
342,,,,,,,,,,,,,,,,,,,,,,,,,,,,,,,,,,,,,,,,,,,,,,,,p.343,,,,,,,,,,,,,,,,,,,,,,,
343,p.3,,,,,p.4,,p.5,,p.6,p.7,p.8,p.9,p.10,p.11,p.12,p.13,p.14,p.15,,p.16,p.17,p.18,p.19,p.20,p.21,p.22,p.23,p.24,p.25,p.26,p.27,p.28,p.29,p.30,p.31,p.32,p.33,p.34,p.35,p.36,p.37,p.38,p.39,p.40,p.41,p.42,,p.329,p.330,,,,,,,p.331,,p.332,p.333,p.48,p.334,p.50,p.51,p.344,,,p.54,p.55,p.56,p.325
344,,,r.-10.5.0,,,,,r.-10.5.0,,,,,,,,,,,,,,,,,,,,,,,,,,,,,,,,,,,,,,,,,,,,,,,,,,,,,,,,,,,,,,,
345,,,,,,,,,,p.108,p.109,p.110,p.111,p.112,p.113,p.114,p.115,p.116,p.117,,p.118,p.119,p.120,p.121,p.122,p.123,p.124,p.125,p.126,p.127,p.128,p.129,p.130,p.131,p.132,p.133,p.134,p.135,p.136,p.137,p.138,p.139,p.140,p.141,p.142,p.143,p.144,,,,,,,,,,,,,,p.145,p.346,p.147,p.148,,,,p.149,p.150,p.151,
346,,,,,,,,,,,,,,,,,,,,,,,,,,,,,,,,,,,,,,,,,,,,,,,,p.347,,,,,,,,,,,,,,,,,,,,,,,
347,p.3,,,,,p.4,,p.5,,p.6,p.7,p.8,p.9,p.10,p.11,p.12,p.13,p.14,p.15,,p.16,p.17,p.18,p.19,p.20,p.21,p.22,p.23,p.24,p.25,p.26,p.27,p.28,p.29,p.30,p.31,p.32,p.33,p.34,p.35,p.36,p.37,p.38,p.39,p.40,p.41,p.42,,p.329,p.330,,,,,,,p.331,,p.332,p.333,p.48,p.334,p.50,p.51,p.348,p.336,,p.54,p.55,p.56,p.314
348,,,p.288,,,,,r.-11.1.0,,,,,,,,,,,,,,,,,,,,,,,,,,,,,,,,,,,,,,,,,,,,,,,,,,p.349,,,,,,,,,,,,,
349,p.3,,,,,p.4,,p.5,,p.6,p.7,p.8,p.9,p.10,p.11,p.12,p.13,p.14,p.15,,p.16,p.17,p.18,p.19,p.20,p.21,p.22,p.23,p.24,p.25,p.26,p.27,p.28,p.29,p.30,p.31,p.32,p.33,p.34,p.35,p.36,p.37,p.38,p.39,p.40,p.41,p.42,,p.329,p.330,,,,,,,p.331,,p.332,p.333,p.48,p.334,p.50,p.51,p.350,,,p.54,p.55,p.56,p.339
350,,,r.-10.7.0,,,,,r.-10.7.0,,,,,,,,,,,,,,,,,,,,,,,,,,,,,,,,,,,,,,,,,,,,,,,,,,,,,,,,,,,,,,,
351,,,,,,,,p.5,,,,,,,,,,,,,,,,,,,,,,,,,,,,,,,,,,,,,,,,,,,,,,,,,,,,p.352,,,,,,,,,,,
352,,,,,,,,,,,,,,,,,,,,,,,,,,,,,,,,,,,,,,,,,,,,,,,p.353,,,,,,,,,,,,,,,,,,,,,,,,
353,,,,,,,,,,p.108,p.109,p.110,p.111,p.112,p.113,p.114,p.115,p.116,p.117,,p.118,p.119,p.120,p.121,p.122,p.123,p.124,p.125,p.126,p.127,p.128,p.129,p.130,p.131,p.132,p.133,p.134,p.135,p.136,p.137,p.138,p.139,p.140,p.141,p.142,p.143,p.144,,,,,,,,,,,,,,p.145,p.354,p.147,p.148,,,,p.149,p.150,p.151,
354,,,,,,,,,,,,,,,,,,,,,,,,,,,,,,,,,,,,,,,,,,,,,,,,p.355,,,,,,,,,,,,,,,,,,,,,,,
355,,,,,,,,,,,,,,,,,,,,,,,,,,,,,,,,,,,,,,,,,,,,,,,,,p.356,,,,,,,,,,,,,,,,,,,,,,
356,,,r.-10.7.0,,,,,r.-10.7.0,,,,,,,,,,,,,,,,,,,,,,,,,,,,,,,,,,,,,,,,,,,,,,,,,,,,,,,,,,,,,,,
357,p.3,,,,,p.4,,p.5,,p.6,p.7,p.8,p.9,p.10,p.11,p.12,p.13,p.14,p.15,,p.16,p.17,p.18,p.19,p.20,p.21,p.22,p.23,p.24,p.25,p.26,p.27,p.28,p.29,p.30,p.31,p.32,p.33,p.34,p.35,p.36,p.37,p.38,p.39,p.40,p.41,p.42,,p.358,p.359,p.360,,,,,,p.361,,p.362,p.363,p.48,p.364,p.50,p.51,p.365,p.366,,p.54,p.55,p.56,p.367
358,r.-10.1.0,,,,,r.-10.1.0,,r.-10.1.0,,r.-10.1.0,r.-10.1.0,r.-10.1.0,r.-10.1.0,r.-10.1.0,r.-10.1.0,r.-10.1.0,r.-10.1.0,r.-10.1.0,r.-10.1.0,,r.-10.1.0,r.-10.1.0,r.-10.1.0,r.-10.1.0,r.-10.1.0,r.-10.1.0,r.-10.1.0,r.-10.1.0,r.-10.1.0,r.-10.1.0,r.-10.1.0,r.-10.1.0,r.-10.1.0,r.-10.1.0,r.-10.1.0,r.-10.1.0,r.-10.1.0,r.-10.1.0,r.-10.1.0,r.-10.1.0,r.-10.1.0,r.-10.1.0,r.-10.1.0,r.-10.1.0,r.-10.1.0,r.-10.1.0,r.-10.1.0,,r.-10.1.0,r.-10.1.0,r.-10.1.0,,,,,,,,,,,,,,,,,,,,
359,r.-12.0.0,,,,,r.-12.0.0,,r.-12.0.0,,r.-12.0.0,r.-12.0.0,r.-12.0.0,r.-12.0.0,r.-12.0.0,r.-12.0.0,r.-12.0.0,r.-12.0.0,r.-12.0.0,r.-12.0.0,,r.-12.0.0,r.-12.0.0,r.-12.0.0,r.-12.0.0,r.-12.0.0,r.-12.0.0,r.-12.0.0,r.-12.0.0,r.-12.0.0,r.-12.0.0,r.-12.0.0,r.-12.0.0,r.-12.0.0,r.-12.0.0,r.-12.0.0,r.-12.0.0,r.-12.0.0,r.-12.0.0,r.-12.0.0,r.-12.0.0,r.-12.0.0,r.-12.0.0,r.-12.0.0,r.-12.0.0,r.-12.0.0,r.-12.0.0,r.-12.0.0,,r.-12.0.0,r.-12.0.0,r.-12.0.0,,,,,,,,,,,,,,,,p.413,,,,
360,,,r.-10.3.0,,,,,r.-10.3.0,,,,,,,,,,,,,,,,,,,,,,,,,,,,,,,,,,,,,,,,,,,,,,,,,,,,,,,,,,,,,,,
361,p.3,,,,,p.4,,p.5,,p.6,p.7,p.8,p.9,p.10,p.11,p.12,p.13,p.14,p.15,,p.16,p.17,p.18,p.19,p.20,p.21,p.22,p.23,p.24,p.25,p.26,p.27,p.28,p.29,p.30,p.31,p.32,p.33,p.34,p.35,p.36,p.37,p.38,p.39,p.40,p.41,p.42,,p.306,p.307,,,,,,,p.308,,p.309,p.310,p.48,p.311,p.50,p.51,p.312,p.407,,p.54,p.55,p.56,p.314
362,,,,,,,,,,,,,,,,,,,,,,,,,,,,,,,,,,,,,,,,,,,,,,,p.374,,,,,,,,,,,,,,,,,,,,,,,,
363,,,,,,,,,,,,,,,,,,,,,,,,,,,,,,,,,,,,,,,,,,,,,,,p.369,,,,,,,,,,,,,,,,,,,,,,,,
364,,,,,,,,,,,,,,,,,,,,,,,,,,,,,,,,,,,,,,,,,,,,,,,,,p.368,,,,,,,,,,,,,,,,,,,,,,
365,r.-11.1.0,,,,,r.-11.1.0,,r.-11.1.0,,r.-11.1.0,r.-11.1.0,r.-11.1.0,r.-11.1.0,r.-11.1.0,r.-11.1.0,r.-11.1.0,r.-11.1.0,r.-11.1.0,r.-11.1.0,,r.-11.1.0,r.-11.1.0,r.-11.1.0,r.-11.1.0,r.-11.1.0,r.-11.1.0,r.-11.1.0,r.-11.1.0,r.-11.1.0,r.-11.1.0,r.-11.1.0,r.-11.1.0,r.-11.1.0,r.-11.1.0,r.-11.1.0,r.-11.1.0,r.-11.1.0,r.-11.1.0,r.-11.1.0,r.-11.1.0,r.-11.1.0,r.-11.1.0,r.-11.1.0,r.-11.1.0,r.-11.1.0,r.-11.1.0,r.-11.1.0,,r.-11.1.0,r.-11.1.0,r.-11.1.0,,,,,,,,,,,,,,,,,,,,
366,r.-12.2.0,,,,,r.-12.2.0,,r.-12.2.0,,r.-12.2.0,r.-12.2.0,r.-12.2.0,r.-12.2.0,r.-12.2.0,r.-12.2.0,r.-12.2.0,r.-12.2.0,r.-12.2.0,r.-12.2.0,,r.-12.2.0,r.-12.2.0,r.-12.2.0,r.-12.2.0,r.-12.2.0,r.-12.2.0,r.-12.2.0,r.-12.2.0,r.-12.2.0,r.-12.2.0,r.-12.2.0,r.-12.2.0,r.-12.2.0,r.-12.2.0,r.-12.2.0,r.-12.2.0,r.-12.2.0,r.-12.2.0,r.-12.2.0,r.-12.2.0,r.-12.2.0,r.-12.2.0,r.-12.2.0,r.-12.2.0,r.-12.2.0,r.-12.2.0,r.-12.2.0,,r.-12.2.0,r.-12.2.0,r.-12.2.0,,,,,,,,,,,,,,,,,,,,
367,r.-11.1.0,,,,,r.-11.1.0,,r.-11.1.0,,r.-11.1.0,r.-11.1.0,r.-11.1.0,r.-11.1.0,r.-11.1.0,r.-11.1.0,r.-11.1.0,r.-11.1.0,r.-11.1.0,r.-11.1.0,,r.-11.1.0,r.-11.1.0,r.-11.1.0,r.-11.1.0,r.-11.1.0,r.-11.1.0,r.-11.1.0,r.-11.1.0,r.-11.1.0,r.-11.1.0,r.-11.1.0,r.-11.1.0,r.-11.1.0,r.-11.1.0,r.-11.1.0,r.-11.1.0,r.-11.1.0,r.-11.1.0,r.-11.1.0,r.-11.1.0,r.-11.1.0,r.-11.1.0,r.-11.1.0,r.-11.1.0,r.-11.1.0,r.-11.1.0,r.-11.1.0,,r.-11.1.0,r.-11.1.0,r.-11.1.0,,,,,,,,,,,,,,,,,,,,
368,r.-10.2.0,,,,,r.-10.2.0,,r.-10.2.0,,r.-10.2.0,r.-10.2.0,r.-10.2.0,r.-10.2.0,r.-10.2.0,r.-10.2.0,r.-10.2.0,r.-10.2.0,r.-10.2.0,r.-10.2.0,,r.-10.2.0,r.-10.2.0,r.-10.2.0,r.-10.2.0,r.-10.2.0,r.-10.2.0,r.-10.2.0,r.-10.2.0,r.-10.2.0,r.-10.2.0,r.-10.2.0,r.-10.2.0,r.-10.2.0,r.-10.2.0,r.-10.2.0,r.-10.2.0,r.-10.2.0,r.-10.2.0,r.-10.2.0,r.-10.2.0,r.-10.2.0,r.-10.2.0,r.-10.2.0,r.-10.2.0,r.-10.2.0,r.-10.2.0,r.-10.2.0,,r.-10.2.0,r.-10.2.0,r.-10.2.0,,,,,,,,,,,,,,,,,,,,
369,,,,,,,,,,p.108,p.109,p.110,p.111,p.112,p.113,p.114,p.115,p.116,p.117,,p.118,p.119,p.120,p.121,p.122,p.123,p.124,p.125,p.126,p.127,p.128,p.129,p.130,p.131,p.132,p.133,p.134,p.135,p.136,p.137,p.138,p.139,p.140,p.141,p.142,p.143,p.144,,,,,,,,,,,,,,p.145,p.370,p.147,p.148,,,,p.149,p.150,p.151,
370,,,,,,,,,,,,,,,,,,,,,,,,,,,,,,,,,,,,,,,,,,,,,,,,p.371,,,,,,,,,,,,,,,,,,,,,,,
371,p.3,,,,,p.4,,p.5,,p.6,p.7,p.8,p.9,p.10,p.11,p.12,p.13,p.14,p.15,,p.16,p.17,p.18,p.19,p.20,p.21,p.22,p.23,p.24,p.25,p.26,p.27,p.28,p.29,p.30,p.31,p.32,p.33,p.34,p.35,p.36,p.37,p.38,p.39,p.40,p.41,p.42,,p.358,p.359,,,,,,,p.361,,p.362,p.363,p.48,p.364,p.50,p.51,p.372,,,p.54,p.55,p.56,p.373
372,r.-10.5.0,,,,,r.-10.5.0,,r.-10.5.0,,r.-10.5.0,r.-10.5.0,r.-10.5.0,r.-10.5.0,r.-10.5.0,r.-10.5.0,r.-10.5.0,r.-10.5.0,r.-10.5.0,r.-10.5.0,,r.-10.5.0,r.-10.5.0,r.-10.5.0,r.-10.5.0,r.-10.5.0,r.-10.5.0,r.-10.5.0,r.-10.5.0,r.-10.5.0,r.-10.5.0,r.-10.5.0,r.-10.5.0,r.-10.5.0,r.-10.5.0,r.-10.5.0,r.-10.5.0,r.-10.5.0,r.-10.5.0,r.-10.5.0,r.-10.5.0,r.-10.5.0,r.-10.5.0,r.-10.5.0,r.-10.5.0,r.-10.5.0,r.-10.5.0,r.-10.5.0,,r.-10.5.0,r.-10.5.0,r.-10.5.0,,,,,,,,,,,,,,,,,,,,
373,r.-16.5.0,,,,,r.-16.5.0,,r.-16.5.0,,r.-16.5.0,r.-16.5.0,r.-16.5.0,r.-16.5.0,r.-16.5.0,r.-16.5.0,r.-16.5.0,r.-16.5.0,r.-16.5.0,r.-16.5.0,,r.-16.5.0,r.-16.5.0,r.-16.5.0,r.-16.5.0,r.-16.5.0,r.-16.5.0,r.-16.5.0,r.-16.5.0,r.-16.5.0,r.-16.5.0,r.-16.5.0,r.-16.5.0,r.-16.5.0,r.-16.5.0,r.-16.5.0,r.-16.5.0,r.-16.5.0,r.-16.5.0,r.-16.5.0,r.-16.5.0,r.-16.5.0,r.-16.5.0,r.-16.5.0,r.-16.5.0,r.-16.5.0,r.-16.5.0,r.-16.5.0,,r.-16.5.0,r.-16.5.0,r.-16.5.0,,,,,,,,,,,,,,,,,,,,
374,,,,,,,,,,p.108,p.109,p.110,p.111,p.112,p.113,p.114,p.115,p.116,p.117,,p.118,p.119,p.120,p.121,p.122,p.123,p.124,p.125,p.126,p.127,p.128,p.129,p.130,p.131,p.132,p.133,p.134,p.135,p.136,p.137,p.138,p.139,p.140,p.141,p.142,p.143,p.144,,,,,,,,,,,,,,p.145,p.375,p.147,p.148,,,,p.149,p.150,p.151,
375,,,,,,,,,,,,,,,,,,,,,,,,,,,,,,,,,,,,,,,,,,,,,,,,p.376,,,,,,,,,,,,,,,,,,,,,,,
376,p.3,,,,,p.4,,p.5,,p.6,p.7,p.8,p.9,p.10,p.11,p.12,p.13,p.14,p.15,,p.16,p.17,p.18,p.19,p.20,p.21,p.22,p.23,p.24,p.25,p.26,p.27,p.28,p.29,p.30,p.31,p.32,p.33,p.34,p.35,p.36,p.37,p.38,p.39,p.40,p.41,p.42,,p.377,p.378,,,,,,,p.379,,p.380,p.381,p.48,p.382,p.50,p.51,p.383,p.384,,p.54,p.55,p.56,p.367
377,r.-10.1.0,,r.-10.1.0,,,r.-10.1.0,,r.-10.1.0,,r.-10.1.0,r.-10.1.0,r.-10.1.0,r.-10.1.0,r.-10.1.0,r.-10.1.0,r.-10.1.0,r.-10.1.0,r.-10.1.0,r.-10.1.0,,r.-10.1.0,r.-10.1.0,r.-10.1.0,r.-10.1.0,r.-10.1.0,r.-10.1.0,r.-10.1.0,r.-10.1.0,r.-10.1.0,r.-10.1.0,r.-10.1.0,r.-10.1.0,r.-10.1.0,r.-10.1.0,r.-10.1.0,r.-10.1.0,r.-10.1.0,r.-10.1.0,r.-10.1.0,r.-10.1.0,r.-10.1.0,r.-10.1.0,r.-10.1.0,r.-10.1.0,r.-10.1.0,r.-10.1.0,r.-10.1.0,,r.-10.1.0,r.-10.1.0,r.-10.1.0,,,,,,,,,,,,,,,,,,,,
378,r.-12.0.0,,,,,r.-12.0.0,,r.-12.0.0,,r.-12.0.0,r.-12.0.0,r.-12.0.0,r.-12.0.0,r.-12.0.0,r.-12.0.0,r.-12.0.0,r.-12.0.0,r.-12.0.0,r.-12.0.0,,r.-12.0.0,r.-12.0.0,r.-12.0.0,r.-12.0.0,r.-12.0.0,r.-12.0.0,r.-12.0.0,r.-12.0.0,r.-12.0.0,r.-12.0.0,r.-12.0.0,r.-12.0.0,r.-12.0.0,r.-12.0.0,r.-12.0.0,r.-12.0.0,r.-12.0.0,r.-12.0.0,r.-12.0.0,r.-12.0.0,r.-12.0.0,r.-12.0.0,r.-12.0.0,r.-12.0.0,r.-12.0.0,r.-12.0.0,r.-12.0.0,,r.-12.0.0,r.-12.0.0,r.-12.0.0,,,,,,,,,,,,,,,,p.405,,,,
379,p.3,,,,,p.4,,p.5,,p.6,p.7,p.8,p.9,p.10,p.11,p.12,p.13,p.14,p.15,,p.16,p.17,p.18,p.19,p.20,p.21,p.22,p.23,p.24,p.25,p.26,p.27,p.28,p.29,p.30,p.31,p.32,p.33,p.34,p.35,p.36,p.37,p.38,p.39,p.40,p.41,p.42,,p.306,p.307,,,,,,,p.308,,p.309,p.310,p.48,p.311,p.50,p.51,p.312,p.399,,p.54,p.55,p.56,p.314
380,,,,,,,,,,,,,,,,,,,,,,,,,,,,,,,,,,,,,,,,,,,,,,,p.393,,,,,,,,,,,,,,,,,,,,,,,,
381,,,,,,,,,,,,,,,,,,,,,,,,,,,,,,,,,,,,,,,,,,,,,,,p.389,,,,,,,,,,,,,,,,,,,,,,,,
382,,,,,,,,,,,,,,,,,,,,,,,,,,,,,,,,,,,,,,,,,,,,,,,,,p.388,,,,,,,,,,,,,,,,,,,,,,
383,r.-11.1.0,,p.288,,,r.-11.1.0,,r.-11.1.0,,r.-11.1.0,r.-11.1.0,r.-11.1.0,r.-11.1.0,r.-11.1.0,r.-11.1.0,r.-11.1.0,r.-11.1.0,r.-11.1.0,r.-11.1.0,,r.-11.1.0,r.-11.1.0,r.-11.1.0,r.-11.1.0,r.-11.1.0,r.-11.1.0,r.-11.1.0,r.-11.1.0,r.-11.1.0,r.-11.1.0,r.-11.1.0,r.-11.1.0,r.-11.1.0,r.-11.1.0,r.-11.1.0,r.-11.1.0,r.-11.1.0,r.-11.1.0,r.-11.1.0,r.-11.1.0,r.-11.1.0,r.-11.1.0,r.-11.1.0,r.-11.1.0,r.-11.1.0,r.-11.1.0,r.-11.1.0,,r.-11.1.0,r.-11.1.0,r.-11.1.0,,,,,,,p.385,,,,,,,,,,,,,
384,r.-16.5.0,,,,,r.-16.5.0,,r.-16.5.0,,r.-16.5.0,r.-16.5.0,r.-16.5.0,r.-16.5.0,r.-16.5.0,r.-16.5.0,r.-16.5.0,r.-16.5.0,r.-16.5.0,r.-16.5.0,,r.-16.5.0,r.-16.5.0,r.-16.5.0,r.-16.5.0,r.-16.5.0,r.-16.5.0,r.-16.5.0,r.-16.5.0,r.-16.5.0,r.-16.5.0,r.-16.5.0,r.-16.5.0,r.-16.5.0,r.-16.5.0,r.-16.5.0,r.-16.5.0,r.-16.5.0,r.-16.5.0,r.-16.5.0,r.-16.5.0,r.-16.5.0,r.-16.5.0,r.-16.5.0,r.-16.5.0,r.-16.5.0,r.-16.5.0,r.-16.5.0,,r.-16.5.0,r.-16.5.0,r.-16.5.0,,,,,,,,,,,,,,,,,,,,
385,p.3,,,,,p.4,,p.5,,p.6,p.7,p.8,p.9,p.10,p.11,p.12,p.13,p.14,p.15,,p.16,p.17,p.18,p.19,p.20,p.21,p.22,p.23,p.24,p.25,p.26,p.27,p.28,p.29,p.30,p.31,p.32,p.33,p.34,p.35,p.36,p.37,p.38,p.39,p.40,p.41,p.42,,p.358,p.359,,,,,,,p.361,,p.362,p.363,p.48,p.364,p.50,p.51,p.386,,,p.54,p.55,p.56,p.387
386,r.-10.7.0,,,,,r.-10.7.0,,r.-10.7.0,,r.-10.7.0,r.-10.7.0,r.-10.7.0,r.-10.7.0,r.-10.7.0,r.-10.7.0,r.-10.7.0,r.-10.7.0,r.-10.7.0,r.-10.7.0,,r.-10.7.0,r.-10.7.0,r.-10.7.0,r.-10.7.0,r.-10.7.0,r.-10.7.0,r.-10.7.0,r.-10.7.0,r.-10.7.0,r.-10.7.0,r.-10.7.0,r.-10.7.0,r.-10.7.0,r.-10.7.0,r.-10.7.0,r.-10.7.0,r.-10.7.0,r.-10.7.0,r.-10.7.0,r.-10.7.0,r.-10.7.0,r.-10.7.0,r.-10.7.0,r.-10.7.0,r.-10.7.0,r.-10.7.0,r.-10.7.0,,r.-10.7.0,r.-10.7.0,r.-10.7.0,,,,,,,,,,,,,,,,,,,,
387,r.-16.7.0,,,,,r.-16.7.0,,r.-16.7.0,,r.-16.7.0,r.-16.7.0,r.-16.7.0,r.-16.7.0,r.-16.7.0,r.-16.7.0,r.-16.7.0,r.-16.7.0,r.-16.7.0,r.-16.7.0,,r.-16.7.0,r.-16.7.0,r.-16.7.0,r.-16.7.0,r.-16.7.0,r.-16.7.0,r.-16.7.0,r.-16.7.0,r.-16.7.0,r.-16.7.0,r.-16.7.0,r.-16.7.0,r.-16.7.0,r.-16.7.0,r.-16.7.0,r.-16.7.0,r.-16.7.0,r.-16.7.0,r.-16.7.0,r.-16.7.0,r.-16.7.0,r.-16.7.0,r.-16.7.0,r.-16.7.0,r.-16.7.0,r.-16.7.0,r.-16.7.0,,r.-16.7.0,r.-16.7.0,r.-16.7.0,,,,,,,,,,,,,,,,,,,,
388,r.-10.2.0,,r.-10.2.0,,,r.-10.2.0,,r.-10.2.0,,r.-10.2.0,r.-10.2.0,r.-10.2.0,r.-10.2.0,r.-10.2.0,r.-10.2.0,r.-10.2.0,r.-10.2.0,r.-10.2.0,r.-10.2.0,,r.-10.2.0,r.-10.2.0,r.-10.2.0,r.-10.2.0,r.-10.2.0,r.-10.2.0,r.-10.2.0,r.-10.2.0,r.-10.2.0,r.-10.2.0,r.-10.2.0,r.-10.2.0,r.-10.2.0,r.-10.2.0,r.-10.2.0,r.-10.2.0,r.-10.2.0,r.-10.2.0,r.-10.2.0,r.-10.2.0,r.-10.2.0,r.-10.2.0,r.-10.2.0,r.-10.2.0,r.-10.2.0,r.-10.2.0,r.-10.2.0,,r.-10.2.0,r.-10.2.0,r.-10.2.0,,,,,,,,,,,,,,,,,,,,
389,,,,,,,,,,p.108,p.109,p.110,p.111,p.112,p.113,p.114,p.115,p.116,p.117,,p.118,p.119,p.120,p.121,p.122,p.123,p.124,p.125,p.126,p.127,p.128,p.129,p.130,p.131,p.132,p.133,p.134,p.135,p.136,p.137,p.138,p.139,p.140,p.141,p.142,p.143,p.144,,,,,,,,,,,,,,p.145,p.390,p.147,p.148,,,,p.149,p.150,p.151,
390,,,,,,,,,,,,,,,,,,,,,,,,,,,,,,,,,,,,,,,,,,,,,,,,p.391,,,,,,,,,,,,,,,,,,,,,,,
391,p.3,,,,,p.4,,p.5,,p.6,p.7,p.8,p.9,p.10,p.11,p.12,p.13,p.14,p.15,,p.16,p.17,p.18,p.19,p.20,p.21,p.22,p.23,p.24,p.25,p.26,p.27,p.28,p.29,p.30,p.31,p.32,p.33,p.34,p.35,p.36,p.37,p.38,p.39,p.40,p.41,p.42,,p.377,p.378,,,,,,,p.379,,p.380,p.381,p.48,p.382,p.50,p.51,p.392,,,p.54,p.55,p.56,p.373
392,r.-10.5.0,,r.-10.5.0,,,r.-10.5.0,,r.-10.5.0,,r.-10.5.0,r.-10.5.0,r.-10.5.0,r.-10.5.0,r.-10.5.0,r.-10.5.0,r.-10.5.0,r.-10.5.0,r.-10.5.0,r.-10.5.0,,r.-10.5.0,r.-10.5.0,r.-10.5.0,r.-10.5.0,r.-10.5.0,r.-10.5.0,r.-10.5.0,r.-10.5.0,r.-10.5.0,r.-10.5.0,r.-10.5.0,r.-10.5.0,r.-10.5.0,r.-10.5.0,r.-10.5.0,r.-10.5.0,r.-10.5.0,r.-10.5.0,r.-10.5.0,r.-10.5.0,r.-10.5.0,r.-10.5.0,r.-10.5.0,r.-10.5.0,r.-10.5.0,r.-10.5.0,r.-10.5.0,,r.-10.5.0,r.-10.5.0,r.-10.5.0,,,,,,,,,,,,,,,,,,,,
393,,,,,,,,,,p.108,p.109,p.110,p.111,p.112,p.113,p.114,p.115,p.116,p.117,,p.118,p.119,p.120,p.121,p.122,p.123,p.124,p.125,p.126,p.127,p.128,p.129,p.130,p.131,p.132,p.133,p.134,p.135,p.136,p.137,p.138,p.139,p.140,p.141,p.142,p.143,p.144,,,,,,,,,,,,,,p.145,p.394,p.147,p.148,,,,p.149,p.150,p.151,
394,,,,,,,,,,,,,,,,,,,,,,,,,,,,,,,,,,,,,,,,,,,,,,,,p.395,,,,,,,,,,,,,,,,,,,,,,,
395,p.3,,,,,p.4,,p.5,,p.6,p.7,p.8,p.9,p.10,p.11,p.12,p.13,p.14,p.15,,p.16,p.17,p.18,p.19,p.20,p.21,p.22,p.23,p.24,p.25,p.26,p.27,p.28,p.29,p.30,p.31,p.32,p.33,p.34,p.35,p.36,p.37,p.38,p.39,p.40,p.41,p.42,,p.377,p.378,,,,,,,p.379,,p.380,p.381,p.48,p.382,p.50,p.51,p.396,p.384,,p.54,p.55,p.56,p.367
396,r.-11.1.0,,p.288,,,r.-11.1.0,,r.-11.1.0,,r.-11.1.0,r.-11.1.0,r.-11.1.0,r.-11.1.0,r.-11.1.0,r.-11.1.0,r.-11.1.0,r.-11.1.0,r.-11.1.0,r.-11.1.0,,r.-11.1.0,r.-11.1.0,r.-11.1.0,r.-11.1.0,r.-11.1.0,r.-11.1.0,r.-11.1.0,r.-11.1.0,r.-11.1.0,r.-11.1.0,r.-11.1.0,r.-11.1.0,r.-11.1.0,r.-11.1.0,r.-11.1.0,r.-11.1.0,r.-11.1.0,r.-11.1.0,r.-11.1.0,r.-11.1.0,r.-11.1.0,r.-11.1.0,r.-11.1.0,r.-11.1.0,r.-11.1.0,r.-11.1.0,r.-11.1.0,,r.-11.1.0,r.-11.1.0,r.-11.1.0,,,,,,,p.397,,,,,,,,,,,,,
397,p.3,,,,,p.4,,p.5,,p.6,p.7,p.8,p.9,p.10,p.11,p.12,p.13,p.14,p.15,,p.16,p.17,p.18,p.19,p.20,p.21,p.22,p.23,p.24,p.25,p.26,p.27,p.28,p.29,p.30,p.31,p.32,p.33,p.34,p.35,p.36,p.37,p.38,p.39,p.40,p.41,p.42,,p.377,p.378,,,,,,,p.379,,p.380,p.381,p.48,p.382,p.50,p.51,p.398,,,p.54,p.55,p.56,p.387
398,r.-10.7.0,,r.-10.7.0,,,r.-10.7.0,,r.-10.7.0,,r.-10.7.0,r.-10.7.0,r.-10.7.0,r.-10.7.0,r.-10.7.0,r.-10.7.0,r.-10.7.0,r.-10.7.0,r.-10.7.0,r.-10.7.0,,r.-10.7.0,r.-10.7.0,r.-10.7.0,r.-10.7.0,r.-10.7.0,r.-10.7.0,r.-10.7.0,r.-10.7.0,r.-10.7.0,r.-10.7.0,r.-10.7.0,r.-10.7.0,r.-10.7.0,r.-10.7.0,r.-10.7.0,r.-10.7.0,r.-10.7.0,r.-10.7.0,r.-10.7.0,r.-10.7.0,r.-10.7.0,r.-10.7.0,r.-10.7.0,r.-10.7.0,r.-10.7.0,r.-10.7.0,r.-10.7.0,,r.-10.7.0,r.-10.7.0,r.-10.7.0,,,,,,,,,,,,,,,,,,,,
399,,,,,,,,p.5,,,,,,,,,,,,,,,,,,,,,,,,,,,,,,,,,,,,,,,,,,,,,,,,,,,,p.400,,,,,,,,,,,
400,,,,,,,,,,,,,,,,,,,,,,,,,,,,,,,,,,,,,,,,,,,,,,,p.401,,,,,,,,,,,,,,,,,,,,,,,,
401,,,,,,,,,,p.108,p.109,p.110,p.111,p.112,p.113,p.114,p.115,p.116,p.117,,p.118,p.119,p.120,p.121,p.122,p.123,p.124,p.125,p.126,p.127,p.128,p.129,p.130,p.131,p.132,p.133,p.134,p.135,p.136,p.137,p.138,p.139,p.140,p.141,p.142,p.143,p.144,,,,,,,,,,,,,,p.145,p.402,p.147,p.148,,,,p.149,p.150,p.151,
402,,,,,,,,,,,,,,,,,,,,,,,,,,,,,,,,,,,,,,,,,,,,,,,,p.403,,,,,,,,,,,,,,,,,,,,,,,
403,,,,,,,,,,,,,,,,,,,,,,,,,,,,,,,,,,,,,,,,,,,,,,,,,p.404,,,,,,,,,,,,,,,,,,,,,,
404,r.-10.7.0,,r.-10.7.0,,,r.-10.7.0,,r.-10.7.0,,r.-10.7.0,r.-10.7.0,r.-10.7.0,r.-10.7.0,r.-10.7.0,r.-10.7.0,r.-10.7.0,r.-10.7.0,r.-10.7.0,r.-10.7.0,,r.-10.7.0,r.-10.7.0,r.-10.7.0,r.-10.7.0,r.-10.7.0,r.-10.7.0,r.-10.7.0,r.-10.7.0,r.-10.7.0,r.-10.7.0,r.-10.7.0,r.-10.7.0,r.-10.7.0,r.-10.7.0,r.-10.7.0,r.-10.7.0,r.-10.7.0,r.-10.7.0,r.-10.7.0,r.-10.7.0,r.-10.7.0,r.-10.7.0,r.-10.7.0,r.-10.7.0,r.-10.7.0,r.-10.7.0,r.-10.7.0,,r.-10.7.0,r.-10.7.0,r.-10.7.0,,,,,,,,,,,,,,,,,,,,
405,p.3,,,,,p.4,,p.5,,p.6,p.7,p.8,p.9,p.10,p.11,p.12,p.13,p.14,p.15,,p.16,p.17,p.18,p.19,p.20,p.21,p.22,p.23,p.24,p.25,p.26,p.27,p.28,p.29,p.30,p.31,p.32,p.33,p.34,p.35,p.36,p.37,p.38,p.39,p.40,p.41,p.42,,p.358,p.359,p.406,,,,,,p.361,,p.362,p.363,p.48,p.364,p.50,p.51,p.365,p.366,,p.54,p.55,p.56,p.367
406,r.-10.3.0,,r.-10.3.0,,,r.-10.3.0,,r.-10.3.0,,r.-10.3.0,r.-10.3.0,r.-10.3.0,r.-10.3.0,r.-10.3.0,r.-10.3.0,r.-10.3.0,r.-10.3.0,r.-10.3.0,r.-10.3.0,,r.-10.3.0,r.-10.3.0,r.-10.3.0,r.-10.3.0,r.-10.3.0,r.-10.3.0,r.-10.3.0,r.-10.3.0,r.-10.3.0,r.-10.3.0,r.-10.3.0,r.-10.3.0,r.-10.3.0,r.-10.3.0,r.-10.3.0,r.-10.3.0,r.-10.3.0,r.-10.3.0,r.-10.3.0,r.-10.3.0,r.-10.3.0,r.-10.3.0,r.-10.3.0,r.-10.3.0,r.-10.3.0,r.-10.3.0,r.-10.3.0,,r.-10.3.0,r.-10.3.0,r.-10.3.0,,,,,,,,,,,,,,,,,,,,
407,,,,,,,,p.5,,,,,,,,,,,,,,,,,,,,,,,,,,,,,,,,,,,,,,,,,,,,,,,,,,,,p.408,,,,,,,,,,,
408,,,,,,,,,,,,,,,,,,,,,,,,,,,,,,,,,,,,,,,,,,,,,,,p.409,,,,,,,,,,,,,,,,,,,,,,,,
409,,,,,,,,,,p.108,p.109,p.110,p.111,p.112,p.113,p.114,p.115,p.116,p.117,,p.118,p.119,p.120,p.121,p.122,p.123,p.124,p.125,p.126,p.127,p.128,p.129,p.130,p.131,p.132,p.133,p.134,p.135,p.136,p.137,p.138,p.139,p.140,p.141,p.142,p.143,p.144,,,,,,,,,,,,,,p.145,p.410,p.147,p.148,,,,p.149,p.150,p.151,
410,,,,,,,,,,,,,,,,,,,,,,,,,,,,,,,,,,,,,,,,,,,,,,,,p.411,,,,,,,,,,,,,,,,,,,,,,,
411,,,,,,,,,,,,,,,,,,,,,,,,,,,,,,,,,,,,,,,,,,,,,,,,,p.412,,,,,,,,,,,,,,,,,,,,,,
412,r.-10.7.0,,,,,r.-10.7.0,,r.-10.7.0,,r.-10.7.0,r.-10.7.0,r.-10.7.0,r.-10.7.0,r.-10.7.0,r.-10.7.0,r.-10.7.0,r.-10.7.0,r.-10.7.0,r.-10.7.0,,r.-10.7.0,r.-10.7.0,r.-10.7.0,r.-10.7.0,r.-10.7.0,r.-10.7.0,r.-10.7.0,r.-10.7.0,r.-10.7.0,r.-10.7.0,r.-10.7.0,r.-10.7.0,r.-10.7.0,r.-10.7.0,r.-10.7.0,r.-10.7.0,r.-10.7.0,r.-10.7.0,r.-10.7.0,r.-10.7.0,r.-10.7.0,r.-10.7.0,r.-10.7.0,r.-10.7.0,r.-10.7.0,r.-10.7.0,r.-10.7.0,,r.-10.7.0,r.-10.7.0,r.-10.7.0,,,,,,,,,,,,,,,,,,,,
413,p.3,,,,,p.4,,p.5,,p.6,p.7,p.8,p.9,p.10,p.11,p.12,p.13,p.14,p.15,,p.16,p.17,p.18,p.19,p.20,p.21,p.22,p.23,p.24,p.25,p.26,p.27,p.28,p.29,p.30,p.31,p.32,p.33,p.34,p.35,p.36,p.37,p.38,p.39,p.40,p.41,p.42,,p.358,p.359,p.414,,,,,,p.361,,p.362,p.363,p.48,p.364,p.50,p.51,p.365,p.366,,p.54,p.55,p.56,p.367
414,r.-10.3.0,,,,,r.-10.3.0,,r.-10.3.0,,r.-10.3.0,r.-10.3.0,r.-10.3.0,r.-10.3.0,r.-10.3.0,r.-10.3.0,r.-10.3.0,r.-10.3.0,r.-10.3.0,r.-10.3.0,,r.-10.3.0,r.-10.3.0,r.-10.3.0,r.-10.3.0,r.-10.3.0,r.-10.3.0,r.-10.3.0,r.-10.3.0,r.-10.3.0,r.-10.3.0,r.-10.3.0,r.-10.3.0,r.-10.3.0,r.-10.3.0,r.-10.3.0,r.-10.3.0,r.-10.3.0,r.-10.3.0,r.-10.3.0,r.-10.3.0,r.-10.3.0,r.-10.3.0,r.-10.3.0,r.-10.3.0,r.-10.3.0,r.-10.3.0,r.-10.3.0,,r.-10.3.0,r.-10.3.0,r.-10.3.0,,,,,,,,,,,,,,,,,,,,
415,,,,,,,,p.5,,,,,,,,,,,,,,,,,,,,,,,,,,,,,,,,,,,,,,,,,,,,,,,,,,,,p.416,,,,,,,,,,,
416,,,,,,,,,,,,,,,,,,,,,,,,,,,,,,,,,,,,,,,,,,,,,,,p.417,,,,,,,,,,,,,,,,,,,,,,,,
417,,,,,,,,,,p.108,p.109,p.110,p.111,p.112,p.113,p.114,p.115,p.116,p.117,,p.118,p.119,p.120,p.121,p.122,p.123,p.124,p.125,p.126,p.127,p.128,p.129,p.130,p.131,p.132,p.133,p.134,p.135,p.136,p.137,p.138,p.139,p.140,p.141,p.142,p.143,p.144,,,,,,,,,,,,,,p.145,p.418,p.147,p.148,,,,p.149,p.150,p.151,
418,,,,,,,,,,,,,,,,,,,,,,,,,,,,,,,,,,,,,,,,,,,,,,,,p.419,,,,,,,,,,,,,,,,,,,,,,,
419,,,,,,,,,,,,,,,,,,,,,,,,,,,,,,,,,,,,,,,,,,,,,,,,,p.420,,,,,,,,,,,,,,,,,,,,,,
420,,,,,,,,r.-10.7.0,,,,,,,,,,,,,,,,,,,,,,,,,,,,,,,,,,,,,,,,,,,,,,,,,,,,,,,,,,,,,,,
421,p.3,,,,,p.4,,p.5,,p.6,p.7,p.8,p.9,p.10,p.11,p.12,p.13,p.14,p.15,,p.16,p.17,p.18,p.19,p.20,p.21,p.22,p.23,p.24,p.25,p.26,p.27,p.28,p.29,p.30,p.31,p.32,p.33,p.34,p.35,p.36,p.37,p.38,p.39,p.40,p.41,p.42,,p.358,p.359,p.422,,,,,,p.361,,p.362,p.363,p.48,p.364,p.50,p.51,p.365,p.366,,p.54,p.55,p.56,p.367
422,,,,,,,,r.-10.3.0,,,,,,,,,,,,,,,,,,,,,,,,,,,,,,,,,,,,,,,,,,,,,,,,,,,,,,,,,,,,,,,
423,p.3,,,,,p.4,,p.5,,p.6,p.7,p.8,p.9,p.10,p.11,p.12,p.13,p.14,p.15,,p.16,p.17,p.18,p.19,p.20,p.21,p.22,p.23,p.24,p.25,p.26,p.27,p.28,p.29,p.30,p.31,p.32,p.33,p.34,p.35,p.36,p.37,p.38,p.39,p.40,p.41,p.42,,p.358,p.359,p.424,,,,,,p.361,,p.362,p.363,p.48,p.364,p.50,p.51,p.365,p.366,,p.54,p.55,p.56,p.367
424,r.-10.3.0,,r.-10.3.0,,,r.-10.3.0,,r.-10.3.0,,r.-10.3.0,r.-10.3.0,r.-10.3.0,r.-10.3.0,r.-10.3.0,r.-10.3.0,r.-10.3.0,r.-10.3.0,r.-10.3.0,r.-10.3.0,,r.-10.3.0,r.-10.3.0,r.-10.3.0,r.-10.3.0,r.-10.3.0,r.-10.3.0,r.-10.3.0,r.-10.3.0,r.-10.3.0,r.-10.3.0,r.-10.3.0,r.-10.3.0,r.-10.3.0,r.-10.3.0,r.-10.3.0,r.-10.3.0,r.-10.3.0,r.-10.3.0,r.-10.3.0,r.-10.3.0,r.-10.3.0,r.-10.3.0,r.-10.3.0,r.-10.3.0,r.-10.3.0,r.-10.3.0,r.-10.3.0,,r.-10.3.0,r.-10.3.0,,,,,r.-10.3.0,,,,,,,,,,,,,,,,
425,,,,,,,,p.5,,,,,,,,,,,,,,,,,,,,,,,,,,,,,,,,,,,,,,,,,,,,,,,,,,,,p.426,,,,,,,,,,,
426,,,,,,,,,,,,,,,,,,,,,,,,,,,,,,,,,,,,,,,,,,,,,,,p.427,,,,,,,,,,,,,,,,,,,,,,,,
427,,,,,,,,,,p.108,p.109,p.110,p.111,p.112,p.113,p.114,p.115,p.116,p.117,,p.118,p.119,p.120,p.121,p.122,p.123,p.124,p.125,p.126,p.127,p.128,p.129,p.130,p.131,p.132,p.133,p.134,p.135,p.136,p.137,p.138,p.139,p.140,p.141,p.142,p.143,p.144,,,,,,,,,,,,,,p.145,p.428,p.147,p.148,,,,p.149,p.150,p.151,
428,,,,,,,,,,,,,,,,,,,,,,,,,,,,,,,,,,,,,,,,,,,,,,,,p.429,,,,,,,,,,,,,,,,,,,,,,,
429,,,,,,,,,,,,,,,,,,,,,,,,,,,,,,,,,,,,,,,,,,,,,,,,,p.430,,,,,,,,,,,,,,,,,,,,,,
430,r.-10.7.0,,,,,r.-10.7.0,,r.-10.7.0,,r.-10.7.0,r.-10.7.0,r.-10.7.0,r.-10.7.0,r.-10.7.0,r.-10.7.0,r.-10.7.0,r.-10.7.0,r.-10.7.0,r.-10.7.0,,r.-10.7.0,r.-10.7.0,r.-10.7.0,r.-10.7.0,r.-10.7.0,r.-10.7.0,r.-10.7.0,r.-10.7.0,r.-10.7.0,r.-10.7.0,r.-10.7.0,r.-10.7.0,r.-10.7.0,r.-10.7.0,r.-10.7.0,r.-10.7.0,r.-10.7.0,r.-10.7.0,r.-10.7.0,r.-10.7.0,r.-10.7.0,r.-10.7.0,r.-10.7.0,r.-10.7.0,r.-10.7.0,r.-10.7.0,r.-10.7.0,,r.-10.7.0,r.-10.7.0,,,,,r.-10.7.0,,,,,,,,,,,,,,,,
431,p.3,,,,,p.4,,p.5,,p.6,p.7,p.8,p.9,p.10,p.11,p.12,p.13,p.14,p.15,,p.16,p.17,p.18,p.19,p.20,p.21,p.22,p.23,p.24,p.25,p.26,p.27,p.28,p.29,p.30,p.31,p.32,p.33,p.34,p.35,p.36,p.37,p.38,p.39,p.40,p.41,p.42,,p.358,p.359,p.432,,,,,,p.361,,p.362,p.363,p.48,p.364,p.50,p.51,p.365,p.366,,p.54,p.55,p.56,p.367
432,r.-10.3.0,,,,,r.-10.3.0,,r.-10.3.0,,r.-10.3.0,r.-10.3.0,r.-10.3.0,r.-10.3.0,r.-10.3.0,r.-10.3.0,r.-10.3.0,r.-10.3.0,r.-10.3.0,r.-10.3.0,,r.-10.3.0,r.-10.3.0,r.-10.3.0,r.-10.3.0,r.-10.3.0,r.-10.3.0,r.-10.3.0,r.-10.3.0,r.-10.3.0,r.-10.3.0,r.-10.3.0,r.-10.3.0,r.-10.3.0,r.-10.3.0,r.-10.3.0,r.-10.3.0,r.-10.3.0,r.-10.3.0,r.-10.3.0,r.-10.3.0,r.-10.3.0,r.-10.3.0,r.-10.3.0,r.-10.3.0,r.-10.3.0,r.-10.3.0,r.-10.3.0,,r.-10.3.0,r.-10.3.0,,,,,r.-10.3.0,,,,,,,,,,,,,,,,
433,,,,,,,,,,,,,,,,,,,,,,,,,,,,,,,,,,,,,,,,,,,,,,,,p.434,,,,,,,,,,,,,,,,,,,,,,,
434,,,,,,,,,,,,,,,,,,,,,,,,,,,,,,,,,,,,,,,,,,,,,,,,,r.-14.3.0,,,r.-14.3.0,r.-14.3.0,r.-14.3.0,,,,,,,,,,,,,,,,,
435,,,,,,p.436,,,,,,,,,,,,,,,,,,,,,,,,,,,,,,,,,,,,,,,,,,,,,,,,,,,,,,,,,,,,,,,,,
436,,,,p.437,,,,,,,,,,,,,,,,,,,,,,,,,,,,,,,,,,,,,,,,,,,,,,,,,,,,,,,,,,,,,,,,,,,
437,,,p.438,,,,,,,,,,,,,,,,,,,,,,,,,,,,,,,,,,,,,,,,,,,,,,,,,,,,,,,,,,,,,,,,,,,,
438,,,,,,,,,,,,,,,,,,,,,,,,,,,,,,,,,,,,,,,,,,,,,,,r.-5.5.0,,,,,,,,,,,,,,,,,,,,,,,,
439,,,,,,,,,,,,,,,,,,,,,,,,,,,,,,,,,,,,,,,,,,,,,,,r.-4.2.0,,,,,,,,,,,,,,,,,,,,,,,,
440,r.-2.2.0,,,,,r.-2.2.0,,r.-2.2.0,,r.-2.2.0,r.-2.2.0,r.-2.2.0,r.-2.2.0,r.-2.2.0,r.-2.2.0,r.-2.2.0,r.-2.2.0,r.-2.2.0,r.-2.2.0,,r.-2.2.0,r.-2.2.0,r.-2.2.0,r.-2.2.0,r.-2.2.0,r.-2.2.0,r.-2.2.0,r.-2.2.0,r.-2.2.0,r.-2.2.0,r.-2.2.0,r.-2.2.0,r.-2.2.0,r.-2.2.0,r.-2.2.0,r.-2.2.0,r.-2.2.0,r.-2.2.0,r.-2.2.0,r.-2.2.0,r.-2.2.0,r.-2.2.0,r.-2.2.0,r.-2.2.0,r.-2.2.0,r.-2.2.0,r.-2.2.0,,r.-2.2.0,r.-2.2.0,,,,,,,,,,,,,,,,,,,,,
