state,1,2,3,4,5,6,7,8,9,10,11,12,13,14,15,16,17,18,19,20,21,22,23,24,25,26,27,28,29,30,31,32,33,34,35,36,37,38,39,0,-1,-2,-3,-4,-5,-6,-7,-8,-9,-10
0,,,p.1,p.2,p.3,p.4,p.5,p.6,p.7,p.8,p.9,p.10,p.11,p.12,p.13,p.14,p.15,p.16,p.17,p.18,p.19,p.20,p.21,p.22,p.23,p.24,p.25,p.26,,,,,,,,,,p.27,,,p.28,,,p.29,,p.30,,,,
1,,,r.-6.1.0,r.-6.1.0,r.-6.1.0,r.-6.1.0,r.-6.1.0,r.-6.1.0,r.-6.1.0,r.-6.1.0,r.-6.1.0,r.-6.1.0,r.-6.1.0,r.-6.1.0,r.-6.1.0,r.-6.1.0,r.-6.1.0,r.-6.1.0,r.-6.1.0,r.-6.1.0,r.-6.1.0,r.-6.1.0,r.-6.1.0,r.-6.1.0,r.-6.1.0,r.-6.1.0,r.-6.1.0,r.-6.1.0,r.-6.1.0,r.-6.1.0,r.-6.1.0,r.-6.1.0,r.-6.1.0,r.-6.1.0,r.-6.1.0,r.-6.1.0,r.-6.1.0,,,r.-6.1.0,,,,,,,,,,
2,,,r.-6.1.0,r.-6.1.0,r.-6.1.0,r.-6.1.0,r.-6.1.0,r.-6.1.0,r.-6.1.0,r.-6.1.0,r.-6.1.0,r.-6.1.0,r.-6.1.0,r.-6.1.0,r.-6.1.0,r.-6.1.0,r.-6.1.0,r.-6.1.0,r.-6.1.0,r.-6.1.0,r.-6.1.0,r.-6.1.0,r.-6.1.0,r.-6.1.0,r.-6.1.0,r.-6.1.0,r.-6.1.0,r.-6.1.0,r.-6.1.0,r.-6.1.0,r.-6.1.0,r.-6.1.0,r.-6.1.0,r.-6.1.0,r.-6.1.0,r.-6.1.0,r.-6.1.0,,,r.-6.1.0,,,,,,,,,,
3,,,r.-6.1.0,r.-6.1.0,r.-6.1.0,r.-6.1.0,r.-6.1.0,r.-6.1.0,r.-6.1.0,r.-6.1.0,r.-6.1.0,r.-6.1.0,r.-6.1.0,r.-6.1.0,r.-6.1.0,r.-6.1.0,r.-6.1.0,r.-6.1.0,r.-6.1.0,r.-6.1.0,r.-6.1.0,r.-6.1.0,r.-6.1.0,r.-6.1.0,r.-6.1.0,r.-6.1.0,r.-6.1.0,r.-6.1.0,r.-6.1.0,r.-6.1.0,r.-6.1.0,r.-6.1.0,r.-6.1.0,r.-6.1.0,r.-6.1.0,r.-6.1.0,r.-6.1.0,,,r.-6.1.0,,,,,,,,,,
4,,,r.-6.1.0,r.-6.1.0,r.-6.1.0,r.-6.1.0,r.-6.1.0,r.-6.1.0,r.-6.1.0,r.-6.1.0,r.-6.1.0,r.-6.1.0,r.-6.1.0,r.-6.1.0,r.-6.1.0,r.-6.1.0,r.-6.1.0,r.-6.1.0,r.-6.1.0,r.-6.1.0,r.-6.1.0,r.-6.1.0,r.-6.1.0,r.-6.1.0,r.-6.1.0,r.-6.1.0,r.-6.1.0,r.-6.1.0,r.-6.1.0,r.-6.1.0,r.-6.1.0,r.-6.1.0,r.-6.1.0,r.-6.1.0,r.-6.1.0,r.-6.1.0,r.-6.1.0,,,r.-6.1.0,,,,,,,,,,
5,,,r.-6.1.0,r.-6.1.0,r.-6.1.0,r.-6.1.0,r.-6.1.0,r.-6.1.0,r.-6.1.0,r.-6.1.0,r.-6.1.0,r.-6.1.0,r.-6.1.0,r.-6.1.0,r.-6.1.0,r.-6.1.0,r.-6.1.0,r.-6.1.0,r.-6.1.0,r.-6.1.0,r.-6.1.0,r.-6.1.0,r.-6.1.0,r.-6.1.0,r.-6.1.0,r.-6.1.0,r.-6.1.0,r.-6.1.0,r.-6.1.0,r.-6.1.0,r.-6.1.0,r.-6.1.0,r.-6.1.0,r.-6.1.0,r.-6.1.0,r.-6.1.0,r.-6.1.0,,,r.-6.1.0,,,,,,,,,,
6,,,r.-6.1.0,r.-6.1.0,r.-6.1.0,r.-6.1.0,r.-6.1.0,r.-6.1.0,r.-6.1.0,r.-6.1.0,r.-6.1.0,r.-6.1.0,r.-6.1.0,r.-6.1.0,r.-6.1.0,r.-6.1.0,r.-6.1.0,r.-6.1.0,r.-6.1.0,r.-6.1.0,r.-6.1.0,r.-6.1.0,r.-6.1.0,r.-6.1.0,r.-6.1.0,r.-6.1.0,r.-6.1.0,r.-6.1.0,r.-6.1.0,r.-6.1.0,r.-6.1.0,r.-6.1.0,r.-6.1.0,r.-6.1.0,r.-6.1.0,r.-6.1.0,r.-6.1.0,,,r.-6.1.0,,,,,,,,,,
7,,,r.-6.1.0,r.-6.1.0,r.-6.1.0,r.-6.1.0,r.-6.1.0,r.-6.1.0,r.-6.1.0,r.-6.1.0,r.-6.1.0,r.-6.1.0,r.-6.1.0,r.-6.1.0,r.-6.1.0,r.-6.1.0,r.-6.1.0,r.-6.1.0,r.-6.1.0,r.-6.1.0,r.-6.1.0,r.-6.1.0,r.-6.1.0,r.-6.1.0,r.-6.1.0,r.-6.1.0,r.-6.1.0,r.-6.1.0,r.-6.1.0,r.-6.1.0,r.-6.1.0,r.-6.1.0,r.-6.1.0,r.-6.1.0,r.-6.1.0,r.-6.1.0,r.-6.1.0,,,r.-6.1.0,,,,,,,,,,
8,,,r.-6.1.0,r.-6.1.0,r.-6.1.0,r.-6.1.0,r.-6.1.0,r.-6.1.0,r.-6.1.0,r.-6.1.0,r.-6.1.0,r.-6.1.0,r.-6.1.0,r.-6.1.0,r.-6.1.0,r.-6.1.0,r.-6.1.0,r.-6.1.0,r.-6.1.0,r.-6.1.0,r.-6.1.0,r.-6.1.0,r.-6.1.0,r.-6.1.0,r.-6.1.0,r.-6.1.0,r.-6.1.0,r.-6.1.0,r.-6.1.0,r.-6.1.0,r.-6.1.0,r.-6.1.0,r.-6.1.0,r.-6.1.0,r.-6.1.0,r.-6.1.0,r.-6.1.0,,,r.-6.1.0,,,,,,,,,,
9,,,r.-6.1.0,r.-6.1.0,r.-6.1.0,r.-6.1.0,r.-6.1.0,r.-6.1.0,r.-6.1.0,r.-6.1.0,r.-6.1.0,r.-6.1.0,r.-6.1.0,r.-6.1.0,r.-6.1.0,r.-6.1.0,r.-6.1.0,r.-6.1.0,r.-6.1.0,r.-6.1.0,r.-6.1.0,r.-6.1.0,r.-6.1.0,r.-6.1.0,r.-6.1.0,r.-6.1.0,r.-6.1.0,r.-6.1.0,r.-6.1.0,r.-6.1.0,r.-6.1.0,r.-6.1.0,r.-6.1.0,r.-6.1.0,r.-6.1.0,r.-6.1.0,r.-6.1.0,,,r.-6.1.0,,,,,,,,,,
10,,,r.-6.1.0,r.-6.1.0,r.-6.1.0,r.-6.1.0,r.-6.1.0,r.-6.1.0,r.-6.1.0,r.-6.1.0,r.-6.1.0,r.-6.1.0,r.-6.1.0,r.-6.1.0,r.-6.1.0,r.-6.1.0,r.-6.1.0,r.-6.1.0,r.-6.1.0,r.-6.1.0,r.-6.1.0,r.-6.1.0,r.-6.1.0,r.-6.1.0,r.-6.1.0,r.-6.1.0,r.-6.1.0,r.-6.1.0,r.-6.1.0,r.-6.1.0,r.-6.1.0,r.-6.1.0,r.-6.1.0,r.-6.1.0,r.-6.1.0,r.-6.1.0,r.-6.1.0,,,r.-6.1.0,,,,,,,,,,
11,,,r.-6.1.0,r.-6.1.0,r.-6.1.0,r.-6.1.0,r.-6.1.0,r.-6.1.0,r.-6.1.0,r.-6.1.0,r.-6.1.0,r.-6.1.0,r.-6.1.0,r.-6.1.0,r.-6.1.0,r.-6.1.0,r.-6.1.0,r.-6.1.0,r.-6.1.0,r.-6.1.0,r.-6.1.0,r.-6.1.0,r.-6.1.0,r.-6.1.0,r.-6.1.0,r.-6.1.0,r.-6.1.0,r.-6.1.0,r.-6.1.0,r.-6.1.0,r.-6.1.0,r.-6.1.0,r.-6.1.0,r.-6.1.0,r.-6.1.0,r.-6.1.0,r.-6.1.0,,,r.-6.1.0,,,,,,,,,,
12,,,r.-6.1.0,r.-6.1.0,r.-6.1.0,r.-6.1.0,r.-6.1.0,r.-6.1.0,r.-6.1.0,r.-6.1.0,r.-6.1.0,r.-6.1.0,r.-6.1.0,r.-6.1.0,r.-6.1.0,r.-6.1.0,r.-6.1.0,r.-6.1.0,r.-6.1.0,r.-6.1.0,r.-6.1.0,r.-6.1.0,r.-6.1.0,r.-6.1.0,r.-6.1.0,r.-6.1.0,r.-6.1.0,r.-6.1.0,r.-6.1.0,r.-6.1.0,r.-6.1.0,r.-6.1.0,r.-6.1.0,r.-6.1.0,r.-6.1.0,r.-6.1.0,r.-6.1.0,,,r.-6.1.0,,,,,,,,,,
13,,,r.-6.1.0,r.-6.1.0,r.-6.1.0,r.-6.1.0,r.-6.1.0,r.-6.1.0,r.-6.1.0,r.-6.1.0,r.-6.1.0,r.-6.1.0,r.-6.1.0,r.-6.1.0,r.-6.1.0,r.-6.1.0,r.-6.1.0,r.-6.1.0,r.-6.1.0,r.-6.1.0,r.-6.1.0,r.-6.1.0,r.-6.1.0,r.-6.1.0,r.-6.1.0,r.-6.1.0,r.-6.1.0,r.-6.1.0,r.-6.1.0,r.-6.1.0,r.-6.1.0,r.-6.1.0,r.-6.1.0,r.-6.1.0,r.-6.1.0,r.-6.1.0,r.-6.1.0,,,r.-6.1.0,,,,,,,,,,
14,,,r.-6.1.0,r.-6.1.0,r.-6.1.0,r.-6.1.0,r.-6.1.0,r.-6.1.0,r.-6.1.0,r.-6.1.0,r.-6.1.0,r.-6.1.0,r.-6.1.0,r.-6.1.0,r.-6.1.0,r.-6.1.0,r.-6.1.0,r.-6.1.0,r.-6.1.0,r.-6.1.0,r.-6.1.0,r.-6.1.0,r.-6.1.0,r.-6.1.0,r.-6.1.0,r.-6.1.0,r.-6.1.0,r.-6.1.0,r.-6.1.0,r.-6.1.0,r.-6.1.0,r.-6.1.0,r.-6.1.0,r.-6.1.0,r.-6.1.0,r.-6.1.0,r.-6.1.0,,,r.-6.1.0,,,,,,,,,,
15,,,r.-6.1.0,r.-6.1.0,r.-6.1.0,r.-6.1.0,r.-6.1.0,r.-6.1.0,r.-6.1.0,r.-6.1.0,r.-6.1.0,r.-6.1.0,r.-6.1.0,r.-6.1.0,r.-6.1.0,r.-6.1.0,r.-6.1.0,r.-6.1.0,r.-6.1.0,r.-6.1.0,r.-6.1.0,r.-6.1.0,r.-6.1.0,r.-6.1.0,r.-6.1.0,r.-6.1.0,r.-6.1.0,r.-6.1.0,r.-6.1.0,r.-6.1.0,r.-6.1.0,r.-6.1.0,r.-6.1.0,r.-6.1.0,r.-6.1.0,r.-6.1.0,r.-6.1.0,,,r.-6.1.0,,,,,,,,,,
16,,,r.-6.1.0,r.-6.1.0,r.-6.1.0,r.-6.1.0,r.-6.1.0,r.-6.1.0,r.-6.1.0,r.-6.1.0,r.-6.1.0,r.-6.1.0,r.-6.1.0,r.-6.1.0,r.-6.1.0,r.-6.1.0,r.-6.1.0,r.-6.1.0,r.-6.1.0,r.-6.1.0,r.-6.1.0,r.-6.1.0,r.-6.1.0,r.-6.1.0,r.-6.1.0,r.-6.1.0,r.-6.1.0,r.-6.1.0,r.-6.1.0,r.-6.1.0,r.-6.1.0,r.-6.1.0,r.-6.1.0,r.-6.1.0,r.-6.1.0,r.-6.1.0,r.-6.1.0,,,r.-6.1.0,,,,,,,,,,
17,,,r.-6.1.0,r.-6.1.0,r.-6.1.0,r.-6.1.0,r.-6.1.0,r.-6.1.0,r.-6.1.0,r.-6.1.0,r.-6.1.0,r.-6.1.0,r.-6.1.0,r.-6.1.0,r.-6.1.0,r.-6.1.0,r.-6.1.0,r.-6.1.0,r.-6.1.0,r.-6.1.0,r.-6.1.0,r.-6.1.0,r.-6.1.0,r.-6.1.0,r.-6.1.0,r.-6.1.0,r.-6.1.0,r.-6.1.0,r.-6.1.0,r.-6.1.0,r.-6.1.0,r.-6.1.0,r.-6.1.0,r.-6.1.0,r.-6.1.0,r.-6.1.0,r.-6.1.0,,,r.-6.1.0,,,,,,,,,,
18,,,r.-6.1.0,r.-6.1.0,r.-6.1.0,r.-6.1.0,r.-6.1.0,r.-6.1.0,r.-6.1.0,r.-6.1.0,r.-6.1.0,r.-6.1.0,r.-6.1.0,r.-6.1.0,r.-6.1.0,r.-6.1.0,r.-6.1.0,r.-6.1.0,r.-6.1.0,r.-6.1.0,r.-6.1.0,r.-6.1.0,r.-6.1.0,r.-6.1.0,r.-6.1.0,r.-6.1.0,r.-6.1.0,r.-6.1.0,r.-6.1.0,r.-6.1.0,r.-6.1.0,r.-6.1.0,r.-6.1.0,r.-6.1.0,r.-6.1.0,r.-6.1.0,r.-6.1.0,,,r.-6.1.0,,,,,,,,,,
19,,,r.-6.1.0,r.-6.1.0,r.-6.1.0,r.-6.1.0,r.-6.1.0,r.-6.1.0,r.-6.1.0,r.-6.1.0,r.-6.1.0,r.-6.1.0,r.-6.1.0,r.-6.1.0,r.-6.1.0,r.-6.1.0,r.-6.1.0,r.-6.1.0,r.-6.1.0,r.-6.1.0,r.-6.1.0,r.-6.1.0,r.-6.1.0,r.-6.1.0,r.-6.1.0,r.-6.1.0,r.-6.1.0,r.-6.1.0,r.-6.1.0,r.-6.1.0,r.-6.1.0,r.-6.1.0,r.-6.1.0,r.-6.1.0,r.-6.1.0,r.-6.1.0,r.-6.1.0,,,r.-6.1.0,,,,,,,,,,
20,,,r.-6.1.0,r.-6.1.0,r.-6.1.0,r.-6.1.0,r.-6.1.0,r.-6.1.0,r.-6.1.0,r.-6.1.0,r.-6.1.0,r.-6.1.0,r.-6.1.0,r.-6.1.0,r.-6.1.0,r.-6.1.0,r.-6.1.0,r.-6.1.0,r.-6.1.0,r.-6.1.0,r.-6.1.0,r.-6.1.0,r.-6.1.0,r.-6.1.0,r.-6.1.0,r.-6.1.0,r.-6.1.0,r.-6.1.0,r.-6.1.0,r.-6.1.0,r.-6.1.0,r.-6.1.0,r.-6.1.0,r.-6.1.0,r.-6.1.0,r.-6.1.0,r.-6.1.0,,,r.-6.1.0,,,,,,,,,,
21,,,r.-6.1.0,r.-6.1.0,r.-6.1.0,r.-6.1.0,r.-6.1.0,r.-6.1.0,r.-6.1.0,r.-6.1.0,r.-6.1.0,r.-6.1.0,r.-6.1.0,r.-6.1.0,r.-6.1.0,r.-6.1.0,r.-6.1.0,r.-6.1.0,r.-6.1.0,r.-6.1.0,r.-6.1.0,r.-6.1.0,r.-6.1.0,r.-6.1.0,r.-6.1.0,r.-6.1.0,r.-6.1.0,r.-6.1.0,r.-6.1.0,r.-6.1.0,r.-6.1.0,r.-6.1.0,r.-6.1.0,r.-6.1.0,r.-6.1.0,r.-6.1.0,r.-6.1.0,,,r.-6.1.0,,,,,,,,,,
22,,,r.-6.1.0,r.-6.1.0,r.-6.1.0,r.-6.1.0,r.-6.1.0,r.-6.1.0,r.-6.1.0,r.-6.1.0,r.-6.1.0,r.-6.1.0,r.-6.1.0,r.-6.1.0,r.-6.1.0,r.-6.1.0,r.-6.1.0,r.-6.1.0,r.-6.1.0,r.-6.1.0,r.-6.1.0,r.-6.1.0,r.-6.1.0,r.-6.1.0,r.-6.1.0,r.-6.1.0,r.-6.1.0,r.-6.1.0,r.-6.1.0,r.-6.1.0,r.-6.1.0,r.-6.1.0,r.-6.1.0,r.-6.1.0,r.-6.1.0,r.-6.1.0,r.-6.1.0,,,r.-6.1.0,,,,,,,,,,
23,,,r.-6.1.0,r.-6.1.0,r.-6.1.0,r.-6.1.0,r.-6.1.0,r.-6.1.0,r.-6.1.0,r.-6.1.0,r.-6.1.0,r.-6.1.0,r.-6.1.0,r.-6.1.0,r.-6.1.0,r.-6.1.0,r.-6.1.0,r.-6.1.0,r.-6.1.0,r.-6.1.0,r.-6.1.0,r.-6.1.0,r.-6.1.0,r.-6.1.0,r.-6.1.0,r.-6.1.0,r.-6.1.0,r.-6.1.0,r.-6.1.0,r.-6.1.0,r.-6.1.0,r.-6.1.0,r.-6.1.0,r.-6.1.0,r.-6.1.0,r.-6.1.0,r.-6.1.0,,,r.-6.1.0,,,,,,,,,,
24,,,r.-6.1.0,r.-6.1.0,r.-6.1.0,r.-6.1.0,r.-6.1.0,r.-6.1.0,r.-6.1.0,r.-6.1.0,r.-6.1.0,r.-6.1.0,r.-6.1.0,r.-6.1.0,r.-6.1.0,r.-6.1.0,r.-6.1.0,r.-6.1.0,r.-6.1.0,r.-6.1.0,r.-6.1.0,r.-6.1.0,r.-6.1.0,r.-6.1.0,r.-6.1.0,r.-6.1.0,r.-6.1.0,r.-6.1.0,r.-6.1.0,r.-6.1.0,r.-6.1.0,r.-6.1.0,r.-6.1.0,r.-6.1.0,r.-6.1.0,r.-6.1.0,r.-6.1.0,,,r.-6.1.0,,,,,,,,,,
25,,,r.-6.1.0,r.-6.1.0,r.-6.1.0,r.-6.1.0,r.-6.1.0,r.-6.1.0,r.-6.1.0,r.-6.1.0,r.-6.1.0,r.-6.1.0,r.-6.1.0,r.-6.1.0,r.-6.1.0,r.-6.1.0,r.-6.1.0,r.-6.1.0,r.-6.1.0,r.-6.1.0,r.-6.1.0,r.-6.1.0,r.-6.1.0,r.-6.1.0,r.-6.1.0,r.-6.1.0,r.-6.1.0,r.-6.1.0,r.-6.1.0,r.-6.1.0,r.-6.1.0,r.-6.1.0,r.-6.1.0,r.-6.1.0,r.-6.1.0,r.-6.1.0,r.-6.1.0,,,r.-6.1.0,,,,,,,,,,
26,,,r.-6.1.0,r.-6.1.0,r.-6.1.0,r.-6.1.0,r.-6.1.0,r.-6.1.0,r.-6.1.0,r.-6.1.0,r.-6.1.0,r.-6.1.0,r.-6.1.0,r.-6.1.0,r.-6.1.0,r.-6.1.0,r.-6.1.0,r.-6.1.0,r.-6.1.0,r.-6.1.0,r.-6.1.0,r.-6.1.0,r.-6.1.0,r.-6.1.0,r.-6.1.0,r.-6.1.0,r.-6.1.0,r.-6.1.0,r.-6.1.0,r.-6.1.0,r.-6.1.0,r.-6.1.0,r.-6.1.0,r.-6.1.0,r.-6.1.0,r.-6.1.0,r.-6.1.0,,,r.-6.1.0,,,,,,,,,,
27,,p.46,p.47,p.48,p.49,p.50,p.51,p.52,p.53,p.54,p.55,p.56,p.57,p.58,p.59,p.60,p.61,p.62,p.63,p.64,p.65,p.66,p.67,p.68,p.69,p.70,p.71,p.72,,,,,,,,,,p.73,,,p.74,,,p.75,,p.76,p.77,,,
28,,,,,,,,,,,,,,,,,,,,,,,,,,,,,,,,,,,,,,,,acc,,,,,,,,,,
29,,,,,,,,,,,,,,,,,,,,,,,,,,,,,,,,,,,,,,,,r.-1.1.0,,,,,,,,,,
30,,,p.1,p.2,p.3,p.4,p.5,p.6,p.7,p.8,p.9,p.10,p.11,p.12,p.13,p.14,p.15,p.16,p.17,p.18,p.19,p.20,p.21,p.22,p.23,p.24,p.25,p.26,p.31,p.32,p.33,p.34,p.35,p.36,p.37,p.38,p.39,,,r.-4.1.3/r.-3.0.2/r.-5.0.2,,,p.40,,p.41,p.42,,,p.43,
31,,,r.-9.1.0,r.-9.1.0,r.-9.1.0,r.-9.1.0,r.-9.1.0,r.-9.1.0,r.-9.1.0,r.-9.1.0,r.-9.1.0,r.-9.1.0,r.-9.1.0,r.-9.1.0,r.-9.1.0,r.-9.1.0,r.-9.1.0,r.-9.1.0,r.-9.1.0,r.-9.1.0,r.-9.1.0,r.-9.1.0,r.-9.1.0,r.-9.1.0,r.-9.1.0,r.-9.1.0,r.-9.1.0,r.-9.1.0,r.-9.1.0,r.-9.1.0,r.-9.1.0,r.-9.1.0,r.-9.1.0,r.-9.1.0,r.-9.1.0,r.-9.1.0,r.-9.1.0,,,r.-9.1.0,,,,,,,,,,
32,,,r.-9.1.0,r.-9.1.0,r.-9.1.0,r.-9.1.0,r.-9.1.0,r.-9.1.0,r.-9.1.0,r.-9.1.0,r.-9.1.0,r.-9.1.0,r.-9.1.0,r.-9.1.0,r.-9.1.0,r.-9.1.0,r.-9.1.0,r.-9.1.0,r.-9.1.0,r.-9.1.0,r.-9.1.0,r.-9.1.0,r.-9.1.0,r.-9.1.0,r.-9.1.0,r.-9.1.0,r.-9.1.0,r.-9.1.0,r.-9.1.0,r.-9.1.0,r.-9.1.0,r.-9.1.0,r.-9.1.0,r.-9.1.0,r.-9.1.0,r.-9.1.0,r.-9.1.0,,,r.-9.1.0,,,,,,,,,,
33,,,r.-9.1.0,r.-9.1.0,r.-9.1.0,r.-9.1.0,r.-9.1.0,r.-9.1.0,r.-9.1.0,r.-9.1.0,r.-9.1.0,r.-9.1.0,r.-9.1.0,r.-9.1.0,r.-9.1.0,r.-9.1.0,r.-9.1.0,r.-9.1.0,r.-9.1.0,r.-9.1.0,r.-9.1.0,r.-9.1.0,r.-9.1.0,r.-9.1.0,r.-9.1.0,r.-9.1.0,r.-9.1.0,r.-9.1.0,r.-9.1.0,r.-9.1.0,r.-9.1.0,r.-9.1.0,r.-9.1.0,r.-9.1.0,r.-9.1.0,r.-9.1.0,r.-9.1.0,,,r.-9.1.0,,,,,,,,,,
34,,,r.-9.1.0,r.-9.1.0,r.-9.1.0,r.-9.1.0,r.-9.1.0,r.-9.1.0,r.-9.1.0,r.-9.1.0,r.-9.1.0,r.-9.1.0,r.-9.1.0,r.-9.1.0,r.-9.1.0,r.-9.1.0,r.-9.1.0,r.-9.1.0,r.-9.1.0,r.-9.1.0,r.-9.1.0,r.-9.1.0,r.-9.1.0,r.-9.1.0,r.-9.1.0,r.-9.1.0,r.-9.1.0,r.-9.1.0,r.-9.1.0,r.-9.1.0,r.-9.1.0,r.-9.1.0,r.-9.1.0,r.-9.1.0,r.-9.1.0,r.-9.1.0,r.-9.1.0,,,r.-9.1.0,,,,,,,,,,
35,,,r.-9.1.0,r.-9.1.0,r.-9.1.0,r.-9.1.0,r.-9.1.0,r.-9.1.0,r.-9.1.0,r.-9.1.0,r.-9.1.0,r.-9.1.0,r.-9.1.0,r.-9.1.0,r.-9.1.0,r.-9.1.0,r.-9.1.0,r.-9.1.0,r.-9.1.0,r.-9.1.0,r.-9.1.0,r.-9.1.0,r.-9.1.0,r.-9.1.0,r.-9.1.0,r.-9.1.0,r.-9.1.0,r.-9.1.0,r.-9.1.0,r.-9.1.0,r.-9.1.0,r.-9.1.0,r.-9.1.0,r.-9.1.0,r.-9.1.0,r.-9.1.0,r.-9.1.0,,,r.-9.1.0,,,,,,,,,,
36,,,r.-9.1.0,r.-9.1.0,r.-9.1.0,r.-9.1.0,r.-9.1.0,r.-9.1.0,r.-9.1.0,r.-9.1.0,r.-9.1.0,r.-9.1.0,r.-9.1.0,r.-9.1.0,r.-9.1.0,r.-9.1.0,r.-9.1.0,r.-9.1.0,r.-9.1.0,r.-9.1.0,r.-9.1.0,r.-9.1.0,r.-9.1.0,r.-9.1.0,r.-9.1.0,r.-9.1.0,r.-9.1.0,r.-9.1.0,r.-9.1.0,r.-9.1.0,r.-9.1.0,r.-9.1.0,r.-9.1.0,r.-9.1.0,r.-9.1.0,r.-9.1.0,r.-9.1.0,,,r.-9.1.0,,,,,,,,,,
37,,,r.-9.1.0,r.-9.1.0,r.-9.1.0,r.-9.1.0,r.-9.1.0,r.-9.1.0,r.-9.1.0,r.-9.1.0,r.-9.1.0,r.-9.1.0,r.-9.1.0,r.-9.1.0,r.-9.1.0,r.-9.1.0,r.-9.1.0,r.-9.1.0,r.-9.1.0,r.-9.1.0,r.-9.1.0,r.-9.1.0,r.-9.1.0,r.-9.1.0,r.-9.1.0,r.-9.1.0,r.-9.1.0,r.-9.1.0,r.-9.1.0,r.-9.1.0,r.-9.1.0,r.-9.1.0,r.-9.1.0,r.-9.1.0,r.-9.1.0,r.-9.1.0,r.-9.1.0,,,r.-9.1.0,,,,,,,,,,
38,,,r.-9.1.0,r.-9.1.0,r.-9.1.0,r.-9.1.0,r.-9.1.0,r.-9.1.0,r.-9.1.0,r.-9.1.0,r.-9.1.0,r.-9.1.0,r.-9.1.0,r.-9.1.0,r.-9.1.0,r.-9.1.0,r.-9.1.0,r.-9.1.0,r.-9.1.0,r.-9.1.0,r.-9.1.0,r.-9.1.0,r.-9.1.0,r.-9.1.0,r.-9.1.0,r.-9.1.0,r.-9.1.0,r.-9.1.0,r.-9.1.0,r.-9.1.0,r.-9.1.0,r.-9.1.0,r.-9.1.0,r.-9.1.0,r.-9.1.0,r.-9.1.0,r.-9.1.0,,,r.-9.1.0,,,,,,,,,,
39,,,r.-9.1.0,r.-9.1.0,r.-9.1.0,r.-9.1.0,r.-9.1.0,r.-9.1.0,r.-9.1.0,r.-9.1.0,r.-9.1.0,r.-9.1.0,r.-9.1.0,r.-9.1.0,r.-9.1.0,r.-9.1.0,r.-9.1.0,r.-9.1.0,r.-9.1.0,r.-9.1.0,r.-9.1.0,r.-9.1.0,r.-9.1.0,r.-9.1.0,r.-9.1.0,r.-9.1.0,r.-9.1.0,r.-9.1.0,r.-9.1.0,r.-9.1.0,r.-9.1.0,r.-9.1.0,r.-9.1.0,r.-9.1.0,r.-9.1.0,r.-9.1.0,r.-9.1.0,,,r.-9.1.0,,,,,,,,,,
40,,,,,,,,,,,,,,,,,,,,,,,,,,,,,,,,,,,,,,,,r.-4.2.0,,,,,,,,,,
41,,,,,,,,,,,,,,,,,,,,,,,,,,,,,,,,,,,,,,,,r.-3.1.0,,,,,,,,,,
42,,,p.1,p.2,p.3,p.4,p.5,p.6,p.7,p.8,p.9,p.10,p.11,p.12,p.13,p.14,p.15,p.16,p.17,p.18,p.19,p.20,p.21,p.22,p.23,p.24,p.25,p.26,p.31,p.32,p.33,p.34,p.35,p.36,p.37,p.38,p.39,,,r.-3.1.3/r.-3.0.2/r.-5.0.2,,,p.45,,p.41,p.42,,,p.43,
43,,,p.1,p.2,p.3,p.4,p.5,p.6,p.7,p.8,p.9,p.10,p.11,p.12,p.13,p.14,p.15,p.16,p.17,p.18,p.19,p.20,p.21,p.22,p.23,p.24,p.25,p.26,p.31,p.32,p.33,p.34,p.35,p.36,p.37,p.38,p.39,,,r.-3.0.2/r.-3.1.3/r.-5.0.2,,,p.44,,p.41,p.42,,,p.43,
44,,,,,,,,,,,,,,,,,,,,,,,,,,,,,,,,,,,,,,,,r.-3.2.0,,,,,,,,,,
45,,,,,,,,,,,,,,,,,,,,,,,,,,,,,,,,,,,,,,,,r.-3.2.0,,,,,,,,,,
46,,,,,,,,,,,,,,,,,,,,,,,,,,,,,,,,,,,,,,,,r.-7.1.0,,,,,,,,,,
47,,r.-6.1.0,r.-6.1.0,r.-6.1.0,r.-6.1.0,r.-6.1.0,r.-6.1.0,r.-6.1.0,r.-6.1.0,r.-6.1.0,r.-6.1.0,r.-6.1.0,r.-6.1.0,r.-6.1.0,r.-6.1.0,r.-6.1.0,r.-6.1.0,r.-6.1.0,r.-6.1.0,r.-6.1.0,r.-6.1.0,r.-6.1.0,r.-6.1.0,r.-6.1.0,r.-6.1.0,r.-6.1.0,r.-6.1.0,r.-6.1.0,r.-6.1.0,r.-6.1.0,r.-6.1.0,r.-6.1.0,r.-6.1.0,r.-6.1.0,r.-6.1.0,r.-6.1.0,r.-6.1.0,,r.-6.1.0,,,,,,,,,,,
48,,r.-6.1.0,r.-6.1.0,r.-6.1.0,r.-6.1.0,r.-6.1.0,r.-6.1.0,r.-6.1.0,r.-6.1.0,r.-6.1.0,r.-6.1.0,r.-6.1.0,r.-6.1.0,r.-6.1.0,r.-6.1.0,r.-6.1.0,r.-6.1.0,r.-6.1.0,r.-6.1.0,r.-6.1.0,r.-6.1.0,r.-6.1.0,r.-6.1.0,r.-6.1.0,r.-6.1.0,r.-6.1.0,r.-6.1.0,r.-6.1.0,r.-6.1.0,r.-6.1.0,r.-6.1.0,r.-6.1.0,r.-6.1.0,r.-6.1.0,r.-6.1.0,r.-6.1.0,r.-6.1.0,,r.-6.1.0,,,,,,,,,,,
49,,r.-6.1.0,r.-6.1.0,r.-6.1.0,r.-6.1.0,r.-6.1.0,r.-6.1.0,r.-6.1.0,r.-6.1.0,r.-6.1.0,r.-6.1.0,r.-6.1.0,r.-6.1.0,r.-6.1.0,r.-6.1.0,r.-6.1.0,r.-6.1.0,r.-6.1.0,r.-6.1.0,r.-6.1.0,r.-6.1.0,r.-6.1.0,r.-6.1.0,r.-6.1.0,r.-6.1.0,r.-6.1.0,r.-6.1.0,r.-6.1.0,r.-6.1.0,r.-6.1.0,r.-6.1.0,r.-6.1.0,r.-6.1.0,r.-6.1.0,r.-6.1.0,r.-6.1.0,r.-6.1.0,,r.-6.1.0,,,,,,,,,,,
50,,r.-6.1.0,r.-6.1.0,r.-6.1.0,r.-6.1.0,r.-6.1.0,r.-6.1.0,r.-6.1.0,r.-6.1.0,r.-6.1.0,r.-6.1.0,r.-6.1.0,r.-6.1.0,r.-6.1.0,r.-6.1.0,r.-6.1.0,r.-6.1.0,r.-6.1.0,r.-6.1.0,r.-6.1.0,r.-6.1.0,r.-6.1.0,r.-6.1.0,r.-6.1.0,r.-6.1.0,r.-6.1.0,r.-6.1.0,r.-6.1.0,r.-6.1.0,r.-6.1.0,r.-6.1.0,r.-6.1.0,r.-6.1.0,r.-6.1.0,r.-6.1.0,r.-6.1.0,r.-6.1.0,,r.-6.1.0,,,,,,,,,,,
51,,r.-6.1.0,r.-6.1.0,r.-6.1.0,r.-6.1.0,r.-6.1.0,r.-6.1.0,r.-6.1.0,r.-6.1.0,r.-6.1.0,r.-6.1.0,r.-6.1.0,r.-6.1.0,r.-6.1.0,r.-6.1.0,r.-6.1.0,r.-6.1.0,r.-6.1.0,r.-6.1.0,r.-6.1.0,r.-6.1.0,r.-6.1.0,r.-6.1.0,r.-6.1.0,r.-6.1.0,r.-6.1.0,r.-6.1.0,r.-6.1.0,r.-6.1.0,r.-6.1.0,r.-6.1.0,r.-6.1.0,r.-6.1.0,r.-6.1.0,r.-6.1.0,r.-6.1.0,r.-6.1.0,,r.-6.1.0,,,,,,,,,,,
52,,r.-6.1.0,r.-6.1.0,r.-6.1.0,r.-6.1.0,r.-6.1.0,r.-6.1.0,r.-6.1.0,r.-6.1.0,r.-6.1.0,r.-6.1.0,r.-6.1.0,r.-6.1.0,r.-6.1.0,r.-6.1.0,r.-6.1.0,r.-6.1.0,r.-6.1.0,r.-6.1.0,r.-6.1.0,r.-6.1.0,r.-6.1.0,r.-6.1.0,r.-6.1.0,r.-6.1.0,r.-6.1.0,r.-6.1.0,r.-6.1.0,r.-6.1.0,r.-6.1.0,r.-6.1.0,r.-6.1.0,r.-6.1.0,r.-6.1.0,r.-6.1.0,r.-6.1.0,r.-6.1.0,,r.-6.1.0,,,,,,,,,,,
53,,r.-6.1.0,r.-6.1.0,r.-6.1.0,r.-6.1.0,r.-6.1.0,r.-6.1.0,r.-6.1.0,r.-6.1.0,r.-6.1.0,r.-6.1.0,r.-6.1.0,r.-6.1.0,r.-6.1.0,r.-6.1.0,r.-6.1.0,r.-6.1.0,r.-6.1.0,r.-6.1.0,r.-6.1.0,r.-6.1.0,r.-6.1.0,r.-6.1.0,r.-6.1.0,r.-6.1.0,r.-6.1.0,r.-6.1.0,r.-6.1.0,r.-6.1.0,r.-6.1.0,r.-6.1.0,r.-6.1.0,r.-6.1.0,r.-6.1.0,r.-6.1.0,r.-6.1.0,r.-6.1.0,,r.-6.1.0,,,,,,,,,,,
54,,r.-6.1.0,r.-6.1.0,r.-6.1.0,r.-6.1.0,r.-6.1.0,r.-6.1.0,r.-6.1.0,r.-6.1.0,r.-6.1.0,r.-6.1.0,r.-6.1.0,r.-6.1.0,r.-6.1.0,r.-6.1.0,r.-6.1.0,r.-6.1.0,r.-6.1.0,r.-6.1.0,r.-6.1.0,r.-6.1.0,r.-6.1.0,r.-6.1.0,r.-6.1.0,r.-6.1.0,r.-6.1.0,r.-6.1.0,r.-6.1.0,r.-6.1.0,r.-6.1.0,r.-6.1.0,r.-6.1.0,r.-6.1.0,r.-6.1.0,r.-6.1.0,r.-6.1.0,r.-6.1.0,,r.-6.1.0,,,,,,,,,,,
55,,r.-6.1.0,r.-6.1.0,r.-6.1.0,r.-6.1.0,r.-6.1.0,r.-6.1.0,r.-6.1.0,r.-6.1.0,r.-6.1.0,r.-6.1.0,r.-6.1.0,r.-6.1.0,r.-6.1.0,r.-6.1.0,r.-6.1.0,r.-6.1.0,r.-6.1.0,r.-6.1.0,r.-6.1.0,r.-6.1.0,r.-6.1.0,r.-6.1.0,r.-6.1.0,r.-6.1.0,r.-6.1.0,r.-6.1.0,r.-6.1.0,r.-6.1.0,r.-6.1.0,r.-6.1.0,r.-6.1.0,r.-6.1.0,r.-6.1.0,r.-6.1.0,r.-6.1.0,r.-6.1.0,,r.-6.1.0,,,,,,,,,,,
56,,r.-6.1.0,r.-6.1.0,r.-6.1.0,r.-6.1.0,r.-6.1.0,r.-6.1.0,r.-6.1.0,r.-6.1.0,r.-6.1.0,r.-6.1.0,r.-6.1.0,r.-6.1.0,r.-6.1.0,r.-6.1.0,r.-6.1.0,r.-6.1.0,r.-6.1.0,r.-6.1.0,r.-6.1.0,r.-6.1.0,r.-6.1.0,r.-6.1.0,r.-6.1.0,r.-6.1.0,r.-6.1.0,r.-6.1.0,r.-6.1.0,r.-6.1.0,r.-6.1.0,r.-6.1.0,r.-6.1.0,r.-6.1.0,r.-6.1.0,r.-6.1.0,r.-6.1.0,r.-6.1.0,,r.-6.1.0,,,,,,,,,,,
57,,r.-6.1.0,r.-6.1.0,r.-6.1.0,r.-6.1.0,r.-6.1.0,r.-6.1.0,r.-6.1.0,r.-6.1.0,r.-6.1.0,r.-6.1.0,r.-6.1.0,r.-6.1.0,r.-6.1.0,r.-6.1.0,r.-6.1.0,r.-6.1.0,r.-6.1.0,r.-6.1.0,r.-6.1.0,r.-6.1.0,r.-6.1.0,r.-6.1.0,r.-6.1.0,r.-6.1.0,r.-6.1.0,r.-6.1.0,r.-6.1.0,r.-6.1.0,r.-6.1.0,r.-6.1.0,r.-6.1.0,r.-6.1.0,r.-6.1.0,r.-6.1.0,r.-6.1.0,r.-6.1.0,,r.-6.1.0,,,,,,,,,,,
58,,r.-6.1.0,r.-6.1.0,r.-6.1.0,r.-6.1.0,r.-6.1.0,r.-6.1.0,r.-6.1.0,r.-6.1.0,r.-6.1.0,r.-6.1.0,r.-6.1.0,r.-6.1.0,r.-6.1.0,r.-6.1.0,r.-6.1.0,r.-6.1.0,r.-6.1.0,r.-6.1.0,r.-6.1.0,r.-6.1.0,r.-6.1.0,r.-6.1.0,r.-6.1.0,r.-6.1.0,r.-6.1.0,r.-6.1.0,r.-6.1.0,r.-6.1.0,r.-6.1.0,r.-6.1.0,r.-6.1.0,r.-6.1.0,r.-6.1.0,r.-6.1.0,r.-6.1.0,r.-6.1.0,,r.-6.1.0,,,,,,,,,,,
59,,r.-6.1.0,r.-6.1.0,r.-6.1.0,r.-6.1.0,r.-6.1.0,r.-6.1.0,r.-6.1.0,r.-6.1.0,r.-6.1.0,r.-6.1.0,r.-6.1.0,r.-6.1.0,r.-6.1.0,r.-6.1.0,r.-6.1.0,r.-6.1.0,r.-6.1.0,r.-6.1.0,r.-6.1.0,r.-6.1.0,r.-6.1.0,r.-6.1.0,r.-6.1.0,r.-6.1.0,r.-6.1.0,r.-6.1.0,r.-6.1.0,r.-6.1.0,r.-6.1.0,r.-6.1.0,r.-6.1.0,r.-6.1.0,r.-6.1.0,r.-6.1.0,r.-6.1.0,r.-6.1.0,,r.-6.1.0,,,,,,,,,,,
60,,r.-6.1.0,r.-6.1.0,r.-6.1.0,r.-6.1.0,r.-6.1.0,r.-6.1.0,r.-6.1.0,r.-6.1.0,r.-6.1.0,r.-6.1.0,r.-6.1.0,r.-6.1.0,r.-6.1.0,r.-6.1.0,r.-6.1.0,r.-6.1.0,r.-6.1.0,r.-6.1.0,r.-6.1.0,r.-6.1.0,r.-6.1.0,r.-6.1.0,r.-6.1.0,r.-6.1.0,r.-6.1.0,r.-6.1.0,r.-6.1.0,r.-6.1.0,r.-6.1.0,r.-6.1.0,r.-6.1.0,r.-6.1.0,r.-6.1.0,r.-6.1.0,r.-6.1.0,r.-6.1.0,,r.-6.1.0,,,,,,,,,,,
61,,r.-6.1.0,r.-6.1.0,r.-6.1.0,r.-6.1.0,r.-6.1.0,r.-6.1.0,r.-6.1.0,r.-6.1.0,r.-6.1.0,r.-6.1.0,r.-6.1.0,r.-6.1.0,r.-6.1.0,r.-6.1.0,r.-6.1.0,r.-6.1.0,r.-6.1.0,r.-6.1.0,r.-6.1.0,r.-6.1.0,r.-6.1.0,r.-6.1.0,r.-6.1.0,r.-6.1.0,r.-6.1.0,r.-6.1.0,r.-6.1.0,r.-6.1.0,r.-6.1.0,r.-6.1.0,r.-6.1.0,r.-6.1.0,r.-6.1.0,r.-6.1.0,r.-6.1.0,r.-6.1.0,,r.-6.1.0,,,,,,,,,,,
62,,r.-6.1.0,r.-6.1.0,r.-6.1.0,r.-6.1.0,r.-6.1.0,r.-6.1.0,r.-6.1.0,r.-6.1.0,r.-6.1.0,r.-6.1.0,r.-6.1.0,r.-6.1.0,r.-6.1.0,r.-6.1.0,r.-6.1.0,r.-6.1.0,r.-6.1.0,r.-6.1.0,r.-6.1.0,r.-6.1.0,r.-6.1.0,r.-6.1.0,r.-6.1.0,r.-6.1.0,r.-6.1.0,r.-6.1.0,r.-6.1.0,r.-6.1.0,r.-6.1.0,r.-6.1.0,r.-6.1.0,r.-6.1.0,r.-6.1.0,r.-6.1.0,r.-6.1.0,r.-6.1.0,,r.-6.1.0,,,,,,,,,,,
63,,r.-6.1.0,r.-6.1.0,r.-6.1.0,r.-6.1.0,r.-6.1.0,r.-6.1.0,r.-6.1.0,r.-6.1.0,r.-6.1.0,r.-6.1.0,r.-6.1.0,r.-6.1.0,r.-6.1.0,r.-6.1.0,r.-6.1.0,r.-6.1.0,r.-6.1.0,r.-6.1.0,r.-6.1.0,r.-6.1.0,r.-6.1.0,r.-6.1.0,r.-6.1.0,r.-6.1.0,r.-6.1.0,r.-6.1.0,r.-6.1.0,r.-6.1.0,r.-6.1.0,r.-6.1.0,r.-6.1.0,r.-6.1.0,r.-6.1.0,r.-6.1.0,r.-6.1.0,r.-6.1.0,,r.-6.1.0,,,,,,,,,,,
64,,r.-6.1.0,r.-6.1.0,r.-6.1.0,r.-6.1.0,r.-6.1.0,r.-6.1.0,r.-6.1.0,r.-6.1.0,r.-6.1.0,r.-6.1.0,r.-6.1.0,r.-6.1.0,r.-6.1.0,r.-6.1.0,r.-6.1.0,r.-6.1.0,r.-6.1.0,r.-6.1.0,r.-6.1.0,r.-6.1.0,r.-6.1.0,r.-6.1.0,r.-6.1.0,r.-6.1.0,r.-6.1.0,r.-6.1.0,r.-6.1.0,r.-6.1.0,r.-6.1.0,r.-6.1.0,r.-6.1.0,r.-6.1.0,r.-6.1.0,r.-6.1.0,r.-6.1.0,r.-6.1.0,,r.-6.1.0,,,,,,,,,,,
65,,r.-6.1.0,r.-6.1.0,r.-6.1.0,r.-6.1.0,r.-6.1.0,r.-6.1.0,r.-6.1.0,r.-6.1.0,r.-6.1.0,r.-6.1.0,r.-6.1.0,r.-6.1.0,r.-6.1.0,r.-6.1.0,r.-6.1.0,r.-6.1.0,r.-6.1.0,r.-6.1.0,r.-6.1.0,r.-6.1.0,r.-6.1.0,r.-6.1.0,r.-6.1.0,r.-6.1.0,r.-6.1.0,r.-6.1.0,r.-6.1.0,r.-6.1.0,r.-6.1.0,r.-6.1.0,r.-6.1.0,r.-6.1.0,r.-6.1.0,r.-6.1.0,r.-6.1.0,r.-6.1.0,,r.-6.1.0,,,,,,,,,,,
66,,r.-6.1.0,r.-6.1.0,r.-6.1.0,r.-6.1.0,r.-6.1.0,r.-6.1.0,r.-6.1.0,r.-6.1.0,r.-6.1.0,r.-6.1.0,r.-6.1.0,r.-6.1.0,r.-6.1.0,r.-6.1.0,r.-6.1.0,r.-6.1.0,r.-6.1.0,r.-6.1.0,r.-6.1.0,r.-6.1.0,r.-6.1.0,r.-6.1.0,r.-6.1.0,r.-6.1.0,r.-6.1.0,r.-6.1.0,r.-6.1.0,r.-6.1.0,r.-6.1.0,r.-6.1.0,r.-6.1.0,r.-6.1.0,r.-6.1.0,r.-6.1.0,r.-6.1.0,r.-6.1.0,,r.-6.1.0,,,,,,,,,,,
67,,r.-6.1.0,r.-6.1.0,r.-6.1.0,r.-6.1.0,r.-6.1.0,r.-6.1.0,r.-6.1.0,r.-6.1.0,r.-6.1.0,r.-6.1.0,r.-6.1.0,r.-6.1.0,r.-6.1.0,r.-6.1.0,r.-6.1.0,r.-6.1.0,r.-6.1.0,r.-6.1.0,r.-6.1.0,r.-6.1.0,r.-6.1.0,r.-6.1.0,r.-6.1.0,r.-6.1.0,r.-6.1.0,r.-6.1.0,r.-6.1.0,r.-6.1.0,r.-6.1.0,r.-6.1.0,r.-6.1.0,r.-6.1.0,r.-6.1.0,r.-6.1.0,r.-6.1.0,r.-6.1.0,,r.-6.1.0,,,,,,,,,,,
68,,r.-6.1.0,r.-6.1.0,r.-6.1.0,r.-6.1.0,r.-6.1.0,r.-6.1.0,r.-6.1.0,r.-6.1.0,r.-6.1.0,r.-6.1.0,r.-6.1.0,r.-6.1.0,r.-6.1.0,r.-6.1.0,r.-6.1.0,r.-6.1.0,r.-6.1.0,r.-6.1.0,r.-6.1.0,r.-6.1.0,r.-6.1.0,r.-6.1.0,r.-6.1.0,r.-6.1.0,r.-6.1.0,r.-6.1.0,r.-6.1.0,r.-6.1.0,r.-6.1.0,r.-6.1.0,r.-6.1.0,r.-6.1.0,r.-6.1.0,r.-6.1.0,r.-6.1.0,r.-6.1.0,,r.-6.1.0,,,,,,,,,,,
69,,r.-6.1.0,r.-6.1.0,r.-6.1.0,r.-6.1.0,r.-6.1.0,r.-6.1.0,r.-6.1.0,r.-6.1.0,r.-6.1.0,r.-6.1.0,r.-6.1.0,r.-6.1.0,r.-6.1.0,r.-6.1.0,r.-6.1.0,r.-6.1.0,r.-6.1.0,r.-6.1.0,r.-6.1.0,r.-6.1.0,r.-6.1.0,r.-6.1.0,r.-6.1.0,r.-6.1.0,r.-6.1.0,r.-6.1.0,r.-6.1.0,r.-6.1.0,r.-6.1.0,r.-6.1.0,r.-6.1.0,r.-6.1.0,r.-6.1.0,r.-6.1.0,r.-6.1.0,r.-6.1.0,,r.-6.1.0,,,,,,,,,,,
70,,r.-6.1.0,r.-6.1.0,r.-6.1.0,r.-6.1.0,r.-6.1.0,r.-6.1.0,r.-6.1.0,r.-6.1.0,r.-6.1.0,r.-6.1.0,r.-6.1.0,r.-6.1.0,r.-6.1.0,r.-6.1.0,r.-6.1.0,r.-6.1.0,r.-6.1.0,r.-6.1.0,r.-6.1.0,r.-6.1.0,r.-6.1.0,r.-6.1.0,r.-6.1.0,r.-6.1.0,r.-6.1.0,r.-6.1.0,r.-6.1.0,r.-6.1.0,r.-6.1.0,r.-6.1.0,r.-6.1.0,r.-6.1.0,r.-6.1.0,r.-6.1.0,r.-6.1.0,r.-6.1.0,,r.-6.1.0,,,,,,,,,,,
71,,r.-6.1.0,r.-6.1.0,r.-6.1.0,r.-6.1.0,r.-6.1.0,r.-6.1.0,r.-6.1.0,r.-6.1.0,r.-6.1.0,r.-6.1.0,r.-6.1.0,r.-6.1.0,r.-6.1.0,r.-6.1.0,r.-6.1.0,r.-6.1.0,r.-6.1.0,r.-6.1.0,r.-6.1.0,r.-6.1.0,r.-6.1.0,r.-6.1.0,r.-6.1.0,r.-6.1.0,r.-6.1.0,r.-6.1.0,r.-6.1.0,r.-6.1.0,r.-6.1.0,r.-6.1.0,r.-6.1.0,r.-6.1.0,r.-6.1.0,r.-6.1.0,r.-6.1.0,r.-6.1.0,,r.-6.1.0,,,,,,,,,,,
72,,r.-6.1.0,r.-6.1.0,r.-6.1.0,r.-6.1.0,r.-6.1.0,r.-6.1.0,r.-6.1.0,r.-6.1.0,r.-6.1.0,r.-6.1.0,r.-6.1.0,r.-6.1.0,r.-6.1.0,r.-6.1.0,r.-6.1.0,r.-6.1.0,r.-6.1.0,r.-6.1.0,r.-6.1.0,r.-6.1.0,r.-6.1.0,r.-6.1.0,r.-6.1.0,r.-6.1.0,r.-6.1.0,r.-6.1.0,r.-6.1.0,r.-6.1.0,r.-6.1.0,r.-6.1.0,r.-6.1.0,r.-6.1.0,r.-6.1.0,r.-6.1.0,r.-6.1.0,r.-6.1.0,,r.-6.1.0,,,,,,,,,,,
73,,p.162,p.47,p.48,p.49,p.50,p.51,p.52,p.53,p.54,p.55,p.56,p.57,p.58,p.59,p.60,p.61,p.62,p.63,p.64,p.65,p.66,p.67,p.68,p.69,p.70,p.71,p.72,,,,,,,,,,p.73,,,p.163,,,p.75,,p.76,p.164,,,
74,,p.93,,,,,,,,,,,,,,,,,,,,,,,,,,,,,,,,,,,,,p.94,,,,,,,,,p.95,,p.96
75,,r.-1.1.0,,,,,,,,,,,,,,,,,,,,,,,,,,,,,,,,,,,,,r.-1.1.0,,,,,,,,,,,
76,,r.-4.1.3/r.-3.0.2/r.-5.0.2,p.47,p.48,p.49,p.50,p.51,p.52,p.53,p.54,p.55,p.56,p.57,p.58,p.59,p.60,p.61,p.62,p.63,p.64,p.65,p.66,p.67,p.68,p.69,p.70,p.71,p.72,p.78,p.79,p.80,p.81,p.82,p.83,p.84,p.85,p.86,,r.-5.0.2/r.-4.1.3/r.-3.0.2,,,,p.87,,p.88,p.89,,,p.90,
77,,,,,,,,,,,,,,,,,,,,,,,,,,,,,,,,,,,,,,,,r.-1.2.0,,,,,,,,,,
78,,r.-9.1.0,r.-9.1.0,r.-9.1.0,r.-9.1.0,r.-9.1.0,r.-9.1.0,r.-9.1.0,r.-9.1.0,r.-9.1.0,r.-9.1.0,r.-9.1.0,r.-9.1.0,r.-9.1.0,r.-9.1.0,r.-9.1.0,r.-9.1.0,r.-9.1.0,r.-9.1.0,r.-9.1.0,r.-9.1.0,r.-9.1.0,r.-9.1.0,r.-9.1.0,r.-9.1.0,r.-9.1.0,r.-9.1.0,r.-9.1.0,r.-9.1.0,r.-9.1.0,r.-9.1.0,r.-9.1.0,r.-9.1.0,r.-9.1.0,r.-9.1.0,r.-9.1.0,r.-9.1.0,,r.-9.1.0,,,,,,,,,,,
79,,r.-9.1.0,r.-9.1.0,r.-9.1.0,r.-9.1.0,r.-9.1.0,r.-9.1.0,r.-9.1.0,r.-9.1.0,r.-9.1.0,r.-9.1.0,r.-9.1.0,r.-9.1.0,r.-9.1.0,r.-9.1.0,r.-9.1.0,r.-9.1.0,r.-9.1.0,r.-9.1.0,r.-9.1.0,r.-9.1.0,r.-9.1.0,r.-9.1.0,r.-9.1.0,r.-9.1.0,r.-9.1.0,r.-9.1.0,r.-9.1.0,r.-9.1.0,r.-9.1.0,r.-9.1.0,r.-9.1.0,r.-9.1.0,r.-9.1.0,r.-9.1.0,r.-9.1.0,r.-9.1.0,,r.-9.1.0,,,,,,,,,,,
80,,r.-9.1.0,r.-9.1.0,r.-9.1.0,r.-9.1.0,r.-9.1.0,r.-9.1.0,r.-9.1.0,r.-9.1.0,r.-9.1.0,r.-9.1.0,r.-9.1.0,r.-9.1.0,r.-9.1.0,r.-9.1.0,r.-9.1.0,r.-9.1.0,r.-9.1.0,r.-9.1.0,r.-9.1.0,r.-9.1.0,r.-9.1.0,r.-9.1.0,r.-9.1.0,r.-9.1.0,r.-9.1.0,r.-9.1.0,r.-9.1.0,r.-9.1.0,r.-9.1.0,r.-9.1.0,r.-9.1.0,r.-9.1.0,r.-9.1.0,r.-9.1.0,r.-9.1.0,r.-9.1.0,,r.-9.1.0,,,,,,,,,,,
81,,r.-9.1.0,r.-9.1.0,r.-9.1.0,r.-9.1.0,r.-9.1.0,r.-9.1.0,r.-9.1.0,r.-9.1.0,r.-9.1.0,r.-9.1.0,r.-9.1.0,r.-9.1.0,r.-9.1.0,r.-9.1.0,r.-9.1.0,r.-9.1.0,r.-9.1.0,r.-9.1.0,r.-9.1.0,r.-9.1.0,r.-9.1.0,r.-9.1.0,r.-9.1.0,r.-9.1.0,r.-9.1.0,r.-9.1.0,r.-9.1.0,r.-9.1.0,r.-9.1.0,r.-9.1.0,r.-9.1.0,r.-9.1.0,r.-9.1.0,r.-9.1.0,r.-9.1.0,r.-9.1.0,,r.-9.1.0,,,,,,,,,,,
82,,r.-9.1.0,r.-9.1.0,r.-9.1.0,r.-9.1.0,r.-9.1.0,r.-9.1.0,r.-9.1.0,r.-9.1.0,r.-9.1.0,r.-9.1.0,r.-9.1.0,r.-9.1.0,r.-9.1.0,r.-9.1.0,r.-9.1.0,r.-9.1.0,r.-9.1.0,r.-9.1.0,r.-9.1.0,r.-9.1.0,r.-9.1.0,r.-9.1.0,r.-9.1.0,r.-9.1.0,r.-9.1.0,r.-9.1.0,r.-9.1.0,r.-9.1.0,r.-9.1.0,r.-9.1.0,r.-9.1.0,r.-9.1.0,r.-9.1.0,r.-9.1.0,r.-9.1.0,r.-9.1.0,,r.-9.1.0,,,,,,,,,,,
83,,r.-9.1.0,r.-9.1.0,r.-9.1.0,r.-9.1.0,r.-9.1.0,r.-9.1.0,r.-9.1.0,r.-9.1.0,r.-9.1.0,r.-9.1.0,r.-9.1.0,r.-9.1.0,r.-9.1.0,r.-9.1.0,r.-9.1.0,r.-9.1.0,r.-9.1.0,r.-9.1.0,r.-9.1.0,r.-9.1.0,r.-9.1.0,r.-9.1.0,r.-9.1.0,r.-9.1.0,r.-9.1.0,r.-9.1.0,r.-9.1.0,r.-9.1.0,r.-9.1.0,r.-9.1.0,r.-9.1.0,r.-9.1.0,r.-9.1.0,r.-9.1.0,r.-9.1.0,r.-9.1.0,,r.-9.1.0,,,,,,,,,,,
84,,r.-9.1.0,r.-9.1.0,r.-9.1.0,r.-9.1.0,r.-9.1.0,r.-9.1.0,r.-9.1.0,r.-9.1.0,r.-9.1.0,r.-9.1.0,r.-9.1.0,r.-9.1.0,r.-9.1.0,r.-9.1.0,r.-9.1.0,r.-9.1.0,r.-9.1.0,r.-9.1.0,r.-9.1.0,r.-9.1.0,r.-9.1.0,r.-9.1.0,r.-9.1.0,r.-9.1.0,r.-9.1.0,r.-9.1.0,r.-9.1.0,r.-9.1.0,r.-9.1.0,r.-9.1.0,r.-9.1.0,r.-9.1.0,r.-9.1.0,r.-9.1.0,r.-9.1.0,r.-9.1.0,,r.-9.1.0,,,,,,,,,,,
85,,r.-9.1.0,r.-9.1.0,r.-9.1.0,r.-9.1.0,r.-9.1.0,r.-9.1.0,r.-9.1.0,r.-9.1.0,r.-9.1.0,r.-9.1.0,r.-9.1.0,r.-9.1.0,r.-9.1.0,r.-9.1.0,r.-9.1.0,r.-9.1.0,r.-9.1.0,r.-9.1.0,r.-9.1.0,r.-9.1.0,r.-9.1.0,r.-9.1.0,r.-9.1.0,r.-9.1.0,r.-9.1.0,r.-9.1.0,r.-9.1.0,r.-9.1.0,r.-9.1.0,r.-9.1.0,r.-9.1.0,r.-9.1.0,r.-9.1.0,r.-9.1.0,r.-9.1.0,r.-9.1.0,,r.-9.1.0,,,,,,,,,,,
86,,r.-9.1.0,r.-9.1.0,r.-9.1.0,r.-9.1.0,r.-9.1.0,r.-9.1.0,r.-9.1.0,r.-9.1.0,r.-9.1.0,r.-9.1.0,r.-9.1.0,r.-9.1.0,r.-9.1.0,r.-9.1.0,r.-9.1.0,r.-9.1.0,r.-9.1.0,r.-9.1.0,r.-9.1.0,r.-9.1.0,r.-9.1.0,r.-9.1.0,r.-9.1.0,r.-9.1.0,r.-9.1.0,r.-9.1.0,r.-9.1.0,r.-9.1.0,r.-9.1.0,r.-9.1.0,r.-9.1.0,r.-9.1.0,r.-9.1.0,r.-9.1.0,r.-9.1.0,r.-9.1.0,,r.-9.1.0,,,,,,,,,,,
87,,r.-4.2.0,,,,,,,,,,,,,,,,,,,,,,,,,,,,,,,,,,,,,r.-4.2.0,,,,,,,,,,,
88,,r.-3.1.0,,,,,,,,,,,,,,,,,,,,,,,,,,,,,,,,,,,,,r.-3.1.0,,,,,,,,,,,
89,,r.-3.1.3/r.-3.0.2/r.-5.0.2,p.47,p.48,p.49,p.50,p.51,p.52,p.53,p.54,p.55,p.56,p.57,p.58,p.59,p.60,p.61,p.62,p.63,p.64,p.65,p.66,p.67,p.68,p.69,p.70,p.71,p.72,p.78,p.79,p.80,p.81,p.82,p.83,p.84,p.85,p.86,,r.-5.0.2/r.-3.1.3/r.-3.0.2,,,,p.92,,p.88,p.89,,,p.90,
90,,r.-3.0.2/r.-3.1.3/r.-5.0.2,p.47,p.48,p.49,p.50,p.51,p.52,p.53,p.54,p.55,p.56,p.57,p.58,p.59,p.60,p.61,p.62,p.63,p.64,p.65,p.66,p.67,p.68,p.69,p.70,p.71,p.72,p.78,p.79,p.80,p.81,p.82,p.83,p.84,p.85,p.86,,r.-5.0.2/r.-3.0.2/r.-3.1.3,,,,p.91,,p.88,p.89,,,p.90,
91,,r.-3.2.0,,,,,,,,,,,,,,,,,,,,,,,,,,,,,,,,,,,,,r.-3.2.0,,,,,,,,,,,
92,,r.-3.2.0,,,,,,,,,,,,,,,,,,,,,,,,,,,,,,,,,,,,,r.-3.2.0,,,,,,,,,,,
93,,,,,,,,,,,,,,,,,,,,,,,,,,,,,,,,,,,,,,,,r.-8.1.0,,,,,,,,,,
94,r.-10.1.0,,r.-10.1.0,r.-10.1.0,r.-10.1.0,r.-10.1.0,r.-10.1.0,r.-10.1.0,r.-10.1.0,r.-10.1.0,r.-10.1.0,r.-10.1.0,r.-10.1.0,r.-10.1.0,r.-10.1.0,r.-10.1.0,r.-10.1.0,r.-10.1.0,r.-10.1.0,r.-10.1.0,r.-10.1.0,r.-10.1.0,r.-10.1.0,r.-10.1.0,r.-10.1.0,r.-10.1.0,r.-10.1.0,r.-10.1.0,,,,,,,,,,r.-10.1.0,,,,,,,,,,,,
95,,,,,,,,,,,,,,,,,,,,,,,,,,,,,,,,,,,,,,,,r.-7.2.0,,,,,,,,,,
96,p.97,,p.47,p.48,p.49,p.50,p.51,p.52,p.53,p.54,p.55,p.56,p.57,p.58,p.59,p.60,p.61,p.62,p.63,p.64,p.65,p.66,p.67,p.68,p.69,p.70,p.71,p.72,,,,,,,,,,p.73,,,p.98,p.99,,p.75,,p.76,,,,
97,,,,,,,,,,,,,,,,,,,,,,,,,,,,,,,,,,,,,,,p.101,,,,,,,,,,,p.102
98,,p.93,,,,,,,,,,,,,,,,,,,,,,,,,,,,,,,,,,,,,p.94,,,,,,,,,p.100,,p.96
99,,,,,,,,,,,,,,,,,,,,,,,,,,,,,,,,,,,,,,,,r.-8.2.0,,,,,,,,,,
100,,,,,,,,,,,,,,,,,,,,,,,,,,,,,,,,,,,,,,,,r.-2.2.0,,,,,,,,,,
101,,,r.-10.1.0,r.-10.1.0,r.-10.1.0,r.-10.1.0,r.-10.1.0,r.-10.1.0,r.-10.1.0,r.-10.1.0,r.-10.1.0,r.-10.1.0,r.-10.1.0,r.-10.1.0,r.-10.1.0,r.-10.1.0,r.-10.1.0,r.-10.1.0,r.-10.1.0,r.-10.1.0,r.-10.1.0,r.-10.1.0,r.-10.1.0,r.-10.1.0,r.-10.1.0,r.-10.1.0,r.-10.1.0,r.-10.1.0,,,,,,,,,,r.-10.1.0,,,,,,,,,,,,
102,,,p.103,p.104,p.105,p.106,p.107,p.108,p.109,p.110,p.111,p.112,p.113,p.114,p.115,p.116,p.117,p.118,p.119,p.120,p.121,p.122,p.123,p.124,p.125,p.126,p.127,p.128,,,,,,,,,,p.129,,,p.130,,,p.131,,p.132,,,,
103,,r.-6.1.0,r.-6.1.0,r.-6.1.0,r.-6.1.0,r.-6.1.0,r.-6.1.0,r.-6.1.0,r.-6.1.0,r.-6.1.0,r.-6.1.0,r.-6.1.0,r.-6.1.0,r.-6.1.0,r.-6.1.0,r.-6.1.0,r.-6.1.0,r.-6.1.0,r.-6.1.0,r.-6.1.0,r.-6.1.0,r.-6.1.0,r.-6.1.0,r.-6.1.0,r.-6.1.0,r.-6.1.0,r.-6.1.0,r.-6.1.0,r.-6.1.0,r.-6.1.0,r.-6.1.0,r.-6.1.0,r.-6.1.0,r.-6.1.0,r.-6.1.0,r.-6.1.0,r.-6.1.0,,,,,,,,,,,,,
104,,r.-6.1.0,r.-6.1.0,r.-6.1.0,r.-6.1.0,r.-6.1.0,r.-6.1.0,r.-6.1.0,r.-6.1.0,r.-6.1.0,r.-6.1.0,r.-6.1.0,r.-6.1.0,r.-6.1.0,r.-6.1.0,r.-6.1.0,r.-6.1.0,r.-6.1.0,r.-6.1.0,r.-6.1.0,r.-6.1.0,r.-6.1.0,r.-6.1.0,r.-6.1.0,r.-6.1.0,r.-6.1.0,r.-6.1.0,r.-6.1.0,r.-6.1.0,r.-6.1.0,r.-6.1.0,r.-6.1.0,r.-6.1.0,r.-6.1.0,r.-6.1.0,r.-6.1.0,r.-6.1.0,,,,,,,,,,,,,
105,,r.-6.1.0,r.-6.1.0,r.-6.1.0,r.-6.1.0,r.-6.1.0,r.-6.1.0,r.-6.1.0,r.-6.1.0,r.-6.1.0,r.-6.1.0,r.-6.1.0,r.-6.1.0,r.-6.1.0,r.-6.1.0,r.-6.1.0,r.-6.1.0,r.-6.1.0,r.-6.1.0,r.-6.1.0,r.-6.1.0,r.-6.1.0,r.-6.1.0,r.-6.1.0,r.-6.1.0,r.-6.1.0,r.-6.1.0,r.-6.1.0,r.-6.1.0,r.-6.1.0,r.-6.1.0,r.-6.1.0,r.-6.1.0,r.-6.1.0,r.-6.1.0,r.-6.1.0,r.-6.1.0,,,,,,,,,,,,,
106,,r.-6.1.0,r.-6.1.0,r.-6.1.0,r.-6.1.0,r.-6.1.0,r.-6.1.0,r.-6.1.0,r.-6.1.0,r.-6.1.0,r.-6.1.0,r.-6.1.0,r.-6.1.0,r.-6.1.0,r.-6.1.0,r.-6.1.0,r.-6.1.0,r.-6.1.0,r.-6.1.0,r.-6.1.0,r.-6.1.0,r.-6.1.0,r.-6.1.0,r.-6.1.0,r.-6.1.0,r.-6.1.0,r.-6.1.0,r.-6.1.0,r.-6.1.0,r.-6.1.0,r.-6.1.0,r.-6.1.0,r.-6.1.0,r.-6.1.0,r.-6.1.0,r.-6.1.0,r.-6.1.0,,,,,,,,,,,,,
107,,r.-6.1.0,r.-6.1.0,r.-6.1.0,r.-6.1.0,r.-6.1.0,r.-6.1.0,r.-6.1.0,r.-6.1.0,r.-6.1.0,r.-6.1.0,r.-6.1.0,r.-6.1.0,r.-6.1.0,r.-6.1.0,r.-6.1.0,r.-6.1.0,r.-6.1.0,r.-6.1.0,r.-6.1.0,r.-6.1.0,r.-6.1.0,r.-6.1.0,r.-6.1.0,r.-6.1.0,r.-6.1.0,r.-6.1.0,r.-6.1.0,r.-6.1.0,r.-6.1.0,r.-6.1.0,r.-6.1.0,r.-6.1.0,r.-6.1.0,r.-6.1.0,r.-6.1.0,r.-6.1.0,,,,,,,,,,,,,
108,,r.-6.1.0,r.-6.1.0,r.-6.1.0,r.-6.1.0,r.-6.1.0,r.-6.1.0,r.-6.1.0,r.-6.1.0,r.-6.1.0,r.-6.1.0,r.-6.1.0,r.-6.1.0,r.-6.1.0,r.-6.1.0,r.-6.1.0,r.-6.1.0,r.-6.1.0,r.-6.1.0,r.-6.1.0,r.-6.1.0,r.-6.1.0,r.-6.1.0,r.-6.1.0,r.-6.1.0,r.-6.1.0,r.-6.1.0,r.-6.1.0,r.-6.1.0,r.-6.1.0,r.-6.1.0,r.-6.1.0,r.-6.1.0,r.-6.1.0,r.-6.1.0,r.-6.1.0,r.-6.1.0,,,,,,,,,,,,,
109,,r.-6.1.0,r.-6.1.0,r.-6.1.0,r.-6.1.0,r.-6.1.0,r.-6.1.0,r.-6.1.0,r.-6.1.0,r.-6.1.0,r.-6.1.0,r.-6.1.0,r.-6.1.0,r.-6.1.0,r.-6.1.0,r.-6.1.0,r.-6.1.0,r.-6.1.0,r.-6.1.0,r.-6.1.0,r.-6.1.0,r.-6.1.0,r.-6.1.0,r.-6.1.0,r.-6.1.0,r.-6.1.0,r.-6.1.0,r.-6.1.0,r.-6.1.0,r.-6.1.0,r.-6.1.0,r.-6.1.0,r.-6.1.0,r.-6.1.0,r.-6.1.0,r.-6.1.0,r.-6.1.0,,,,,,,,,,,,,
110,,r.-6.1.0,r.-6.1.0,r.-6.1.0,r.-6.1.0,r.-6.1.0,r.-6.1.0,r.-6.1.0,r.-6.1.0,r.-6.1.0,r.-6.1.0,r.-6.1.0,r.-6.1.0,r.-6.1.0,r.-6.1.0,r.-6.1.0,r.-6.1.0,r.-6.1.0,r.-6.1.0,r.-6.1.0,r.-6.1.0,r.-6.1.0,r.-6.1.0,r.-6.1.0,r.-6.1.0,r.-6.1.0,r.-6.1.0,r.-6.1.0,r.-6.1.0,r.-6.1.0,r.-6.1.0,r.-6.1.0,r.-6.1.0,r.-6.1.0,r.-6.1.0,r.-6.1.0,r.-6.1.0,,,,,,,,,,,,,
111,,r.-6.1.0,r.-6.1.0,r.-6.1.0,r.-6.1.0,r.-6.1.0,r.-6.1.0,r.-6.1.0,r.-6.1.0,r.-6.1.0,r.-6.1.0,r.-6.1.0,r.-6.1.0,r.-6.1.0,r.-6.1.0,r.-6.1.0,r.-6.1.0,r.-6.1.0,r.-6.1.0,r.-6.1.0,r.-6.1.0,r.-6.1.0,r.-6.1.0,r.-6.1.0,r.-6.1.0,r.-6.1.0,r.-6.1.0,r.-6.1.0,r.-6.1.0,r.-6.1.0,r.-6.1.0,r.-6.1.0,r.-6.1.0,r.-6.1.0,r.-6.1.0,r.-6.1.0,r.-6.1.0,,,,,,,,,,,,,
112,,r.-6.1.0,r.-6.1.0,r.-6.1.0,r.-6.1.0,r.-6.1.0,r.-6.1.0,r.-6.1.0,r.-6.1.0,r.-6.1.0,r.-6.1.0,r.-6.1.0,r.-6.1.0,r.-6.1.0,r.-6.1.0,r.-6.1.0,r.-6.1.0,r.-6.1.0,r.-6.1.0,r.-6.1.0,r.-6.1.0,r.-6.1.0,r.-6.1.0,r.-6.1.0,r.-6.1.0,r.-6.1.0,r.-6.1.0,r.-6.1.0,r.-6.1.0,r.-6.1.0,r.-6.1.0,r.-6.1.0,r.-6.1.0,r.-6.1.0,r.-6.1.0,r.-6.1.0,r.-6.1.0,,,,,,,,,,,,,
113,,r.-6.1.0,r.-6.1.0,r.-6.1.0,r.-6.1.0,r.-6.1.0,r.-6.1.0,r.-6.1.0,r.-6.1.0,r.-6.1.0,r.-6.1.0,r.-6.1.0,r.-6.1.0,r.-6.1.0,r.-6.1.0,r.-6.1.0,r.-6.1.0,r.-6.1.0,r.-6.1.0,r.-6.1.0,r.-6.1.0,r.-6.1.0,r.-6.1.0,r.-6.1.0,r.-6.1.0,r.-6.1.0,r.-6.1.0,r.-6.1.0,r.-6.1.0,r.-6.1.0,r.-6.1.0,r.-6.1.0,r.-6.1.0,r.-6.1.0,r.-6.1.0,r.-6.1.0,r.-6.1.0,,,,,,,,,,,,,
114,,r.-6.1.0,r.-6.1.0,r.-6.1.0,r.-6.1.0,r.-6.1.0,r.-6.1.0,r.-6.1.0,r.-6.1.0,r.-6.1.0,r.-6.1.0,r.-6.1.0,r.-6.1.0,r.-6.1.0,r.-6.1.0,r.-6.1.0,r.-6.1.0,r.-6.1.0,r.-6.1.0,r.-6.1.0,r.-6.1.0,r.-6.1.0,r.-6.1.0,r.-6.1.0,r.-6.1.0,r.-6.1.0,r.-6.1.0,r.-6.1.0,r.-6.1.0,r.-6.1.0,r.-6.1.0,r.-6.1.0,r.-6.1.0,r.-6.1.0,r.-6.1.0,r.-6.1.0,r.-6.1.0,,,,,,,,,,,,,
115,,r.-6.1.0,r.-6.1.0,r.-6.1.0,r.-6.1.0,r.-6.1.0,r.-6.1.0,r.-6.1.0,r.-6.1.0,r.-6.1.0,r.-6.1.0,r.-6.1.0,r.-6.1.0,r.-6.1.0,r.-6.1.0,r.-6.1.0,r.-6.1.0,r.-6.1.0,r.-6.1.0,r.-6.1.0,r.-6.1.0,r.-6.1.0,r.-6.1.0,r.-6.1.0,r.-6.1.0,r.-6.1.0,r.-6.1.0,r.-6.1.0,r.-6.1.0,r.-6.1.0,r.-6.1.0,r.-6.1.0,r.-6.1.0,r.-6.1.0,r.-6.1.0,r.-6.1.0,r.-6.1.0,,,,,,,,,,,,,
116,,r.-6.1.0,r.-6.1.0,r.-6.1.0,r.-6.1.0,r.-6.1.0,r.-6.1.0,r.-6.1.0,r.-6.1.0,r.-6.1.0,r.-6.1.0,r.-6.1.0,r.-6.1.0,r.-6.1.0,r.-6.1.0,r.-6.1.0,r.-6.1.0,r.-6.1.0,r.-6.1.0,r.-6.1.0,r.-6.1.0,r.-6.1.0,r.-6.1.0,r.-6.1.0,r.-6.1.0,r.-6.1.0,r.-6.1.0,r.-6.1.0,r.-6.1.0,r.-6.1.0,r.-6.1.0,r.-6.1.0,r.-6.1.0,r.-6.1.0,r.-6.1.0,r.-6.1.0,r.-6.1.0,,,,,,,,,,,,,
117,,r.-6.1.0,r.-6.1.0,r.-6.1.0,r.-6.1.0,r.-6.1.0,r.-6.1.0,r.-6.1.0,r.-6.1.0,r.-6.1.0,r.-6.1.0,r.-6.1.0,r.-6.1.0,r.-6.1.0,r.-6.1.0,r.-6.1.0,r.-6.1.0,r.-6.1.0,r.-6.1.0,r.-6.1.0,r.-6.1.0,r.-6.1.0,r.-6.1.0,r.-6.1.0,r.-6.1.0,r.-6.1.0,r.-6.1.0,r.-6.1.0,r.-6.1.0,r.-6.1.0,r.-6.1.0,r.-6.1.0,r.-6.1.0,r.-6.1.0,r.-6.1.0,r.-6.1.0,r.-6.1.0,,,,,,,,,,,,,
118,,r.-6.1.0,r.-6.1.0,r.-6.1.0,r.-6.1.0,r.-6.1.0,r.-6.1.0,r.-6.1.0,r.-6.1.0,r.-6.1.0,r.-6.1.0,r.-6.1.0,r.-6.1.0,r.-6.1.0,r.-6.1.0,r.-6.1.0,r.-6.1.0,r.-6.1.0,r.-6.1.0,r.-6.1.0,r.-6.1.0,r.-6.1.0,r.-6.1.0,r.-6.1.0,r.-6.1.0,r.-6.1.0,r.-6.1.0,r.-6.1.0,r.-6.1.0,r.-6.1.0,r.-6.1.0,r.-6.1.0,r.-6.1.0,r.-6.1.0,r.-6.1.0,r.-6.1.0,r.-6.1.0,,,,,,,,,,,,,
119,,r.-6.1.0,r.-6.1.0,r.-6.1.0,r.-6.1.0,r.-6.1.0,r.-6.1.0,r.-6.1.0,r.-6.1.0,r.-6.1.0,r.-6.1.0,r.-6.1.0,r.-6.1.0,r.-6.1.0,r.-6.1.0,r.-6.1.0,r.-6.1.0,r.-6.1.0,r.-6.1.0,r.-6.1.0,r.-6.1.0,r.-6.1.0,r.-6.1.0,r.-6.1.0,r.-6.1.0,r.-6.1.0,r.-6.1.0,r.-6.1.0,r.-6.1.0,r.-6.1.0,r.-6.1.0,r.-6.1.0,r.-6.1.0,r.-6.1.0,r.-6.1.0,r.-6.1.0,r.-6.1.0,,,,,,,,,,,,,
120,,r.-6.1.0,r.-6.1.0,r.-6.1.0,r.-6.1.0,r.-6.1.0,r.-6.1.0,r.-6.1.0,r.-6.1.0,r.-6.1.0,r.-6.1.0,r.-6.1.0,r.-6.1.0,r.-6.1.0,r.-6.1.0,r.-6.1.0,r.-6.1.0,r.-6.1.0,r.-6.1.0,r.-6.1.0,r.-6.1.0,r.-6.1.0,r.-6.1.0,r.-6.1.0,r.-6.1.0,r.-6.1.0,r.-6.1.0,r.-6.1.0,r.-6.1.0,r.-6.1.0,r.-6.1.0,r.-6.1.0,r.-6.1.0,r.-6.1.0,r.-6.1.0,r.-6.1.0,r.-6.1.0,,,,,,,,,,,,,
121,,r.-6.1.0,r.-6.1.0,r.-6.1.0,r.-6.1.0,r.-6.1.0,r.-6.1.0,r.-6.1.0,r.-6.1.0,r.-6.1.0,r.-6.1.0,r.-6.1.0,r.-6.1.0,r.-6.1.0,r.-6.1.0,r.-6.1.0,r.-6.1.0,r.-6.1.0,r.-6.1.0,r.-6.1.0,r.-6.1.0,r.-6.1.0,r.-6.1.0,r.-6.1.0,r.-6.1.0,r.-6.1.0,r.-6.1.0,r.-6.1.0,r.-6.1.0,r.-6.1.0,r.-6.1.0,r.-6.1.0,r.-6.1.0,r.-6.1.0,r.-6.1.0,r.-6.1.0,r.-6.1.0,,,,,,,,,,,,,
122,,r.-6.1.0,r.-6.1.0,r.-6.1.0,r.-6.1.0,r.-6.1.0,r.-6.1.0,r.-6.1.0,r.-6.1.0,r.-6.1.0,r.-6.1.0,r.-6.1.0,r.-6.1.0,r.-6.1.0,r.-6.1.0,r.-6.1.0,r.-6.1.0,r.-6.1.0,r.-6.1.0,r.-6.1.0,r.-6.1.0,r.-6.1.0,r.-6.1.0,r.-6.1.0,r.-6.1.0,r.-6.1.0,r.-6.1.0,r.-6.1.0,r.-6.1.0,r.-6.1.0,r.-6.1.0,r.-6.1.0,r.-6.1.0,r.-6.1.0,r.-6.1.0,r.-6.1.0,r.-6.1.0,,,,,,,,,,,,,
123,,r.-6.1.0,r.-6.1.0,r.-6.1.0,r.-6.1.0,r.-6.1.0,r.-6.1.0,r.-6.1.0,r.-6.1.0,r.-6.1.0,r.-6.1.0,r.-6.1.0,r.-6.1.0,r.-6.1.0,r.-6.1.0,r.-6.1.0,r.-6.1.0,r.-6.1.0,r.-6.1.0,r.-6.1.0,r.-6.1.0,r.-6.1.0,r.-6.1.0,r.-6.1.0,r.-6.1.0,r.-6.1.0,r.-6.1.0,r.-6.1.0,r.-6.1.0,r.-6.1.0,r.-6.1.0,r.-6.1.0,r.-6.1.0,r.-6.1.0,r.-6.1.0,r.-6.1.0,r.-6.1.0,,,,,,,,,,,,,
124,,r.-6.1.0,r.-6.1.0,r.-6.1.0,r.-6.1.0,r.-6.1.0,r.-6.1.0,r.-6.1.0,r.-6.1.0,r.-6.1.0,r.-6.1.0,r.-6.1.0,r.-6.1.0,r.-6.1.0,r.-6.1.0,r.-6.1.0,r.-6.1.0,r.-6.1.0,r.-6.1.0,r.-6.1.0,r.-6.1.0,r.-6.1.0,r.-6.1.0,r.-6.1.0,r.-6.1.0,r.-6.1.0,r.-6.1.0,r.-6.1.0,r.-6.1.0,r.-6.1.0,r.-6.1.0,r.-6.1.0,r.-6.1.0,r.-6.1.0,r.-6.1.0,r.-6.1.0,r.-6.1.0,,,,,,,,,,,,,
125,,r.-6.1.0,r.-6.1.0,r.-6.1.0,r.-6.1.0,r.-6.1.0,r.-6.1.0,r.-6.1.0,r.-6.1.0,r.-6.1.0,r.-6.1.0,r.-6.1.0,r.-6.1.0,r.-6.1.0,r.-6.1.0,r.-6.1.0,r.-6.1.0,r.-6.1.0,r.-6.1.0,r.-6.1.0,r.-6.1.0,r.-6.1.0,r.-6.1.0,r.-6.1.0,r.-6.1.0,r.-6.1.0,r.-6.1.0,r.-6.1.0,r.-6.1.0,r.-6.1.0,r.-6.1.0,r.-6.1.0,r.-6.1.0,r.-6.1.0,r.-6.1.0,r.-6.1.0,r.-6.1.0,,,,,,,,,,,,,
126,,r.-6.1.0,r.-6.1.0,r.-6.1.0,r.-6.1.0,r.-6.1.0,r.-6.1.0,r.-6.1.0,r.-6.1.0,r.-6.1.0,r.-6.1.0,r.-6.1.0,r.-6.1.0,r.-6.1.0,r.-6.1.0,r.-6.1.0,r.-6.1.0,r.-6.1.0,r.-6.1.0,r.-6.1.0,r.-6.1.0,r.-6.1.0,r.-6.1.0,r.-6.1.0,r.-6.1.0,r.-6.1.0,r.-6.1.0,r.-6.1.0,r.-6.1.0,r.-6.1.0,r.-6.1.0,r.-6.1.0,r.-6.1.0,r.-6.1.0,r.-6.1.0,r.-6.1.0,r.-6.1.0,,,,,,,,,,,,,
127,,r.-6.1.0,r.-6.1.0,r.-6.1.0,r.-6.1.0,r.-6.1.0,r.-6.1.0,r.-6.1.0,r.-6.1.0,r.-6.1.0,r.-6.1.0,r.-6.1.0,r.-6.1.0,r.-6.1.0,r.-6.1.0,r.-6.1.0,r.-6.1.0,r.-6.1.0,r.-6.1.0,r.-6.1.0,r.-6.1.0,r.-6.1.0,r.-6.1.0,r.-6.1.0,r.-6.1.0,r.-6.1.0,r.-6.1.0,r.-6.1.0,r.-6.1.0,r.-6.1.0,r.-6.1.0,r.-6.1.0,r.-6.1.0,r.-6.1.0,r.-6.1.0,r.-6.1.0,r.-6.1.0,,,,,,,,,,,,,
128,,r.-6.1.0,r.-6.1.0,r.-6.1.0,r.-6.1.0,r.-6.1.0,r.-6.1.0,r.-6.1.0,r.-6.1.0,r.-6.1.0,r.-6.1.0,r.-6.1.0,r.-6.1.0,r.-6.1.0,r.-6.1.0,r.-6.1.0,r.-6.1.0,r.-6.1.0,r.-6.1.0,r.-6.1.0,r.-6.1.0,r.-6.1.0,r.-6.1.0,r.-6.1.0,r.-6.1.0,r.-6.1.0,r.-6.1.0,r.-6.1.0,r.-6.1.0,r.-6.1.0,r.-6.1.0,r.-6.1.0,r.-6.1.0,r.-6.1.0,r.-6.1.0,r.-6.1.0,r.-6.1.0,,,,,,,,,,,,,
129,,p.149,p.47,p.48,p.49,p.50,p.51,p.52,p.53,p.54,p.55,p.56,p.57,p.58,p.59,p.60,p.61,p.62,p.63,p.64,p.65,p.66,p.67,p.68,p.69,p.70,p.71,p.72,,,,,,,,,,p.73,,,p.150,,,p.75,,p.76,p.151,,,
130,,p.148,,,,,,,,,,,,,,,,,,,,,,,,,,,,,,,,,,,,,,,,,,,,,,,,
131,,r.-1.1.0,,,,,,,,,,,,,,,,,,,,,,,,,,,,,,,,,,,,,,,,,,,,,,,,
132,,r.-4.1.3/r.-3.0.2/r.-5.0.2,p.103,p.104,p.105,p.106,p.107,p.108,p.109,p.110,p.111,p.112,p.113,p.114,p.115,p.116,p.117,p.118,p.119,p.120,p.121,p.122,p.123,p.124,p.125,p.126,p.127,p.128,p.133,p.134,p.135,p.136,p.137,p.138,p.139,p.140,p.141,,,,,,p.142,,p.143,p.144,,,p.145,
133,,r.-9.1.0,r.-9.1.0,r.-9.1.0,r.-9.1.0,r.-9.1.0,r.-9.1.0,r.-9.1.0,r.-9.1.0,r.-9.1.0,r.-9.1.0,r.-9.1.0,r.-9.1.0,r.-9.1.0,r.-9.1.0,r.-9.1.0,r.-9.1.0,r.-9.1.0,r.-9.1.0,r.-9.1.0,r.-9.1.0,r.-9.1.0,r.-9.1.0,r.-9.1.0,r.-9.1.0,r.-9.1.0,r.-9.1.0,r.-9.1.0,r.-9.1.0,r.-9.1.0,r.-9.1.0,r.-9.1.0,r.-9.1.0,r.-9.1.0,r.-9.1.0,r.-9.1.0,r.-9.1.0,,,,,,,,,,,,,
134,,r.-9.1.0,r.-9.1.0,r.-9.1.0,r.-9.1.0,r.-9.1.0,r.-9.1.0,r.-9.1.0,r.-9.1.0,r.-9.1.0,r.-9.1.0,r.-9.1.0,r.-9.1.0,r.-9.1.0,r.-9.1.0,r.-9.1.0,r.-9.1.0,r.-9.1.0,r.-9.1.0,r.-9.1.0,r.-9.1.0,r.-9.1.0,r.-9.1.0,r.-9.1.0,r.-9.1.0,r.-9.1.0,r.-9.1.0,r.-9.1.0,r.-9.1.0,r.-9.1.0,r.-9.1.0,r.-9.1.0,r.-9.1.0,r.-9.1.0,r.-9.1.0,r.-9.1.0,r.-9.1.0,,,,,,,,,,,,,
135,,r.-9.1.0,r.-9.1.0,r.-9.1.0,r.-9.1.0,r.-9.1.0,r.-9.1.0,r.-9.1.0,r.-9.1.0,r.-9.1.0,r.-9.1.0,r.-9.1.0,r.-9.1.0,r.-9.1.0,r.-9.1.0,r.-9.1.0,r.-9.1.0,r.-9.1.0,r.-9.1.0,r.-9.1.0,r.-9.1.0,r.-9.1.0,r.-9.1.0,r.-9.1.0,r.-9.1.0,r.-9.1.0,r.-9.1.0,r.-9.1.0,r.-9.1.0,r.-9.1.0,r.-9.1.0,r.-9.1.0,r.-9.1.0,r.-9.1.0,r.-9.1.0,r.-9.1.0,r.-9.1.0,,,,,,,,,,,,,
136,,r.-9.1.0,r.-9.1.0,r.-9.1.0,r.-9.1.0,r.-9.1.0,r.-9.1.0,r.-9.1.0,r.-9.1.0,r.-9.1.0,r.-9.1.0,r.-9.1.0,r.-9.1.0,r.-9.1.0,r.-9.1.0,r.-9.1.0,r.-9.1.0,r.-9.1.0,r.-9.1.0,r.-9.1.0,r.-9.1.0,r.-9.1.0,r.-9.1.0,r.-9.1.0,r.-9.1.0,r.-9.1.0,r.-9.1.0,r.-9.1.0,r.-9.1.0,r.-9.1.0,r.-9.1.0,r.-9.1.0,r.-9.1.0,r.-9.1.0,r.-9.1.0,r.-9.1.0,r.-9.1.0,,,,,,,,,,,,,
137,,r.-9.1.0,r.-9.1.0,r.-9.1.0,r.-9.1.0,r.-9.1.0,r.-9.1.0,r.-9.1.0,r.-9.1.0,r.-9.1.0,r.-9.1.0,r.-9.1.0,r.-9.1.0,r.-9.1.0,r.-9.1.0,r.-9.1.0,r.-9.1.0,r.-9.1.0,r.-9.1.0,r.-9.1.0,r.-9.1.0,r.-9.1.0,r.-9.1.0,r.-9.1.0,r.-9.1.0,r.-9.1.0,r.-9.1.0,r.-9.1.0,r.-9.1.0,r.-9.1.0,r.-9.1.0,r.-9.1.0,r.-9.1.0,r.-9.1.0,r.-9.1.0,r.-9.1.0,r.-9.1.0,,,,,,,,,,,,,
138,,r.-9.1.0,r.-9.1.0,r.-9.1.0,r.-9.1.0,r.-9.1.0,r.-9.1.0,r.-9.1.0,r.-9.1.0,r.-9.1.0,r.-9.1.0,r.-9.1.0,r.-9.1.0,r.-9.1.0,r.-9.1.0,r.-9.1.0,r.-9.1.0,r.-9.1.0,r.-9.1.0,r.-9.1.0,r.-9.1.0,r.-9.1.0,r.-9.1.0,r.-9.1.0,r.-9.1.0,r.-9.1.0,r.-9.1.0,r.-9.1.0,r.-9.1.0,r.-9.1.0,r.-9.1.0,r.-9.1.0,r.-9.1.0,r.-9.1.0,r.-9.1.0,r.-9.1.0,r.-9.1.0,,,,,,,,,,,,,
139,,r.-9.1.0,r.-9.1.0,r.-9.1.0,r.-9.1.0,r.-9.1.0,r.-9.1.0,r.-9.1.0,r.-9.1.0,r.-9.1.0,r.-9.1.0,r.-9.1.0,r.-9.1.0,r.-9.1.0,r.-9.1.0,r.-9.1.0,r.-9.1.0,r.-9.1.0,r.-9.1.0,r.-9.1.0,r.-9.1.0,r.-9.1.0,r.-9.1.0,r.-9.1.0,r.-9.1.0,r.-9.1.0,r.-9.1.0,r.-9.1.0,r.-9.1.0,r.-9.1.0,r.-9.1.0,r.-9.1.0,r.-9.1.0,r.-9.1.0,r.-9.1.0,r.-9.1.0,r.-9.1.0,,,,,,,,,,,,,
140,,r.-9.1.0,r.-9.1.0,r.-9.1.0,r.-9.1.0,r.-9.1.0,r.-9.1.0,r.-9.1.0,r.-9.1.0,r.-9.1.0,r.-9.1.0,r.-9.1.0,r.-9.1.0,r.-9.1.0,r.-9.1.0,r.-9.1.0,r.-9.1.0,r.-9.1.0,r.-9.1.0,r.-9.1.0,r.-9.1.0,r.-9.1.0,r.-9.1.0,r.-9.1.0,r.-9.1.0,r.-9.1.0,r.-9.1.0,r.-9.1.0,r.-9.1.0,r.-9.1.0,r.-9.1.0,r.-9.1.0,r.-9.1.0,r.-9.1.0,r.-9.1.0,r.-9.1.0,r.-9.1.0,,,,,,,,,,,,,
141,,r.-9.1.0,r.-9.1.0,r.-9.1.0,r.-9.1.0,r.-9.1.0,r.-9.1.0,r.-9.1.0,r.-9.1.0,r.-9.1.0,r.-9.1.0,r.-9.1.0,r.-9.1.0,r.-9.1.0,r.-9.1.0,r.-9.1.0,r.-9.1.0,r.-9.1.0,r.-9.1.0,r.-9.1.0,r.-9.1.0,r.-9.1.0,r.-9.1.0,r.-9.1.0,r.-9.1.0,r.-9.1.0,r.-9.1.0,r.-9.1.0,r.-9.1.0,r.-9.1.0,r.-9.1.0,r.-9.1.0,r.-9.1.0,r.-9.1.0,r.-9.1.0,r.-9.1.0,r.-9.1.0,,,,,,,,,,,,,
142,,r.-4.2.0,,,,,,,,,,,,,,,,,,,,,,,,,,,,,,,,,,,,,,,,,,,,,,,,
143,,r.-3.1.0,,,,,,,,,,,,,,,,,,,,,,,,,,,,,,,,,,,,,,,,,,,,,,,,
144,,r.-3.1.3/r.-3.0.2/r.-5.0.2,p.103,p.104,p.105,p.106,p.107,p.108,p.109,p.110,p.111,p.112,p.113,p.114,p.115,p.116,p.117,p.118,p.119,p.120,p.121,p.122,p.123,p.124,p.125,p.126,p.127,p.128,p.133,p.134,p.135,p.136,p.137,p.138,p.139,p.140,p.141,,,,,,p.147,,p.143,p.144,,,p.145,
145,,r.-3.0.2/r.-3.1.3/r.-5.0.2,p.103,p.104,p.105,p.106,p.107,p.108,p.109,p.110,p.111,p.112,p.113,p.114,p.115,p.116,p.117,p.118,p.119,p.120,p.121,p.122,p.123,p.124,p.125,p.126,p.127,p.128,p.133,p.134,p.135,p.136,p.137,p.138,p.139,p.140,p.141,,,,,,p.146,,p.143,p.144,,,p.145,
146,,r.-3.2.0,,,,,,,,,,,,,,,,,,,,,,,,,,,,,,,,,,,,,,,,,,,,,,,,
147,,r.-3.2.0,,,,,,,,,,,,,,,,,,,,,,,,,,,,,,,,,,,,,,,,,,,,,,,,
148,,,,,,,,,,,,,,,,,,,,,,,,,,,,,,,,,,,,,,,,r.-2.4.0,,,,,,,,,,
149,,r.-7.1.0,,,,,,,,,,,,,,,,,,,,,,,,,,,,,,,,,,,,,,,,,,,,,,,,
150,,p.152,,,,,,,,,,,,,,,,,,,,,,,,,,,,,,,,,,,,,p.94,,,,,,,,,p.153,,p.154
151,,r.-1.2.0,,,,,,,,,,,,,,,,,,,,,,,,,,,,,,,,,,,,,,,,,,,,,,,,
152,,r.-8.1.0,,,,,,,,,,,,,,,,,,,,,,,,,,,,,,,,,,,,,,,,,,,,,,,,
153,,r.-7.2.0,,,,,,,,,,,,,,,,,,,,,,,,,,,,,,,,,,,,,,,,,,,,,,,,
154,p.155,,p.47,p.48,p.49,p.50,p.51,p.52,p.53,p.54,p.55,p.56,p.57,p.58,p.59,p.60,p.61,p.62,p.63,p.64,p.65,p.66,p.67,p.68,p.69,p.70,p.71,p.72,,,,,,,,,,p.73,,,p.156,p.157,,p.75,,p.76,,,,
155,,,,,,,,,,,,,,,,,,,,,,,,,,,,,,,,,,,,,,,p.101,,,,,,,,,,,p.159
156,,p.152,,,,,,,,,,,,,,,,,,,,,,,,,,,,,,,,,,,,,p.94,,,,,,,,,p.158,,p.154
157,,r.-8.2.0,,,,,,,,,,,,,,,,,,,,,,,,,,,,,,,,,,,,,,,,,,,,,,,,
158,,r.-2.2.0,,,,,,,,,,,,,,,,,,,,,,,,,,,,,,,,,,,,,,,,,,,,,,,,
159,,,p.103,p.104,p.105,p.106,p.107,p.108,p.109,p.110,p.111,p.112,p.113,p.114,p.115,p.116,p.117,p.118,p.119,p.120,p.121,p.122,p.123,p.124,p.125,p.126,p.127,p.128,,,,,,,,,,p.129,,,p.160,,,p.131,,p.132,,,,
160,,p.161,,,,,,,,,,,,,,,,,,,,,,,,,,,,,,,,,,,,,,,,,,,,,,,,
161,,r.-2.4.0,,,,,,,,,,,,,,,,,,,,,,,,,,,,,,,,,,,,,,,,,,,,,,,,
162,,r.-7.1.0,,,,,,,,,,,,,,,,,,,,,,,,,,,,,,,,,,,,,r.-7.1.0,,,,,,,,,,,
163,,p.165,,,,,,,,,,,,,,,,,,,,,,,,,,,,,,,,,,,,,p.94,,,,,,,,,p.166,,p.167
164,,r.-1.2.0,,,,,,,,,,,,,,,,,,,,,,,,,,,,,,,,,,,,,r.-1.2.0,,,,,,,,,,,
165,,r.-8.1.0,,,,,,,,,,,,,,,,,,,,,,,,,,,,,,,,,,,,,r.-8.1.0,,,,,,,,,,,
166,,r.-7.2.0,,,,,,,,,,,,,,,,,,,,,,,,,,,,,,,,,,,,,r.-7.2.0,,,,,,,,,,,
167,p.168,,p.47,p.48,p.49,p.50,p.51,p.52,p.53,p.54,p.55,p.56,p.57,p.58,p.59,p.60,p.61,p.62,p.63,p.64,p.65,p.66,p.67,p.68,p.69,p.70,p.71,p.72,,,,,,,,,,p.73,,,p.169,p.170,,p.75,,p.76,,,,
168,,,,,,,,,,,,,,,,,,,,,,,,,,,,,,,,,,,,,,,p.101,,,,,,,,,,,p.172
169,,p.165,,,,,,,,,,,,,,,,,,,,,,,,,,,,,,,,,,,,,p.94,,,,,,,,,p.171,,p.167
170,,r.-8.2.0,,,,,,,,,,,,,,,,,,,,,,,,,,,,,,,,,,,,,r.-8.2.0,,,,,,,,,,,
171,,r.-2.2.0,,,,,,,,,,,,,,,,,,,,,,,,,,,,,,,,,,,,,r.-2.2.0,,,,,,,,,,,
172,,,p.103,p.104,p.105,p.106,p.107,p.108,p.109,p.110,p.111,p.112,p.113,p.114,p.115,p.116,p.117,p.118,p.119,p.120,p.121,p.122,p.123,p.124,p.125,p.126,p.127,p.128,,,,,,,,,,p.129,,,p.173,,,p.131,,p.132,,,,
173,,p.174,,,,,,,,,,,,,,,,,,,,,,,,,,,,,,,,,,,,,,,,,,,,,,,,
174,,r.-2.4.0,,,,,,,,,,,,,,,,,,,,,,,,,,,,,,,,,,,,,r.-2.4.0,,,,,,,,,,,
