state,1,2,3,4,5,6,7,8,9,10,11,12,13,14,15,16,17,18,19,20,21,22,23,24,25,26,27,28,29,30,31,32,33,34,35,36,37,38,39,40,41,42,43,44,45,0,-1,-2,-3,-4,-5,-6,-7,-8,-9,-10,-11,-12,-13,-14,-15
0,p.1,p.2,p.3,p.4,p.5,p.6,p.7,p.8,p.9,p.10,p.11,p.12,p.13,p.14,p.15,,p.16,p.17,p.18,p.19,p.20,p.21,p.22,p.23,p.24,p.25,p.26,p.27,p.28,p.29,p.30,p.31,p.32,p.33,p.34,p.35,p.36,p.37,,p.38,p.39,,,,,,p.40,p.41,p.42,,p.43,p.44,p.45,p.46,p.47,p.48,,p.49,p.50,p.51,p.52
1,r.-2.1.0,r.-2.1.0,r.-2.1.0,r.-2.1.0,r.-2.1.0,r.-2.1.0,r.-2.1.0,r.-2.1.0,r.-2.1.0,r.-2.1.0,,,,,,,,,,,,,,,,,,,,,,,,,,,,,,r.-2.1.0,,,r.-2.1.0,r.-2.1.0,r.-2.1.0,,,,,,,,,,,,,,,,
2,r.-2.1.0,r.-2.1.0,r.-2.1.0,r.-2.1.0,r.-2.1.0,r.-2.1.0,r.-2.1.0,r.-2.1.0,r.-2.1.0,r.-2.1.0,,,,,,,,,,,,,,,,,,,,,,,,,,,,,,r.-2.1.0,,,r.-2.1.0,r.-2.1.0,r.-2.1.0,,,,,,,,,,,,,,,,
3,r.-2.1.0,r.-2.1.0,r.-2.1.0,r.-2.1.0,r.-2.1.0,r.-2.1.0,r.-2.1.0,r.-2.1.0,r.-2.1.0,r.-2.1.0,,,,,,,,,,,,,,,,,,,,,,,,,,,,,,r.-2.1.0,,,r.-2.1.0,r.-2.1.0,r.-2.1.0,,,,,,,,,,,,,,,,
4,r.-2.1.0,r.-2.1.0,r.-2.1.0,r.-2.1.0,r.-2.1.0,r.-2.1.0,r.-2.1.0,r.-2.1.0,r.-2.1.0,r.-2.1.0,,,,,,,,,,,,,,,,,,,,,,,,,,,,,,r.-2.1.0,,,r.-2.1.0,r.-2.1.0,r.-2.1.0,,,,,,,,,,,,,,,,
5,r.-2.1.0,r.-2.1.0,r.-2.1.0,r.-2.1.0,r.-2.1.0,r.-2.1.0,r.-2.1.0,r.-2.1.0,r.-2.1.0,r.-2.1.0,,,,,,,,,,,,,,,,,,,,,,,,,,,,,,r.-2.1.0,,,r.-2.1.0,r.-2.1.0,r.-2.1.0,,,,,,,,,,,,,,,,
6,r.-2.1.0,r.-2.1.0,r.-2.1.0,r.-2.1.0,r.-2.1.0,r.-2.1.0,r.-2.1.0,r.-2.1.0,r.-2.1.0,r.-2.1.0,,,,,,,,,,,,,,,,,,,,,,,,,,,,,,r.-2.1.0,,,r.-2.1.0,r.-2.1.0,r.-2.1.0,,,,,,,,,,,,,,,,
7,r.-2.1.0,r.-2.1.0,r.-2.1.0,r.-2.1.0,r.-2.1.0,r.-2.1.0,r.-2.1.0,r.-2.1.0,r.-2.1.0,r.-2.1.0,,,,,,,,,,,,,,,,,,,,,,,,,,,,,,r.-2.1.0,,,r.-2.1.0,r.-2.1.0,r.-2.1.0,,,,,,,,,,,,,,,,
8,r.-2.1.0,r.-2.1.0,r.-2.1.0,r.-2.1.0,r.-2.1.0,r.-2.1.0,r.-2.1.0,r.-2.1.0,r.-2.1.0,r.-2.1.0,,,,,,,,,,,,,,,,,,,,,,,,,,,,,,r.-2.1.0,,,r.-2.1.0,r.-2.1.0,r.-2.1.0,,,,,,,,,,,,,,,,
9,r.-2.1.0,r.-2.1.0,r.-2.1.0,r.-2.1.0,r.-2.1.0,r.-2.1.0,r.-2.1.0,r.-2.1.0,r.-2.1.0,r.-2.1.0,,,,,,,,,,,,,,,,,,,,,,,,,,,,,,r.-2.1.0,,,r.-2.1.0,r.-2.1.0,r.-2.1.0,,,,,,,,,,,,,,,,
10,r.-2.1.0,r.-2.1.0,r.-2.1.0,r.-2.1.0,r.-2.1.0,r.-2.1.0,r.-2.1.0,r.-2.1.0,r.-2.1.0,r.-2.1.0,,,,,,,,,,,,,,,,,,,,,,,,,,,,,,r.-2.1.0,,,r.-2.1.0,r.-2.1.0,r.-2.1.0,,,,,,,,,,,,,,,,
11,,,,,,,,,,,,p.381,,,,r.-6.1.0,,,,,,,,,,,,,,,,,,,,,,,,r.-6.1.0,,,r.-6.1.0,r.-6.1.0,r.-6.1.0,,,,,,,,,,,,,,,,
12,,,,,,,,,,,,,,,,r.-6.1.0,,,,,,,,,,,,,,,,,,,,,,,,r.-6.1.0,,,r.-6.1.0,r.-6.1.0,r.-6.1.0,,,,,,,,,,,,,,,,
13,,,,,,,,,,,,,,,,r.-6.1.0,,,,,,,,,,,,,,,,,,,,,,,,r.-6.1.0,,,r.-6.1.0,r.-6.1.0,r.-6.1.0,,,,,,,,,,,,,,,,
14,,,,,,,,,,,,,,,,r.-6.1.0,,,,,,,,,,,,,,,,,,,,,,,,r.-6.1.0,,,r.-6.1.0,r.-6.1.0,r.-6.1.0,,,,,,,,,,,,,,,,
15,,,,,,,,,,,,,,,,r.-6.1.0,,,,,,,,,,,,,,,,,,,,,,,,r.-6.1.0,,,r.-6.1.0,r.-6.1.0,r.-6.1.0,,,,,,,,,,,,,,,,
16,,,,,,,,,,,,,,,,r.-6.1.0,,,,,,,,,,,,,,,,,,,,,,,,r.-6.1.0,,,r.-6.1.0,r.-6.1.0,r.-6.1.0,,,,,,,,,,,,,,,,
17,,,,,,,,,,,,,,,,r.-6.1.0,,,,,,,,,,,,,,,,,,,,,,,,r.-6.1.0,,,r.-6.1.0,r.-6.1.0,r.-6.1.0,,,,,,,,,,,,,,,,
18,,,,,,,,,,,,,,,,r.-6.1.0,,,,,,,,,,,,,,,,,,,,,,,,r.-6.1.0,,,r.-6.1.0,r.-6.1.0,r.-6.1.0,,,,,,,,,,,,,,,,
19,,,,,,,,,,,,,,,,r.-6.1.0,,,,,,,,,,,,,,,,,,,,,,,,r.-6.1.0,,,r.-6.1.0,r.-6.1.0,r.-6.1.0,,,,,,,,,,,,,,,,
20,,,,,,,,,,,,,,,,r.-6.1.0,,,,,,,,,,,,,,,,,,,,,,,,r.-6.1.0,,,r.-6.1.0,r.-6.1.0,r.-6.1.0,,,,,,,,,,,,,,,,
21,,,,,,,,,,,,,,,,r.-6.1.0,,,,,,,,,,,,,,,,,,,,,,,,r.-6.1.0,,,r.-6.1.0,r.-6.1.0,r.-6.1.0,,,,,,,,,,,,,,,,
22,,,,,,,,,,,,,,,,r.-6.1.0,,,,p.380,,,,,,,,,,,,,,,,,,,,r.-6.1.0,,,r.-6.1.0,r.-6.1.0,r.-6.1.0,,,,,,,,,,,,,,,,
23,,,,,,,,,,,,,,,,r.-6.1.0,,,,,,,,,,,,,,,,,,,,,,,,r.-6.1.0,,,r.-6.1.0,r.-6.1.0,r.-6.1.0,,,,,,,,,,,,,,,,
24,,,,,,,,,,,,,,,,r.-6.1.0,,,,,,,,,,,,,,,,,,,,,,,,r.-6.1.0,,,r.-6.1.0,r.-6.1.0,r.-6.1.0,,,,,,,,,,,,,,,,
25,,,,,,,,,,,,,,,,r.-6.1.0,,,,,,,,,,,,,,,,,,,,,,,,r.-6.1.0,,,r.-6.1.0,r.-6.1.0,r.-6.1.0,,,,,,,,,,,,,,,,
26,,,,,,,,,,,,,,,,r.-6.1.0,,,,,,,,,,,,,,,,,,,,,,,,r.-6.1.0,,,r.-6.1.0,r.-6.1.0,r.-6.1.0,,,,,,,,,,,,,,,,
27,,,,,,,,,,,,,,,,r.-6.1.0,,,,,,,,,,,,,,,,,,,,,,,,r.-6.1.0,,,r.-6.1.0,r.-6.1.0,r.-6.1.0,,,,,,,,,,,,,,,,
28,,,,,,,,,,,,,,,,r.-6.1.0,,,,,,,,,,,,,,,,,,,,,,,,r.-6.1.0,,,r.-6.1.0,r.-6.1.0,r.-6.1.0,,,,,,,,,,,,,,,,
29,,,,,,,,,,,,,,,,r.-6.1.0,,,,,,,,,,,,,,,,,,,,,,,,r.-6.1.0,,,r.-6.1.0,r.-6.1.0,r.-6.1.0,,,,,,,,,,,,,,,,
30,,,,,,,,,,,,,,,,r.-6.1.0,,,,,,,,,,,,,,,,,,,,,,,,r.-6.1.0,,,r.-6.1.0,r.-6.1.0,r.-6.1.0,,,,,,,,,,,,,,,,
31,,,,,,,,,,,,,,,,r.-6.1.0,,,,,,,,,,,,,,,,,,,,,,,,r.-6.1.0,,,r.-6.1.0,r.-6.1.0,r.-6.1.0,,,,,,,,,,,,,,,,
32,,,,,,,,,,,,,,,,r.-6.1.0,,,,,,,,,,,,,,,,,,,,,,,,r.-6.1.0,,,r.-6.1.0,r.-6.1.0,r.-6.1.0,,,,,,,,,,,,,,,,
33,,,,,,,,,,,,,,,,r.-6.1.0,,,,,,p.309,,,,,,,,,,,,,,,,,,r.-6.1.0,,,r.-6.1.0,r.-6.1.0,r.-6.1.0,,,,,,,,,,,,,,,,
34,,,,,,,,,,,,,,,,r.-6.1.0,,,,,,,,,,,,,,,,,,,,,,,,r.-6.1.0,,,r.-6.1.0,r.-6.1.0,r.-6.1.0,,,,,,,,,,,,,,,,
35,,,,,,,,,,,,,,,,r.-6.1.0,,,,,,,,,,,,,,,,,,,,,,,,r.-6.1.0,,,r.-6.1.0,r.-6.1.0,r.-6.1.0,,,,,,,,,,,,,,,,
36,,,,,,,,,,,,,,,,r.-6.1.0,,,,,,,,,,,,,,,,,,,,,,,,r.-6.1.0,,,r.-6.1.0,r.-6.1.0,r.-6.1.0,,,,,,,,,,,,,,,,
37,p.56,p.57,p.58,p.59,p.60,p.61,p.62,p.63,p.64,p.65,p.66,p.67,p.68,p.69,p.70,,p.71,p.72,p.73,p.74,p.75,p.76,p.77,p.78,p.79,p.80,p.81,p.82,p.83,p.84,p.85,p.86,p.87,p.88,p.89,p.90,p.91,p.92,,,,,,,,,,p.93,,,p.378,p.95,,p.96,p.97,,,p.98,p.99,p.100,
38,,,,,,,,,,,,,,,,,,,,,,,,,,,,,,,,,,,,,,,,,,,,,,r.-10.1.0,,,,,,,,,,,,,,,
39,p.1,p.2,p.3,p.4,p.5,p.6,p.7,p.8,p.9,p.10,p.11,p.12,p.13,p.14,p.15,,p.16,p.17,p.18,p.19,p.20,p.21,p.22,p.23,p.24,p.25,p.26,p.27,p.28,p.29,p.30,p.31,p.32,p.33,p.34,p.35,p.36,p.37,,p.334,p.335,r.-11.0.0,,,,,,p.41,p.336,,p.337,p.44,p.338,p.46,p.47,p.339,p.376,p.49,p.50,p.51,p.341
40,,,,,,,,,,,,,,,,,,,,,,,,,,,,,,,,,,,,,,,,,,,,,,acc,,,,,,,,,,,,,,,
41,r.-8.1.0,r.-8.1.0,r.-8.1.0,r.-8.1.0,r.-8.1.0,r.-8.1.0,r.-8.1.0,r.-8.1.0,r.-8.1.0,r.-8.1.0,,,,,,,,,,,,,,,,,,,,,,,,,,,,,,r.-8.1.0,,,r.-8.1.0,r.-8.1.0,r.-8.1.0,,,,,,,,,,,,,,,,
42,p.1,p.2,p.3,p.4,p.5,p.6,p.7,p.8,p.9,p.10,p.11,p.12,p.13,p.14,p.15,,p.16,p.17,p.18,p.19,p.20,p.21,p.22,p.23,p.24,p.25,p.26,p.27,p.28,p.29,p.30,p.31,p.32,p.33,p.34,p.35,p.36,p.37,,p.293,p.294,,,,,,,p.41,p.295,,p.296,p.44,p.297,p.46,p.47,p.372,,p.49,p.50,p.51,p.299
43,,,,,,,,,,,,,,,,,,,,,,,,,,,,,,,,,,,,,,,,p.371,,,,,,,,,,,,,,,,,,,,,
44,,,,,,,,,,,,,,,,p.366,,,,,,,,,,,,,,,,,,,,,,,,r.-13.1.0,,,r.-13.1.0,r.-13.1.0,r.-13.1.0,,,,,,,,,,,,,,,,
45,,,,,,,,,,,,,,,,,,,,,,,,,,,,,,,,,,,,,,p.53,,,,,,,,,,,,,,,,,p.272,,,,,,
46,p.1,p.2,p.3,p.4,p.5,p.6,p.7,p.8,p.9,p.10,,,,,,,,,,,,,,,,,,,,,,,,,,,,,,r.-13.1.0,,,r.-13.1.0,r.-13.1.0,r.-13.1.0,,,p.271,,,,,,,,,,,,,
47,,,,,,,,,,,,,,,,,,,,,,,,,,,,,,,,,,,,,,,,r.-13.1.0,,,r.-13.1.0,r.-13.1.0,r.-13.1.0,,,,,,,,,,,,,,,,
48,,,,,,,,,,,,,,,,,,,,,,,,,,,,,,,,,,,,,,,,,,,,,,r.-1.1.0,,,,,,,,,,,,,,,
49,,,,,,,,,,,,,,,,,,,,,,,,,,,,,,,,,,,,,,,,r.-14.1.0,,,p.189,p.190,p.191,,,,,,,,,,,,,,,,
50,,,,,,,,,,,,,,,,,,,,,,,,,,,,,,,,,,,,,,,,r.-12.1.0,,,r.-12.1.0,r.-12.1.0,r.-12.1.0,,,,,,,,,,,,,,,,
51,,,,,,,,,,,,,,,,,,,,,,,,,,,,,,,,,,,,,,,,r.-5.1.0,,,,,,,,,,,,,,,,,,,,,
52,,,,,,,,,,,,,,,,,,,,,,,,,,,,,,,,,,,,,,p.53,,,,,,,,,,,,,,,,,p.54,,,,,,
53,p.56,p.57,p.58,p.59,p.60,p.61,p.62,p.63,p.64,p.65,p.66,p.67,p.68,p.69,p.70,,p.71,p.72,p.73,p.74,p.75,p.76,p.77,p.78,p.79,p.80,p.81,p.82,p.83,p.84,p.85,p.86,p.87,p.88,p.89,p.90,p.91,p.92,,,,,,,,,,p.93,,,p.94,p.95,,p.96,p.97,,,p.98,p.99,p.100,
54,p.1,p.2,p.3,p.4,p.5,p.6,p.7,p.8,p.9,p.10,p.11,p.12,p.13,p.14,p.15,,p.16,p.17,p.18,p.19,p.20,p.21,p.22,p.23,p.24,p.25,p.26,p.27,p.28,p.29,p.30,p.31,p.32,p.33,p.34,p.35,p.36,p.37,,p.38,p.39,,,,,,,p.41,p.42,,p.43,p.44,p.45,p.46,p.47,p.55,,p.49,p.50,p.51,p.52
55,,,,,,,,,,,,,,,,,,,,,,,,,,,,,,,,,,,,,,,,,,,,,,r.-10.3.0,,,,,,,,,,,,,,,
56,r.-2.1.0,r.-2.1.0,r.-2.1.0,r.-2.1.0,r.-2.1.0,r.-2.1.0,r.-2.1.0,r.-2.1.0,r.-2.1.0,r.-2.1.0,,,,,,,,,,,,,,,,,,,,,,,,,,,,,r.-2.1.0,,,,r.-2.1.0,r.-2.1.0,r.-2.1.0,,,,,,,,,,,,,,,,
57,r.-2.1.0,r.-2.1.0,r.-2.1.0,r.-2.1.0,r.-2.1.0,r.-2.1.0,r.-2.1.0,r.-2.1.0,r.-2.1.0,r.-2.1.0,,,,,,,,,,,,,,,,,,,,,,,,,,,,,r.-2.1.0,,,,r.-2.1.0,r.-2.1.0,r.-2.1.0,,,,,,,,,,,,,,,,
58,r.-2.1.0,r.-2.1.0,r.-2.1.0,r.-2.1.0,r.-2.1.0,r.-2.1.0,r.-2.1.0,r.-2.1.0,r.-2.1.0,r.-2.1.0,,,,,,,,,,,,,,,,,,,,,,,,,,,,,r.-2.1.0,,,,r.-2.1.0,r.-2.1.0,r.-2.1.0,,,,,,,,,,,,,,,,
59,r.-2.1.0,r.-2.1.0,r.-2.1.0,r.-2.1.0,r.-2.1.0,r.-2.1.0,r.-2.1.0,r.-2.1.0,r.-2.1.0,r.-2.1.0,,,,,,,,,,,,,,,,,,,,,,,,,,,,,r.-2.1.0,,,,r.-2.1.0,r.-2.1.0,r.-2.1.0,,,,,,,,,,,,,,,,
60,r.-2.1.0,r.-2.1.0,r.-2.1.0,r.-2.1.0,r.-2.1.0,r.-2.1.0,r.-2.1.0,r.-2.1.0,r.-2.1.0,r.-2.1.0,,,,,,,,,,,,,,,,,,,,,,,,,,,,,r.-2.1.0,,,,r.-2.1.0,r.-2.1.0,r.-2.1.0,,,,,,,,,,,,,,,,
61,r.-2.1.0,r.-2.1.0,r.-2.1.0,r.-2.1.0,r.-2.1.0,r.-2.1.0,r.-2.1.0,r.-2.1.0,r.-2.1.0,r.-2.1.0,,,,,,,,,,,,,,,,,,,,,,,,,,,,,r.-2.1.0,,,,r.-2.1.0,r.-2.1.0,r.-2.1.0,,,,,,,,,,,,,,,,
62,r.-2.1.0,r.-2.1.0,r.-2.1.0,r.-2.1.0,r.-2.1.0,r.-2.1.0,r.-2.1.0,r.-2.1.0,r.-2.1.0,r.-2.1.0,,,,,,,,,,,,,,,,,,,,,,,,,,,,,r.-2.1.0,,,,r.-2.1.0,r.-2.1.0,r.-2.1.0,,,,,,,,,,,,,,,,
63,r.-2.1.0,r.-2.1.0,r.-2.1.0,r.-2.1.0,r.-2.1.0,r.-2.1.0,r.-2.1.0,r.-2.1.0,r.-2.1.0,r.-2.1.0,,,,,,,,,,,,,,,,,,,,,,,,,,,,,r.-2.1.0,,,,r.-2.1.0,r.-2.1.0,r.-2.1.0,,,,,,,,,,,,,,,,
64,r.-2.1.0,r.-2.1.0,r.-2.1.0,r.-2.1.0,r.-2.1.0,r.-2.1.0,r.-2.1.0,r.-2.1.0,r.-2.1.0,r.-2.1.0,,,,,,,,,,,,,,,,,,,,,,,,,,,,,r.-2.1.0,,,,r.-2.1.0,r.-2.1.0,r.-2.1.0,,,,,,,,,,,,,,,,
65,r.-2.1.0,r.-2.1.0,r.-2.1.0,r.-2.1.0,r.-2.1.0,r.-2.1.0,r.-2.1.0,r.-2.1.0,r.-2.1.0,r.-2.1.0,,,,,,,,,,,,,,,,,,,,,,,,,,,,,r.-2.1.0,,,,r.-2.1.0,r.-2.1.0,r.-2.1.0,,,,,,,,,,,,,,,,
66,,,,,,,,,,,,,,,,r.-6.1.0,,,,,,,,,,,,,,,,,,,,,,,r.-6.1.0,,,,r.-6.1.0,r.-6.1.0,r.-6.1.0,,,,,,,,,,,,,,,,
67,,,,,,,,,,,,,,,,r.-6.1.0,,,,,,,,,,,,,,,,,,,,,,,r.-6.1.0,,,,r.-6.1.0,r.-6.1.0,r.-6.1.0,,,,,,,,,,,,,,,,
68,,,,,,,,,,,,,,,,r.-6.1.0,,,,,,,,,,,,,,,,,,,,,,,r.-6.1.0,,,,r.-6.1.0,r.-6.1.0,r.-6.1.0,,,,,,,,,,,,,,,,
69,,,,,,,,,,,,,,,,r.-6.1.0,,,,,,,,,,,,,,,,,,,,,,,r.-6.1.0,,,,r.-6.1.0,r.-6.1.0,r.-6.1.0,,,,,,,,,,,,,,,,
70,,,,,,,,,,,,,,,,r.-6.1.0,,,,,,,,,,,,,,,,,,,,,,,r.-6.1.0,,,,r.-6.1.0,r.-6.1.0,r.-6.1.0,,,,,,,,,,,,,,,,
71,,,,,,,,,,,,,,,,r.-6.1.0,,,,,,,,,,,,,,,,,,,,,,,r.-6.1.0,,,,r.-6.1.0,r.-6.1.0,r.-6.1.0,,,,,,,,,,,,,,,,
72,,,,,,,,,,,,,,,,r.-6.1.0,,,,,,,,,,,,,,,,,,,,,,,r.-6.1.0,,,,r.-6.1.0,r.-6.1.0,r.-6.1.0,,,,,,,,,,,,,,,,
73,,,,,,,,,,,,,,,,r.-6.1.0,,,,,,,,,,,,,,,,,,,,,,,r.-6.1.0,,,,r.-6.1.0,r.-6.1.0,r.-6.1.0,,,,,,,,,,,,,,,,
74,,,,,,,,,,,,,,,,r.-6.1.0,,,,,,,,,,,,,,,,,,,,,,,r.-6.1.0,,,,r.-6.1.0,r.-6.1.0,r.-6.1.0,,,,,,,,,,,,,,,,
75,,,,,,,,,,,,,,,,r.-6.1.0,,,,,,,,,,,,,,,,,,,,,,,r.-6.1.0,,,,r.-6.1.0,r.-6.1.0,r.-6.1.0,,,,,,,,,,,,,,,,
76,,,,,,,,,,,,,,,,r.-6.1.0,,,,,,,,,,,,,,,,,,,,,,,r.-6.1.0,,,,r.-6.1.0,r.-6.1.0,r.-6.1.0,,,,,,,,,,,,,,,,
77,,,,,,,,,,,,,,,,r.-6.1.0,,,,,,,,,,,,,,,,,,,,,,,r.-6.1.0,,,,r.-6.1.0,r.-6.1.0,r.-6.1.0,,,,,,,,,,,,,,,,
78,,,,,,,,,,,,,,,,r.-6.1.0,,,,,,,,,,,,,,,,,,,,,,,r.-6.1.0,,,,r.-6.1.0,r.-6.1.0,r.-6.1.0,,,,,,,,,,,,,,,,
79,,,,,,,,,,,,,,,,r.-6.1.0,,,,,,,,,,,,,,,,,,,,,,,r.-6.1.0,,,,r.-6.1.0,r.-6.1.0,r.-6.1.0,,,,,,,,,,,,,,,,
80,,,,,,,,,,,,,,,,r.-6.1.0,,,,,,,,,,,,,,,,,,,,,,,r.-6.1.0,,,,r.-6.1.0,r.-6.1.0,r.-6.1.0,,,,,,,,,,,,,,,,
81,,,,,,,,,,,,,,,,r.-6.1.0,,,,,,,,,,,,,,,,,,,,,,,r.-6.1.0,,,,r.-6.1.0,r.-6.1.0,r.-6.1.0,,,,,,,,,,,,,,,,
82,,,,,,,,,,,,,,,,r.-6.1.0,,,,,,,,,,,,,,,,,,,,,,,r.-6.1.0,,,,r.-6.1.0,r.-6.1.0,r.-6.1.0,,,,,,,,,,,,,,,,
83,,,,,,,,,,,,,,,,r.-6.1.0,,,,,,,,,,,,,,,,,,,,,,,r.-6.1.0,,,,r.-6.1.0,r.-6.1.0,r.-6.1.0,,,,,,,,,,,,,,,,
84,,,,,,,,,,,,,,,,r.-6.1.0,,,,,,,,,,,,,,,,,,,,,,,r.-6.1.0,,,,r.-6.1.0,r.-6.1.0,r.-6.1.0,,,,,,,,,,,,,,,,
85,,,,,,,,,,,,,,,,r.-6.1.0,,,,,,,,,,,,,,,,,,,,,,,r.-6.1.0,,,,r.-6.1.0,r.-6.1.0,r.-6.1.0,,,,,,,,,,,,,,,,
86,,,,,,,,,,,,,,,,r.-6.1.0,,,,,,,,,,,,,,,,,,,,,,,r.-6.1.0,,,,r.-6.1.0,r.-6.1.0,r.-6.1.0,,,,,,,,,,,,,,,,
87,,,,,,,,,,,,,,,,r.-6.1.0,,,,,,,,,,,,,,,,,,,,,,,r.-6.1.0,,,,r.-6.1.0,r.-6.1.0,r.-6.1.0,,,,,,,,,,,,,,,,
88,,,,,,,,,,,,,,,,r.-6.1.0,,,,,,,,,,,,,,,,,,,,,,,r.-6.1.0,,,,r.-6.1.0,r.-6.1.0,r.-6.1.0,,,,,,,,,,,,,,,,
89,,,,,,,,,,,,,,,,r.-6.1.0,,,,,,,,,,,,,,,,,,,,,,,r.-6.1.0,,,,r.-6.1.0,r.-6.1.0,r.-6.1.0,,,,,,,,,,,,,,,,
90,,,,,,,,,,,,,,,,r.-6.1.0,,,,,,,,,,,,,,,,,,,,,,,r.-6.1.0,,,,r.-6.1.0,r.-6.1.0,r.-6.1.0,,,,,,,,,,,,,,,,
91,,,,,,,,,,,,,,,,r.-6.1.0,,,,,,,,,,,,,,,,,,,,,,,r.-6.1.0,,,,r.-6.1.0,r.-6.1.0,r.-6.1.0,,,,,,,,,,,,,,,,
92,p.56,p.57,p.58,p.59,p.60,p.61,p.62,p.63,p.64,p.65,p.66,p.67,p.68,p.69,p.70,,p.71,p.72,p.73,p.74,p.75,p.76,p.77,p.78,p.79,p.80,p.81,p.82,p.83,p.84,p.85,p.86,p.87,p.88,p.89,p.90,p.91,p.92,,,,,,,,,,p.93,,,p.187,p.95,,p.96,p.97,,,p.98,p.99,p.100,
93,r.-8.1.0,r.-8.1.0,r.-8.1.0,r.-8.1.0,r.-8.1.0,r.-8.1.0,r.-8.1.0,r.-8.1.0,r.-8.1.0,r.-8.1.0,,,,,,,,,,,,,,,,,,,,,,,,,,,,,r.-8.1.0,,,,r.-8.1.0,r.-8.1.0,r.-8.1.0,,,,,,,,,,,,,,,,
94,,,,,,,,,,,,,,,,,,,,,,,,,,,,,,,,,,,,,,,p.186,,,,,,,,,,,,,,,,,,,,,,
95,,,,,,,,,,,,,,,,p.184,,,,,,,,,,,,,,,,,,,,,,,r.-13.1.0,,,,r.-13.1.0,r.-13.1.0,r.-13.1.0,,,,,,,,,,,,,,,,
96,p.56,p.57,p.58,p.59,p.60,p.61,p.62,p.63,p.64,p.65,,,,,,,,,,,,,,,,,,,,,,,,,,,,,r.-13.1.0,,,,r.-13.1.0,r.-13.1.0,r.-13.1.0,,,p.183,,,,,,,,,,,,,
97,,,,,,,,,,,,,,,,,,,,,,,,,,,,,,,,,,,,,,,r.-13.1.0,,,,r.-13.1.0,r.-13.1.0,r.-13.1.0,,,,,,,,,,,,,,,,
98,,,,,,,,,,,,,,,,,,,,,,,,,,,,,,,,,,,,,,,r.-14.1.0,,,,p.101,p.102,p.103,,,,,,,,,,,,,,,,
99,,,,,,,,,,,,,,,,,,,,,,,,,,,,,,,,,,,,,,,r.-12.1.0,,,,r.-12.1.0,r.-12.1.0,r.-12.1.0,,,,,,,,,,,,,,,,
100,,,,,,,,,,,,,,,,,,,,,,,,,,,,,,,,,,,,,,,r.-5.1.0,,,,,,,,,,,,,,,,,,,,,,
101,p.56,p.57,p.58,p.59,p.60,p.61,p.62,p.63,p.64,p.65,p.154,p.155,p.156,p.157,p.158,,p.159,p.160,p.161,p.162,p.163,p.164,p.165,p.166,p.167,p.168,p.169,p.170,p.171,p.172,p.173,p.174,p.175,p.176,p.177,p.178,p.179,p.92,,,,,,,,,,p.93,,,,p.180,,p.96,p.97,,,,p.182,,
102,p.56,p.57,p.58,p.59,p.60,p.61,p.62,p.63,p.64,p.65,p.154,p.155,p.156,p.157,p.158,,p.159,p.160,p.161,p.162,p.163,p.164,p.165,p.166,p.167,p.168,p.169,p.170,p.171,p.172,p.173,p.174,p.175,p.176,p.177,p.178,p.179,p.92,,,,,,,,,,p.93,,,,p.180,,p.96,p.97,,,,p.181,,
103,p.104,p.105,p.106,p.107,p.108,p.109,p.110,p.111,p.112,p.113,p.114,p.115,p.116,p.117,p.118,,p.119,p.120,p.121,p.122,p.123,p.124,p.125,p.126,p.127,p.128,p.129,p.130,p.131,p.132,p.133,p.134,p.135,p.136,p.137,p.138,p.139,p.140,,,,,,,,,,p.141,,,,p.142,,p.143,p.144,,,p.145,p.146,,
104,r.-2.1.0,r.-2.1.0,r.-2.1.0,r.-2.1.0,r.-2.1.0,r.-2.1.0,r.-2.1.0,r.-2.1.0,r.-2.1.0,r.-2.1.0,,,,,,,,,,,,,,,,,,,,,,,,,,,,,r.-2.1.0,,,,r.-2.1.0,r.-2.1.0,,,,,,,,,,,,,,,,,
105,r.-2.1.0,r.-2.1.0,r.-2.1.0,r.-2.1.0,r.-2.1.0,r.-2.1.0,r.-2.1.0,r.-2.1.0,r.-2.1.0,r.-2.1.0,,,,,,,,,,,,,,,,,,,,,,,,,,,,,r.-2.1.0,,,,r.-2.1.0,r.-2.1.0,,,,,,,,,,,,,,,,,
106,r.-2.1.0,r.-2.1.0,r.-2.1.0,r.-2.1.0,r.-2.1.0,r.-2.1.0,r.-2.1.0,r.-2.1.0,r.-2.1.0,r.-2.1.0,,,,,,,,,,,,,,,,,,,,,,,,,,,,,r.-2.1.0,,,,r.-2.1.0,r.-2.1.0,,,,,,,,,,,,,,,,,
107,r.-2.1.0,r.-2.1.0,r.-2.1.0,r.-2.1.0,r.-2.1.0,r.-2.1.0,r.-2.1.0,r.-2.1.0,r.-2.1.0,r.-2.1.0,,,,,,,,,,,,,,,,,,,,,,,,,,,,,r.-2.1.0,,,,r.-2.1.0,r.-2.1.0,,,,,,,,,,,,,,,,,
108,r.-2.1.0,r.-2.1.0,r.-2.1.0,r.-2.1.0,r.-2.1.0,r.-2.1.0,r.-2.1.0,r.-2.1.0,r.-2.1.0,r.-2.1.0,,,,,,,,,,,,,,,,,,,,,,,,,,,,,r.-2.1.0,,,,r.-2.1.0,r.-2.1.0,,,,,,,,,,,,,,,,,
109,r.-2.1.0,r.-2.1.0,r.-2.1.0,r.-2.1.0,r.-2.1.0,r.-2.1.0,r.-2.1.0,r.-2.1.0,r.-2.1.0,r.-2.1.0,,,,,,,,,,,,,,,,,,,,,,,,,,,,,r.-2.1.0,,,,r.-2.1.0,r.-2.1.0,,,,,,,,,,,,,,,,,
110,r.-2.1.0,r.-2.1.0,r.-2.1.0,r.-2.1.0,r.-2.1.0,r.-2.1.0,r.-2.1.0,r.-2.1.0,r.-2.1.0,r.-2.1.0,,,,,,,,,,,,,,,,,,,,,,,,,,,,,r.-2.1.0,,,,r.-2.1.0,r.-2.1.0,,,,,,,,,,,,,,,,,
111,r.-2.1.0,r.-2.1.0,r.-2.1.0,r.-2.1.0,r.-2.1.0,r.-2.1.0,r.-2.1.0,r.-2.1.0,r.-2.1.0,r.-2.1.0,,,,,,,,,,,,,,,,,,,,,,,,,,,,,r.-2.1.0,,,,r.-2.1.0,r.-2.1.0,,,,,,,,,,,,,,,,,
112,r.-2.1.0,r.-2.1.0,r.-2.1.0,r.-2.1.0,r.-2.1.0,r.-2.1.0,r.-2.1.0,r.-2.1.0,r.-2.1.0,r.-2.1.0,,,,,,,,,,,,,,,,,,,,,,,,,,,,,r.-2.1.0,,,,r.-2.1.0,r.-2.1.0,,,,,,,,,,,,,,,,,
113,r.-2.1.0,r.-2.1.0,r.-2.1.0,r.-2.1.0,r.-2.1.0,r.-2.1.0,r.-2.1.0,r.-2.1.0,r.-2.1.0,r.-2.1.0,,,,,,,,,,,,,,,,,,,,,,,,,,,,,r.-2.1.0,,,,r.-2.1.0,r.-2.1.0,,,,,,,,,,,,,,,,,
114,,,,,,,,,,,,,,,,,,,,,,,,,,,,,,,,,,,,,,,r.-6.1.0,,,,r.-6.1.0,r.-6.1.0,,,,,,,,,,,,,,,,,
115,,,,,,,,,,,,,,,,,,,,,,,,,,,,,,,,,,,,,,,r.-6.1.0,,,,r.-6.1.0,r.-6.1.0,,,,,,,,,,,,,,,,,
116,,,,,,,,,,,,,,,,,,,,,,,,,,,,,,,,,,,,,,,r.-6.1.0,,,,r.-6.1.0,r.-6.1.0,,,,,,,,,,,,,,,,,
117,,,,,,,,,,,,,,,,,,,,,,,,,,,,,,,,,,,,,,,r.-6.1.0,,,,r.-6.1.0,r.-6.1.0,,,,,,,,,,,,,,,,,
118,,,,,,,,,,,,,,,,,,,,,,,,,,,,,,,,,,,,,,,r.-6.1.0,,,,r.-6.1.0,r.-6.1.0,,,,,,,,,,,,,,,,,
119,,,,,,,,,,,,,,,,,,,,,,,,,,,,,,,,,,,,,,,r.-6.1.0,,,,r.-6.1.0,r.-6.1.0,,,,,,,,,,,,,,,,,
120,,,,,,,,,,,,,,,,,,,,,,,,,,,,,,,,,,,,,,,r.-6.1.0,,,,r.-6.1.0,r.-6.1.0,,,,,,,,,,,,,,,,,
121,,,,,,,,,,,,,,,,,,,,,,,,,,,,,,,,,,,,,,,r.-6.1.0,,,,r.-6.1.0,r.-6.1.0,,,,,,,,,,,,,,,,,
122,,,,,,,,,,,,,,,,,,,,,,,,,,,,,,,,,,,,,,,r.-6.1.0,,,,r.-6.1.0,r.-6.1.0,,,,,,,,,,,,,,,,,
123,,,,,,,,,,,,,,,,,,,,,,,,,,,,,,,,,,,,,,,r.-6.1.0,,,,r.-6.1.0,r.-6.1.0,,,,,,,,,,,,,,,,,
124,,,,,,,,,,,,,,,,,,,,,,,,,,,,,,,,,,,,,,,r.-6.1.0,,,,r.-6.1.0,r.-6.1.0,,,,,,,,,,,,,,,,,
125,,,,,,,,,,,,,,,,,,,,,,,,,,,,,,,,,,,,,,,r.-6.1.0,,,,r.-6.1.0,r.-6.1.0,,,,,,,,,,,,,,,,,
126,,,,,,,,,,,,,,,,,,,,,,,,,,,,,,,,,,,,,,,r.-6.1.0,,,,r.-6.1.0,r.-6.1.0,,,,,,,,,,,,,,,,,
127,,,,,,,,,,,,,,,,,,,,,,,,,,,,,,,,,,,,,,,r.-6.1.0,,,,r.-6.1.0,r.-6.1.0,,,,,,,,,,,,,,,,,
128,,,,,,,,,,,,,,,,,,,,,,,,,,,,,,,,,,,,,,,r.-6.1.0,,,,r.-6.1.0,r.-6.1.0,,,,,,,,,,,,,,,,,
129,,,,,,,,,,,,,,,,,,,,,,,,,,,,,,,,,,,,,,,r.-6.1.0,,,,r.-6.1.0,r.-6.1.0,,,,,,,,,,,,,,,,,
130,,,,,,,,,,,,,,,,,,,,,,,,,,,,,,,,,,,,,,,r.-6.1.0,,,,r.-6.1.0,r.-6.1.0,,,,,,,,,,,,,,,,,
131,,,,,,,,,,,,,,,,,,,,,,,,,,,,,,,,,,,,,,,r.-6.1.0,,,,r.-6.1.0,r.-6.1.0,,,,,,,,,,,,,,,,,
132,,,,,,,,,,,,,,,,,,,,,,,,,,,,,,,,,,,,,,,r.-6.1.0,,,,r.-6.1.0,r.-6.1.0,,,,,,,,,,,,,,,,,
133,,,,,,,,,,,,,,,,,,,,,,,,,,,,,,,,,,,,,,,r.-6.1.0,,,,r.-6.1.0,r.-6.1.0,,,,,,,,,,,,,,,,,
134,,,,,,,,,,,,,,,,,,,,,,,,,,,,,,,,,,,,,,,r.-6.1.0,,,,r.-6.1.0,r.-6.1.0,,,,,,,,,,,,,,,,,
135,,,,,,,,,,,,,,,,,,,,,,,,,,,,,,,,,,,,,,,r.-6.1.0,,,,r.-6.1.0,r.-6.1.0,,,,,,,,,,,,,,,,,
136,,,,,,,,,,,,,,,,,,,,,,,,,,,,,,,,,,,,,,,r.-6.1.0,,,,r.-6.1.0,r.-6.1.0,,,,,,,,,,,,,,,,,
137,,,,,,,,,,,,,,,,,,,,,,,,,,,,,,,,,,,,,,,r.-6.1.0,,,,r.-6.1.0,r.-6.1.0,,,,,,,,,,,,,,,,,
138,,,,,,,,,,,,,,,,,,,,,,,,,,,,,,,,,,,,,,,r.-6.1.0,,,,r.-6.1.0,r.-6.1.0,,,,,,,,,,,,,,,,,
139,,,,,,,,,,,,,,,,,,,,,,,,,,,,,,,,,,,,,,,r.-6.1.0,,,,r.-6.1.0,r.-6.1.0,,,,,,,,,,,,,,,,,
140,p.56,p.57,p.58,p.59,p.60,p.61,p.62,p.63,p.64,p.65,p.66,p.67,p.68,p.69,p.70,,p.71,p.72,p.73,p.74,p.75,p.76,p.77,p.78,p.79,p.80,p.81,p.82,p.83,p.84,p.85,p.86,p.87,p.88,p.89,p.90,p.91,p.92,,,,,,,,,,p.93,,,p.152,p.95,,p.96,p.97,,,p.98,p.99,p.100,
141,r.-8.1.0,r.-8.1.0,r.-8.1.0,r.-8.1.0,r.-8.1.0,r.-8.1.0,r.-8.1.0,r.-8.1.0,r.-8.1.0,r.-8.1.0,,,,,,,,,,,,,,,,,,,,,,,,,,,,,r.-8.1.0,,,,r.-8.1.0,r.-8.1.0,,,,,,,,,,,,,,,,,
142,,,,,,,,,,,,,,,,,,,,,,,,,,,,,,,,,,,,,,,r.-13.1.0,,,,r.-13.1.0,r.-13.1.0,,,,,,,,,,,,,,,,,
143,p.104,p.105,p.106,p.107,p.108,p.109,p.110,p.111,p.112,p.113,,,,,,,,,,,,,,,,,,,,,,,,,,,,,r.-13.1.0,,,,r.-13.1.0,r.-13.1.0,,,,p.151,,,,,,,,,,,,,
144,,,,,,,,,,,,,,,,,,,,,,,,,,,,,,,,,,,,,,,r.-13.1.0,,,,r.-13.1.0,r.-13.1.0,,,,,,,,,,,,,,,,,
145,,,,,,,,,,,,,,,,,,,,,,,,,,,,,,,,,,,,,,,r.-14.3.0,,,,p.147,p.148,,,,,,,,,,,,,,,,,
146,,,,,,,,,,,,,,,,,,,,,,,,,,,,,,,,,,,,,,,r.-12.1.0,,,,r.-12.1.0,r.-12.1.0,,,,,,,,,,,,,,,,,
147,p.104,p.105,p.106,p.107,p.108,p.109,p.110,p.111,p.112,p.113,p.114,p.115,p.116,p.117,p.118,,p.119,p.120,p.121,p.122,p.123,p.124,p.125,p.126,p.127,p.128,p.129,p.130,p.131,p.132,p.133,p.134,p.135,p.136,p.137,p.138,p.139,p.140,,,,,,,,,,p.141,,,,p.142,,p.143,p.144,,,,p.150,,
148,p.104,p.105,p.106,p.107,p.108,p.109,p.110,p.111,p.112,p.113,p.114,p.115,p.116,p.117,p.118,,p.119,p.120,p.121,p.122,p.123,p.124,p.125,p.126,p.127,p.128,p.129,p.130,p.131,p.132,p.133,p.134,p.135,p.136,p.137,p.138,p.139,p.140,,,,,,,,,,p.141,,,,p.142,,p.143,p.144,,,,p.149,,
149,,,,,,,,,,,,,,,,,,,,,,,,,,,,,,,,,,,,,,,r.-12.3.0,,,,r.-12.3.0,r.-12.3.0,,,,,,,,,,,,,,,,,
150,,,,,,,,,,,,,,,,,,,,,,,,,,,,,,,,,,,,,,,r.-12.3.0,,,,r.-12.3.0,r.-12.3.0,,,,,,,,,,,,,,,,,
151,r.-8.2.0,r.-8.2.0,r.-8.2.0,r.-8.2.0,r.-8.2.0,r.-8.2.0,r.-8.2.0,r.-8.2.0,r.-8.2.0,r.-8.2.0,,,,,,,,,,,,,,,,,,,,,,,,,,,,,r.-8.2.0,,,,r.-8.2.0,r.-8.2.0,,,,,,,,,,,,,,,,,
152,,,,,,,,,,,,,,,,,,,,,,,,,,,,,,,,,,,,,,,p.153,,,,,,,,,,,,,,,,,,,,,,
153,,,,,,,,,,,,,,,,,,,,,,,,,,,,,,,,,,,,,,,r.-9.3.0,,,,r.-9.3.0,r.-9.3.0,,,,,,,,,,,,,,,,,
154,,,,,,,,,,,,,,,,,,,,,,,,,,,,,,,,,,,,,,,r.-6.1.0,,,,r.-6.1.0,r.-6.1.0,r.-6.1.0,,,,,,,,,,,,,,,,
155,,,,,,,,,,,,,,,,,,,,,,,,,,,,,,,,,,,,,,,r.-6.1.0,,,,r.-6.1.0,r.-6.1.0,r.-6.1.0,,,,,,,,,,,,,,,,
156,,,,,,,,,,,,,,,,,,,,,,,,,,,,,,,,,,,,,,,r.-6.1.0,,,,r.-6.1.0,r.-6.1.0,r.-6.1.0,,,,,,,,,,,,,,,,
157,,,,,,,,,,,,,,,,,,,,,,,,,,,,,,,,,,,,,,,r.-6.1.0,,,,r.-6.1.0,r.-6.1.0,r.-6.1.0,,,,,,,,,,,,,,,,
158,,,,,,,,,,,,,,,,,,,,,,,,,,,,,,,,,,,,,,,r.-6.1.0,,,,r.-6.1.0,r.-6.1.0,r.-6.1.0,,,,,,,,,,,,,,,,
159,,,,,,,,,,,,,,,,,,,,,,,,,,,,,,,,,,,,,,,r.-6.1.0,,,,r.-6.1.0,r.-6.1.0,r.-6.1.0,,,,,,,,,,,,,,,,
160,,,,,,,,,,,,,,,,,,,,,,,,,,,,,,,,,,,,,,,r.-6.1.0,,,,r.-6.1.0,r.-6.1.0,r.-6.1.0,,,,,,,,,,,,,,,,
161,,,,,,,,,,,,,,,,,,,,,,,,,,,,,,,,,,,,,,,r.-6.1.0,,,,r.-6.1.0,r.-6.1.0,r.-6.1.0,,,,,,,,,,,,,,,,
162,,,,,,,,,,,,,,,,,,,,,,,,,,,,,,,,,,,,,,,r.-6.1.0,,,,r.-6.1.0,r.-6.1.0,r.-6.1.0,,,,,,,,,,,,,,,,
163,,,,,,,,,,,,,,,,,,,,,,,,,,,,,,,,,,,,,,,r.-6.1.0,,,,r.-6.1.0,r.-6.1.0,r.-6.1.0,,,,,,,,,,,,,,,,
164,,,,,,,,,,,,,,,,,,,,,,,,,,,,,,,,,,,,,,,r.-6.1.0,,,,r.-6.1.0,r.-6.1.0,r.-6.1.0,,,,,,,,,,,,,,,,
165,,,,,,,,,,,,,,,,,,,,,,,,,,,,,,,,,,,,,,,r.-6.1.0,,,,r.-6.1.0,r.-6.1.0,r.-6.1.0,,,,,,,,,,,,,,,,
166,,,,,,,,,,,,,,,,,,,,,,,,,,,,,,,,,,,,,,,r.-6.1.0,,,,r.-6.1.0,r.-6.1.0,r.-6.1.0,,,,,,,,,,,,,,,,
167,,,,,,,,,,,,,,,,,,,,,,,,,,,,,,,,,,,,,,,r.-6.1.0,,,,r.-6.1.0,r.-6.1.0,r.-6.1.0,,,,,,,,,,,,,,,,
168,,,,,,,,,,,,,,,,,,,,,,,,,,,,,,,,,,,,,,,r.-6.1.0,,,,r.-6.1.0,r.-6.1.0,r.-6.1.0,,,,,,,,,,,,,,,,
169,,,,,,,,,,,,,,,,,,,,,,,,,,,,,,,,,,,,,,,r.-6.1.0,,,,r.-6.1.0,r.-6.1.0,r.-6.1.0,,,,,,,,,,,,,,,,
170,,,,,,,,,,,,,,,,,,,,,,,,,,,,,,,,,,,,,,,r.-6.1.0,,,,r.-6.1.0,r.-6.1.0,r.-6.1.0,,,,,,,,,,,,,,,,
171,,,,,,,,,,,,,,,,,,,,,,,,,,,,,,,,,,,,,,,r.-6.1.0,,,,r.-6.1.0,r.-6.1.0,r.-6.1.0,,,,,,,,,,,,,,,,
172,,,,,,,,,,,,,,,,,,,,,,,,,,,,,,,,,,,,,,,r.-6.1.0,,,,r.-6.1.0,r.-6.1.0,r.-6.1.0,,,,,,,,,,,,,,,,
173,,,,,,,,,,,,,,,,,,,,,,,,,,,,,,,,,,,,,,,r.-6.1.0,,,,r.-6.1.0,r.-6.1.0,r.-6.1.0,,,,,,,,,,,,,,,,
174,,,,,,,,,,,,,,,,,,,,,,,,,,,,,,,,,,,,,,,r.-6.1.0,,,,r.-6.1.0,r.-6.1.0,r.-6.1.0,,,,,,,,,,,,,,,,
175,,,,,,,,,,,,,,,,,,,,,,,,,,,,,,,,,,,,,,,r.-6.1.0,,,,r.-6.1.0,r.-6.1.0,r.-6.1.0,,,,,,,,,,,,,,,,
176,,,,,,,,,,,,,,,,,,,,,,,,,,,,,,,,,,,,,,,r.-6.1.0,,,,r.-6.1.0,r.-6.1.0,r.-6.1.0,,,,,,,,,,,,,,,,
177,,,,,,,,,,,,,,,,,,,,,,,,,,,,,,,,,,,,,,,r.-6.1.0,,,,r.-6.1.0,r.-6.1.0,r.-6.1.0,,,,,,,,,,,,,,,,
178,,,,,,,,,,,,,,,,,,,,,,,,,,,,,,,,,,,,,,,r.-6.1.0,,,,r.-6.1.0,r.-6.1.0,r.-6.1.0,,,,,,,,,,,,,,,,
179,,,,,,,,,,,,,,,,,,,,,,,,,,,,,,,,,,,,,,,r.-6.1.0,,,,r.-6.1.0,r.-6.1.0,r.-6.1.0,,,,,,,,,,,,,,,,
180,,,,,,,,,,,,,,,,,,,,,,,,,,,,,,,,,,,,,,,r.-13.1.0,,,,r.-13.1.0,r.-13.1.0,r.-13.1.0,,,,,,,,,,,,,,,,
181,,,,,,,,,,,,,,,,,,,,,,,,,,,,,,,,,,,,,,,r.-12.3.0,,,,r.-12.3.0,r.-12.3.0,r.-12.3.0,,,,,,,,,,,,,,,,
182,,,,,,,,,,,,,,,,,,,,,,,,,,,,,,,,,,,,,,,r.-12.3.0,,,,r.-12.3.0,r.-12.3.0,r.-12.3.0,,,,,,,,,,,,,,,,
183,r.-8.2.0,r.-8.2.0,r.-8.2.0,r.-8.2.0,r.-8.2.0,r.-8.2.0,r.-8.2.0,r.-8.2.0,r.-8.2.0,r.-8.2.0,,,,,,,,,,,,,,,,,,,,,,,,,,,,,r.-8.2.0,,,,r.-8.2.0,r.-8.2.0,r.-8.2.0,,,,,,,,,,,,,,,,
184,p.56,p.57,p.58,p.59,p.60,p.61,p.62,p.63,p.64,p.65,p.66,p.67,p.68,p.69,p.70,,p.71,p.72,p.73,p.74,p.75,p.76,p.77,p.78,p.79,p.80,p.81,p.82,p.83,p.84,p.85,p.86,p.87,p.88,p.89,p.90,p.91,p.92,,,,,,,,,,p.93,,,p.185,p.95,,p.96,p.97,,,p.98,p.99,p.100,
185,,,,,,,,,,,,,,,,,,,,,,,,,,,,,,,,,,,,,,,r.-5.3.0,,,,,,,,,,,,,,,,,,,,,,
186,r.-9.3.0,r.-9.3.0,r.-9.3.0,r.-9.3.0,r.-9.3.0,r.-9.3.0,r.-9.3.0,r.-9.3.0,r.-9.3.0,r.-9.3.0,r.-9.3.0,r.-9.3.0,r.-9.3.0,r.-9.3.0,r.-9.3.0,,r.-9.3.0,r.-9.3.0,r.-9.3.0,r.-9.3.0,r.-9.3.0,r.-9.3.0,r.-9.3.0,r.-9.3.0,r.-9.3.0,r.-9.3.0,r.-9.3.0,r.-9.3.0,r.-9.3.0,r.-9.3.0,r.-9.3.0,r.-9.3.0,r.-9.3.0,r.-9.3.0,r.-9.3.0,r.-9.3.0,r.-9.3.0,r.-9.3.0,,r.-9.3.0,r.-9.3.0,,,,,,,,,,,,,,,,,,,,
187,,,,,,,,,,,,,,,,,,,,,,,,,,,,,,,,,,,,,,,p.188,,,,,,,,,,,,,,,,,,,,,,
188,,,,,,,,,,,,,,,,,,,,,,,,,,,,,,,,,,,,,,,r.-9.3.0,,,,r.-9.3.0,r.-9.3.0,r.-9.3.0,,,,,,,,,,,,,,,,
189,p.1,p.2,p.3,p.4,p.5,p.6,p.7,p.8,p.9,p.10,p.242,p.243,p.244,p.245,p.246,,p.247,p.248,p.249,p.250,p.251,p.252,p.253,p.254,p.255,p.256,p.257,p.258,p.259,p.260,p.261,p.262,p.263,p.264,p.265,p.266,p.267,p.37,,,,,,,,,,p.41,,,,p.268,,p.46,p.47,,,,p.270,,
190,p.1,p.2,p.3,p.4,p.5,p.6,p.7,p.8,p.9,p.10,p.242,p.243,p.244,p.245,p.246,,p.247,p.248,p.249,p.250,p.251,p.252,p.253,p.254,p.255,p.256,p.257,p.258,p.259,p.260,p.261,p.262,p.263,p.264,p.265,p.266,p.267,p.37,,,,,,,,,,p.41,,,,p.268,,p.46,p.47,,,,p.269,,
191,p.192,p.193,p.194,p.195,p.196,p.197,p.198,p.199,p.200,p.201,p.202,p.203,p.204,p.205,p.206,,p.207,p.208,p.209,p.210,p.211,p.212,p.213,p.214,p.215,p.216,p.217,p.218,p.219,p.220,p.221,p.222,p.223,p.224,p.225,p.226,p.227,p.228,,,,,,,,,,p.229,,,,p.230,,p.231,p.232,,,p.233,p.234,,
192,r.-2.1.0,r.-2.1.0,r.-2.1.0,r.-2.1.0,r.-2.1.0,r.-2.1.0,r.-2.1.0,r.-2.1.0,r.-2.1.0,r.-2.1.0,,,,,,,,,,,,,,,,,,,,,,,,,,,,,,r.-2.1.0,,,r.-2.1.0,r.-2.1.0,,,,,,,,,,,,,,,,,
193,r.-2.1.0,r.-2.1.0,r.-2.1.0,r.-2.1.0,r.-2.1.0,r.-2.1.0,r.-2.1.0,r.-2.1.0,r.-2.1.0,r.-2.1.0,,,,,,,,,,,,,,,,,,,,,,,,,,,,,,r.-2.1.0,,,r.-2.1.0,r.-2.1.0,,,,,,,,,,,,,,,,,
194,r.-2.1.0,r.-2.1.0,r.-2.1.0,r.-2.1.0,r.-2.1.0,r.-2.1.0,r.-2.1.0,r.-2.1.0,r.-2.1.0,r.-2.1.0,,,,,,,,,,,,,,,,,,,,,,,,,,,,,,r.-2.1.0,,,r.-2.1.0,r.-2.1.0,,,,,,,,,,,,,,,,,
195,r.-2.1.0,r.-2.1.0,r.-2.1.0,r.-2.1.0,r.-2.1.0,r.-2.1.0,r.-2.1.0,r.-2.1.0,r.-2.1.0,r.-2.1.0,,,,,,,,,,,,,,,,,,,,,,,,,,,,,,r.-2.1.0,,,r.-2.1.0,r.-2.1.0,,,,,,,,,,,,,,,,,
196,r.-2.1.0,r.-2.1.0,r.-2.1.0,r.-2.1.0,r.-2.1.0,r.-2.1.0,r.-2.1.0,r.-2.1.0,r.-2.1.0,r.-2.1.0,,,,,,,,,,,,,,,,,,,,,,,,,,,,,,r.-2.1.0,,,r.-2.1.0,r.-2.1.0,,,,,,,,,,,,,,,,,
197,r.-2.1.0,r.-2.1.0,r.-2.1.0,r.-2.1.0,r.-2.1.0,r.-2.1.0,r.-2.1.0,r.-2.1.0,r.-2.1.0,r.-2.1.0,,,,,,,,,,,,,,,,,,,,,,,,,,,,,,r.-2.1.0,,,r.-2.1.0,r.-2.1.0,,,,,,,,,,,,,,,,,
198,r.-2.1.0,r.-2.1.0,r.-2.1.0,r.-2.1.0,r.-2.1.0,r.-2.1.0,r.-2.1.0,r.-2.1.0,r.-2.1.0,r.-2.1.0,,,,,,,,,,,,,,,,,,,,,,,,,,,,,,r.-2.1.0,,,r.-2.1.0,r.-2.1.0,,,,,,,,,,,,,,,,,
199,r.-2.1.0,r.-2.1.0,r.-2.1.0,r.-2.1.0,r.-2.1.0,r.-2.1.0,r.-2.1.0,r.-2.1.0,r.-2.1.0,r.-2.1.0,,,,,,,,,,,,,,,,,,,,,,,,,,,,,,r.-2.1.0,,,r.-2.1.0,r.-2.1.0,,,,,,,,,,,,,,,,,
200,r.-2.1.0,r.-2.1.0,r.-2.1.0,r.-2.1.0,r.-2.1.0,r.-2.1.0,r.-2.1.0,r.-2.1.0,r.-2.1.0,r.-2.1.0,,,,,,,,,,,,,,,,,,,,,,,,,,,,,,r.-2.1.0,,,r.-2.1.0,r.-2.1.0,,,,,,,,,,,,,,,,,
201,r.-2.1.0,r.-2.1.0,r.-2.1.0,r.-2.1.0,r.-2.1.0,r.-2.1.0,r.-2.1.0,r.-2.1.0,r.-2.1.0,r.-2.1.0,,,,,,,,,,,,,,,,,,,,,,,,,,,,,,r.-2.1.0,,,r.-2.1.0,r.-2.1.0,,,,,,,,,,,,,,,,,
202,,,,,,,,,,,,,,,,,,,,,,,,,,,,,,,,,,,,,,,,r.-6.1.0,,,r.-6.1.0,r.-6.1.0,,,,,,,,,,,,,,,,,
203,,,,,,,,,,,,,,,,,,,,,,,,,,,,,,,,,,,,,,,,r.-6.1.0,,,r.-6.1.0,r.-6.1.0,,,,,,,,,,,,,,,,,
204,,,,,,,,,,,,,,,,,,,,,,,,,,,,,,,,,,,,,,,,r.-6.1.0,,,r.-6.1.0,r.-6.1.0,,,,,,,,,,,,,,,,,
205,,,,,,,,,,,,,,,,,,,,,,,,,,,,,,,,,,,,,,,,r.-6.1.0,,,r.-6.1.0,r.-6.1.0,,,,,,,,,,,,,,,,,
206,,,,,,,,,,,,,,,,,,,,,,,,,,,,,,,,,,,,,,,,r.-6.1.0,,,r.-6.1.0,r.-6.1.0,,,,,,,,,,,,,,,,,
207,,,,,,,,,,,,,,,,,,,,,,,,,,,,,,,,,,,,,,,,r.-6.1.0,,,r.-6.1.0,r.-6.1.0,,,,,,,,,,,,,,,,,
208,,,,,,,,,,,,,,,,,,,,,,,,,,,,,,,,,,,,,,,,r.-6.1.0,,,r.-6.1.0,r.-6.1.0,,,,,,,,,,,,,,,,,
209,,,,,,,,,,,,,,,,,,,,,,,,,,,,,,,,,,,,,,,,r.-6.1.0,,,r.-6.1.0,r.-6.1.0,,,,,,,,,,,,,,,,,
210,,,,,,,,,,,,,,,,,,,,,,,,,,,,,,,,,,,,,,,,r.-6.1.0,,,r.-6.1.0,r.-6.1.0,,,,,,,,,,,,,,,,,
211,,,,,,,,,,,,,,,,,,,,,,,,,,,,,,,,,,,,,,,,r.-6.1.0,,,r.-6.1.0,r.-6.1.0,,,,,,,,,,,,,,,,,
212,,,,,,,,,,,,,,,,,,,,,,,,,,,,,,,,,,,,,,,,r.-6.1.0,,,r.-6.1.0,r.-6.1.0,,,,,,,,,,,,,,,,,
213,,,,,,,,,,,,,,,,,,,,,,,,,,,,,,,,,,,,,,,,r.-6.1.0,,,r.-6.1.0,r.-6.1.0,,,,,,,,,,,,,,,,,
214,,,,,,,,,,,,,,,,,,,,,,,,,,,,,,,,,,,,,,,,r.-6.1.0,,,r.-6.1.0,r.-6.1.0,,,,,,,,,,,,,,,,,
215,,,,,,,,,,,,,,,,,,,,,,,,,,,,,,,,,,,,,,,,r.-6.1.0,,,r.-6.1.0,r.-6.1.0,,,,,,,,,,,,,,,,,
216,,,,,,,,,,,,,,,,,,,,,,,,,,,,,,,,,,,,,,,,r.-6.1.0,,,r.-6.1.0,r.-6.1.0,,,,,,,,,,,,,,,,,
217,,,,,,,,,,,,,,,,,,,,,,,,,,,,,,,,,,,,,,,,r.-6.1.0,,,r.-6.1.0,r.-6.1.0,,,,,,,,,,,,,,,,,
218,,,,,,,,,,,,,,,,,,,,,,,,,,,,,,,,,,,,,,,,r.-6.1.0,,,r.-6.1.0,r.-6.1.0,,,,,,,,,,,,,,,,,
219,,,,,,,,,,,,,,,,,,,,,,,,,,,,,,,,,,,,,,,,r.-6.1.0,,,r.-6.1.0,r.-6.1.0,,,,,,,,,,,,,,,,,
220,,,,,,,,,,,,,,,,,,,,,,,,,,,,,,,,,,,,,,,,r.-6.1.0,,,r.-6.1.0,r.-6.1.0,,,,,,,,,,,,,,,,,
221,,,,,,,,,,,,,,,,,,,,,,,,,,,,,,,,,,,,,,,,r.-6.1.0,,,r.-6.1.0,r.-6.1.0,,,,,,,,,,,,,,,,,
222,,,,,,,,,,,,,,,,,,,,,,,,,,,,,,,,,,,,,,,,r.-6.1.0,,,r.-6.1.0,r.-6.1.0,,,,,,,,,,,,,,,,,
223,,,,,,,,,,,,,,,,,,,,,,,,,,,,,,,,,,,,,,,,r.-6.1.0,,,r.-6.1.0,r.-6.1.0,,,,,,,,,,,,,,,,,
224,,,,,,,,,,,,,,,,,,,,,,,,,,,,,,,,,,,,,,,,r.-6.1.0,,,r.-6.1.0,r.-6.1.0,,,,,,,,,,,,,,,,,
225,,,,,,,,,,,,,,,,,,,,,,,,,,,,,,,,,,,,,,,,r.-6.1.0,,,r.-6.1.0,r.-6.1.0,,,,,,,,,,,,,,,,,
226,,,,,,,,,,,,,,,,,,,,,,,,,,,,,,,,,,,,,,,,r.-6.1.0,,,r.-6.1.0,r.-6.1.0,,,,,,,,,,,,,,,,,
227,,,,,,,,,,,,,,,,,,,,,,,,,,,,,,,,,,,,,,,,r.-6.1.0,,,r.-6.1.0,r.-6.1.0,,,,,,,,,,,,,,,,,
228,p.56,p.57,p.58,p.59,p.60,p.61,p.62,p.63,p.64,p.65,p.66,p.67,p.68,p.69,p.70,,p.71,p.72,p.73,p.74,p.75,p.76,p.77,p.78,p.79,p.80,p.81,p.82,p.83,p.84,p.85,p.86,p.87,p.88,p.89,p.90,p.91,p.92,,,,,,,,,,p.93,,,p.240,p.95,,p.96,p.97,,,p.98,p.99,p.100,
229,r.-8.1.0,r.-8.1.0,r.-8.1.0,r.-8.1.0,r.-8.1.0,r.-8.1.0,r.-8.1.0,r.-8.1.0,r.-8.1.0,r.-8.1.0,,,,,,,,,,,,,,,,,,,,,,,,,,,,,,r.-8.1.0,,,r.-8.1.0,r.-8.1.0,,,,,,,,,,,,,,,,,
230,,,,,,,,,,,,,,,,,,,,,,,,,,,,,,,,,,,,,,,,r.-13.1.0,,,r.-13.1.0,r.-13.1.0,,,,,,,,,,,,,,,,,
231,p.192,p.193,p.194,p.195,p.196,p.197,p.198,p.199,p.200,p.201,,,,,,,,,,,,,,,,,,,,,,,,,,,,,,r.-13.1.0,,,r.-13.1.0,r.-13.1.0,,,,p.239,,,,,,,,,,,,,
232,,,,,,,,,,,,,,,,,,,,,,,,,,,,,,,,,,,,,,,,r.-13.1.0,,,r.-13.1.0,r.-13.1.0,,,,,,,,,,,,,,,,,
233,,,,,,,,,,,,,,,,,,,,,,,,,,,,,,,,,,,,,,,,r.-14.3.0,,,p.235,p.236,,,,,,,,,,,,,,,,,
234,,,,,,,,,,,,,,,,,,,,,,,,,,,,,,,,,,,,,,,,r.-12.1.0,,,r.-12.1.0,r.-12.1.0,,,,,,,,,,,,,,,,,
235,p.192,p.193,p.194,p.195,p.196,p.197,p.198,p.199,p.200,p.201,p.202,p.203,p.204,p.205,p.206,,p.207,p.208,p.209,p.210,p.211,p.212,p.213,p.214,p.215,p.216,p.217,p.218,p.219,p.220,p.221,p.222,p.223,p.224,p.225,p.226,p.227,p.228,,,,,,,,,,p.229,,,,p.230,,p.231,p.232,,,,p.238,,
236,p.192,p.193,p.194,p.195,p.196,p.197,p.198,p.199,p.200,p.201,p.202,p.203,p.204,p.205,p.206,,p.207,p.208,p.209,p.210,p.211,p.212,p.213,p.214,p.215,p.216,p.217,p.218,p.219,p.220,p.221,p.222,p.223,p.224,p.225,p.226,p.227,p.228,,,,,,,,,,p.229,,,,p.230,,p.231,p.232,,,,p.237,,
237,,,,,,,,,,,,,,,,,,,,,,,,,,,,,,,,,,,,,,,,r.-12.3.0,,,r.-12.3.0,r.-12.3.0,,,,,,,,,,,,,,,,,
238,,,,,,,,,,,,,,,,,,,,,,,,,,,,,,,,,,,,,,,,r.-12.3.0,,,r.-12.3.0,r.-12.3.0,,,,,,,,,,,,,,,,,
239,r.-8.2.0,r.-8.2.0,r.-8.2.0,r.-8.2.0,r.-8.2.0,r.-8.2.0,r.-8.2.0,r.-8.2.0,r.-8.2.0,r.-8.2.0,,,,,,,,,,,,,,,,,,,,,,,,,,,,,,r.-8.2.0,,,r.-8.2.0,r.-8.2.0,,,,,,,,,,,,,,,,,
240,,,,,,,,,,,,,,,,,,,,,,,,,,,,,,,,,,,,,,,p.241,,,,,,,,,,,,,,,,,,,,,,
241,,,,,,,,,,,,,,,,,,,,,,,,,,,,,,,,,,,,,,,,r.-9.3.0,,,r.-9.3.0,r.-9.3.0,,,,,,,,,,,,,,,,,
242,,,,,,,,,,,,,,,,,,,,,,,,,,,,,,,,,,,,,,,,r.-6.1.0,,,r.-6.1.0,r.-6.1.0,r.-6.1.0,,,,,,,,,,,,,,,,
243,,,,,,,,,,,,,,,,,,,,,,,,,,,,,,,,,,,,,,,,r.-6.1.0,,,r.-6.1.0,r.-6.1.0,r.-6.1.0,,,,,,,,,,,,,,,,
244,,,,,,,,,,,,,,,,,,,,,,,,,,,,,,,,,,,,,,,,r.-6.1.0,,,r.-6.1.0,r.-6.1.0,r.-6.1.0,,,,,,,,,,,,,,,,
245,,,,,,,,,,,,,,,,,,,,,,,,,,,,,,,,,,,,,,,,r.-6.1.0,,,r.-6.1.0,r.-6.1.0,r.-6.1.0,,,,,,,,,,,,,,,,
246,,,,,,,,,,,,,,,,,,,,,,,,,,,,,,,,,,,,,,,,r.-6.1.0,,,r.-6.1.0,r.-6.1.0,r.-6.1.0,,,,,,,,,,,,,,,,
247,,,,,,,,,,,,,,,,,,,,,,,,,,,,,,,,,,,,,,,,r.-6.1.0,,,r.-6.1.0,r.-6.1.0,r.-6.1.0,,,,,,,,,,,,,,,,
248,,,,,,,,,,,,,,,,,,,,,,,,,,,,,,,,,,,,,,,,r.-6.1.0,,,r.-6.1.0,r.-6.1.0,r.-6.1.0,,,,,,,,,,,,,,,,
249,,,,,,,,,,,,,,,,,,,,,,,,,,,,,,,,,,,,,,,,r.-6.1.0,,,r.-6.1.0,r.-6.1.0,r.-6.1.0,,,,,,,,,,,,,,,,
250,,,,,,,,,,,,,,,,,,,,,,,,,,,,,,,,,,,,,,,,r.-6.1.0,,,r.-6.1.0,r.-6.1.0,r.-6.1.0,,,,,,,,,,,,,,,,
251,,,,,,,,,,,,,,,,,,,,,,,,,,,,,,,,,,,,,,,,r.-6.1.0,,,r.-6.1.0,r.-6.1.0,r.-6.1.0,,,,,,,,,,,,,,,,
252,,,,,,,,,,,,,,,,,,,,,,,,,,,,,,,,,,,,,,,,r.-6.1.0,,,r.-6.1.0,r.-6.1.0,r.-6.1.0,,,,,,,,,,,,,,,,
253,,,,,,,,,,,,,,,,,,,,,,,,,,,,,,,,,,,,,,,,r.-6.1.0,,,r.-6.1.0,r.-6.1.0,r.-6.1.0,,,,,,,,,,,,,,,,
254,,,,,,,,,,,,,,,,,,,,,,,,,,,,,,,,,,,,,,,,r.-6.1.0,,,r.-6.1.0,r.-6.1.0,r.-6.1.0,,,,,,,,,,,,,,,,
255,,,,,,,,,,,,,,,,,,,,,,,,,,,,,,,,,,,,,,,,r.-6.1.0,,,r.-6.1.0,r.-6.1.0,r.-6.1.0,,,,,,,,,,,,,,,,
256,,,,,,,,,,,,,,,,,,,,,,,,,,,,,,,,,,,,,,,,r.-6.1.0,,,r.-6.1.0,r.-6.1.0,r.-6.1.0,,,,,,,,,,,,,,,,
257,,,,,,,,,,,,,,,,,,,,,,,,,,,,,,,,,,,,,,,,r.-6.1.0,,,r.-6.1.0,r.-6.1.0,r.-6.1.0,,,,,,,,,,,,,,,,
258,,,,,,,,,,,,,,,,,,,,,,,,,,,,,,,,,,,,,,,,r.-6.1.0,,,r.-6.1.0,r.-6.1.0,r.-6.1.0,,,,,,,,,,,,,,,,
259,,,,,,,,,,,,,,,,,,,,,,,,,,,,,,,,,,,,,,,,r.-6.1.0,,,r.-6.1.0,r.-6.1.0,r.-6.1.0,,,,,,,,,,,,,,,,
260,,,,,,,,,,,,,,,,,,,,,,,,,,,,,,,,,,,,,,,,r.-6.1.0,,,r.-6.1.0,r.-6.1.0,r.-6.1.0,,,,,,,,,,,,,,,,
261,,,,,,,,,,,,,,,,,,,,,,,,,,,,,,,,,,,,,,,,r.-6.1.0,,,r.-6.1.0,r.-6.1.0,r.-6.1.0,,,,,,,,,,,,,,,,
262,,,,,,,,,,,,,,,,,,,,,,,,,,,,,,,,,,,,,,,,r.-6.1.0,,,r.-6.1.0,r.-6.1.0,r.-6.1.0,,,,,,,,,,,,,,,,
263,,,,,,,,,,,,,,,,,,,,,,,,,,,,,,,,,,,,,,,,r.-6.1.0,,,r.-6.1.0,r.-6.1.0,r.-6.1.0,,,,,,,,,,,,,,,,
264,,,,,,,,,,,,,,,,,,,,,,,,,,,,,,,,,,,,,,,,r.-6.1.0,,,r.-6.1.0,r.-6.1.0,r.-6.1.0,,,,,,,,,,,,,,,,
265,,,,,,,,,,,,,,,,,,,,,,,,,,,,,,,,,,,,,,,,r.-6.1.0,,,r.-6.1.0,r.-6.1.0,r.-6.1.0,,,,,,,,,,,,,,,,
266,,,,,,,,,,,,,,,,,,,,,,,,,,,,,,,,,,,,,,,,r.-6.1.0,,,r.-6.1.0,r.-6.1.0,r.-6.1.0,,,,,,,,,,,,,,,,
267,,,,,,,,,,,,,,,,,,,,,,,,,,,,,,,,,,,,,,,,r.-6.1.0,,,r.-6.1.0,r.-6.1.0,r.-6.1.0,,,,,,,,,,,,,,,,
268,,,,,,,,,,,,,,,,,,,,,,,,,,,,,,,,,,,,,,,,r.-13.1.0,,,r.-13.1.0,r.-13.1.0,r.-13.1.0,,,,,,,,,,,,,,,,
269,,,,,,,,,,,,,,,,,,,,,,,,,,,,,,,,,,,,,,,,r.-12.3.0,,,r.-12.3.0,r.-12.3.0,r.-12.3.0,,,,,,,,,,,,,,,,
270,,,,,,,,,,,,,,,,,,,,,,,,,,,,,,,,,,,,,,,,r.-12.3.0,,,r.-12.3.0,r.-12.3.0,r.-12.3.0,,,,,,,,,,,,,,,,
271,r.-8.2.0,r.-8.2.0,r.-8.2.0,r.-8.2.0,r.-8.2.0,r.-8.2.0,r.-8.2.0,r.-8.2.0,r.-8.2.0,r.-8.2.0,,,,,,,,,,,,,,,,,,,,,,,,,,,,,,r.-8.2.0,,,r.-8.2.0,r.-8.2.0,r.-8.2.0,,,,,,,,,,,,,,,,
272,p.1,p.2,p.3,p.4,p.5,p.6,p.7,p.8,p.9,p.10,p.11,p.12,p.13,p.14,p.15,,p.16,p.17,p.18,p.19,p.20,p.21,p.22,p.23,p.24,p.25,p.26,p.27,p.28,p.29,p.30,p.31,p.32,p.33,p.34,p.35,p.36,p.37,,p.273,p.274,,,,,,,p.41,p.275,,p.276,p.44,p.277,p.46,p.47,p.278,,p.49,p.50,p.51,p.279
273,,,,,,,,,,,,,r.-10.1.0,,,,,,,,,,,,,,,,,,,,,,,,,,,,,,,,,r.-10.1.0,,,,,,,,,,,,,,,
274,p.1,p.2,p.3,p.4,p.5,p.6,p.7,p.8,p.9,p.10,p.11,p.12,p.13,p.14,p.15,,p.16,p.17,p.18,p.19,p.20,p.21,p.22,p.23,p.24,p.25,p.26,p.27,p.28,p.29,p.30,p.31,p.32,p.33,p.34,p.35,p.36,p.37,,p.334,p.335,r.-11.0.0,,,,,,p.41,p.336,,p.337,p.44,p.338,p.46,p.47,p.339,p.364,p.49,p.50,p.51,p.341
275,p.1,p.2,p.3,p.4,p.5,p.6,p.7,p.8,p.9,p.10,p.11,p.12,p.13,p.14,p.15,,p.16,p.17,p.18,p.19,p.20,p.21,p.22,p.23,p.24,p.25,p.26,p.27,p.28,p.29,p.30,p.31,p.32,p.33,p.34,p.35,p.36,p.37,,p.293,p.294,,,,,,,p.41,p.295,,p.296,p.44,p.297,p.46,p.47,p.298,,p.49,p.50,p.51,p.299
276,,,,,,,,,,,,,,,,,,,,,,,,,,,,,,,,,,,,,,,,p.292,,,,,,,,,,,,,,,,,,,,,
277,,,,,,,,,,,,,,,,,,,,,,,,,,,,,,,,,,,,,,p.53,,,,,,,,,,,,,,,,,p.288,,,,,,
278,,,,,,,,,,,,,p.282,,,,,,,,,,,,,,,,,,,,,,,,,,,,,,,,,r.-10.3.0,,,,p.283,,,,,,,,,,,
279,,,,,,,,,,,,,,,,,,,,,,,,,,,,,,,,,,,,,,p.53,,,,,,,,,,,,,,,,,p.280,,,,,,
280,p.1,p.2,p.3,p.4,p.5,p.6,p.7,p.8,p.9,p.10,p.11,p.12,p.13,p.14,p.15,,p.16,p.17,p.18,p.19,p.20,p.21,p.22,p.23,p.24,p.25,p.26,p.27,p.28,p.29,p.30,p.31,p.32,p.33,p.34,p.35,p.36,p.37,,p.273,p.274,,,,,,,p.41,p.275,,p.276,p.44,p.277,p.46,p.47,p.281,,p.49,p.50,p.51,p.279
281,,,,,,,,,,,,,r.-10.3.0,,,,,,,,,,,,,,,,,,,,,,,,,,,,,,,,,r.-10.3.0,,,,,,,,,,,,,,,
282,,,,,,,,,,,,,,p.285,,,,,,,,,,,,,,,,,,,,,,,,,,,,,,,,,,,,,,,,,,,,,,,
283,p.1,p.2,p.3,p.4,p.5,p.6,p.7,p.8,p.9,p.10,p.11,p.12,p.13,p.14,p.15,,p.16,p.17,p.18,p.19,p.20,p.21,p.22,p.23,p.24,p.25,p.26,p.27,p.28,p.29,p.30,p.31,p.32,p.33,p.34,p.35,p.36,p.37,,p.38,p.39,,,,,,,p.41,p.42,,p.43,p.44,p.45,p.46,p.47,p.284,,p.49,p.50,p.51,p.52
284,,,,,,,,,,,,,,,,,,,,,,,,,,,,,,,,,,,,,,,,,,,,,,r.-10.5.0,,,,,,,,,,,,,,,
285,,,,,,,,,,,,,,,p.286,,,,,,,,,,,,,,,,,,,,,,,,,,,,,,,,,,,,,,,,,,,,,,
286,,,,,,,,,,,,,p.287,,,,,,,,,,,,,,,,,,,,,,,,,,,,,,,,,,,,,,,,,,,,,,,,
287,r.-4.4.0,r.-4.4.0,r.-4.4.0,r.-4.4.0,r.-4.4.0,r.-4.4.0,r.-4.4.0,r.-4.4.0,r.-4.4.0,r.-4.4.0,r.-4.4.0,r.-4.4.0,r.-4.4.0,r.-4.4.0,r.-4.4.0,,r.-4.4.0,r.-4.4.0,r.-4.4.0,r.-4.4.0,r.-4.4.0,r.-4.4.0,r.-4.4.0,r.-4.4.0,r.-4.4.0,r.-4.4.0,r.-4.4.0,r.-4.4.0,r.-4.4.0,r.-4.4.0,r.-4.4.0,r.-4.4.0,r.-4.4.0,r.-4.4.0,r.-4.4.0,r.-4.4.0,r.-4.4.0,r.-4.4.0,,r.-4.4.0,r.-4.4.0,,,,,,,,,,,,,,,,,,,,
288,p.1,p.2,p.3,p.4,p.5,p.6,p.7,p.8,p.9,p.10,p.11,p.12,p.13,p.14,p.15,,p.16,p.17,p.18,p.19,p.20,p.21,p.22,p.23,p.24,p.25,p.26,p.27,p.28,p.29,p.30,p.31,p.32,p.33,p.34,p.35,p.36,p.37,,p.273,p.274,,,,,,,p.41,p.275,,p.276,p.44,p.277,p.46,p.47,p.289,,p.49,p.50,p.51,p.279
289,,,,,,,,,,,,,p.282/r.-10.3.0,,,,,,,,,,,,,,,,,,,,,,,,,,,,,,,,,r.-10.3.0,,,,p.290,,,,,,,,,,,
290,p.1,p.2,p.3,p.4,p.5,p.6,p.7,p.8,p.9,p.10,p.11,p.12,p.13,p.14,p.15,,p.16,p.17,p.18,p.19,p.20,p.21,p.22,p.23,p.24,p.25,p.26,p.27,p.28,p.29,p.30,p.31,p.32,p.33,p.34,p.35,p.36,p.37,,p.273,p.274,,,,,,,p.41,p.275,,p.276,p.44,p.277,p.46,p.47,p.291,,p.49,p.50,p.51,p.279
291,,,,,,,,,,,,,r.-10.5.0,,,,,,,,,,,,,,,,,,,,,,,,,,,,,,,,,r.-10.5.0,,,,,,,,,,,,,,,
292,,,,,,,,,,,,,r.-10.2.0,,,,,,,,,,,,,,,,,,,,,,,,,,,,,,,,,r.-10.2.0,,,,,,,,,,,,,,,
293,,,,,,,,,,,,,,,,,,,,,,,,,,,,,,,,,,r.-10.1.0,,,,,,,,,,,,,,,,,,,,,,,,,,,
294,p.1,p.2,p.3,p.4,p.5,p.6,p.7,p.8,p.9,p.10,p.11,p.12,p.13,p.14,p.15,,p.16,p.17,p.18,p.19,p.20,p.21,p.22,p.23,p.24,p.25,p.26,p.27,p.28,p.29,p.30,p.31,p.32,p.33,p.34,p.35,p.36,p.37,,p.334,p.335,r.-11.0.0,,,,,,p.41,p.336,,p.337,p.44,p.338,p.46,p.47,p.339,p.362,p.49,p.50,p.51,p.341
295,p.1,p.2,p.3,p.4,p.5,p.6,p.7,p.8,p.9,p.10,p.11,p.12,p.13,p.14,p.15,,p.16,p.17,p.18,p.19,p.20,p.21,p.22,p.23,p.24,p.25,p.26,p.27,p.28,p.29,p.30,p.31,p.32,p.33,p.34,p.35,p.36,p.37,,p.293,p.294,,,,,,,p.41,p.295,,p.296,p.44,p.297,p.46,p.47,p.358,,p.49,p.50,p.51,p.299
296,,,,,,,,,,,,,,,,,,,,,,,,,,,,,,,,,,,,,,,,p.357,,,,,,,,,,,,,,,,,,,,,
297,,,,,,,,,,,,,,,,,,,,,,,,,,,,,,,,,,,,,,p.53,,,,,,,,,,,,,,,,,p.313,,,,,,
298,,,,,,,,,,,,,,,,,,,,,,,,,,,,,,,,,,p.302,,,,,,,,,,,,,,,,,,,,,,,,,,,p.303
299,,,,,,,,,,,,,,,,,,,,,,,,,,,,,,,,,,,,,,p.53,,,,,,,,,,,,,,,,,p.300,,,,,,
300,p.1,p.2,p.3,p.4,p.5,p.6,p.7,p.8,p.9,p.10,p.11,p.12,p.13,p.14,p.15,,p.16,p.17,p.18,p.19,p.20,p.21,p.22,p.23,p.24,p.25,p.26,p.27,p.28,p.29,p.30,p.31,p.32,p.33,p.34,p.35,p.36,p.37,,p.293,p.294,,,,,,,p.41,p.295,,p.296,p.44,p.297,p.46,p.47,p.301,,p.49,p.50,p.51,p.299
301,,,,,,,,,,,,,,,,,,,,,,,,,,,,,,,,,,r.-10.3.0,,,,,,,,,,,,,,,,,,,,,,,,,,,
302,,,,,,,,,,,,,,,,,,,,,,p.309,,,,,,,,,,,,,,,,,,,,,,,,,,,,,,,,,,,,,,,
303,,,,,,,,,,,,,,,,,,,,,,,,,,,,,,,,,,,,,,p.304,,,,,,,,,,,,,,,,,p.305,,,,,,
304,p.56,p.57,p.58,p.59,p.60,p.61,p.62,p.63,p.64,p.65,p.66,p.67,p.68,p.69,p.70,,p.71,p.72,p.73,p.74,p.75,p.76,p.77,p.78,p.79,p.80,p.81,p.82,p.83,p.84,p.85,p.86,p.87,p.88,p.89,p.90,p.91,p.92,,,,,,,,,,p.93,,,p.307,p.95,,p.96,p.97,,,p.98,p.99,p.100,
305,,,,,,,,,,,,,,,,,,,,,,,,,,,,,,,,,,,,,,,,p.306,,,,,,,,,,,,,,,,,,,,,
306,,,,,,,,,,,,,r.-10.5.0,,,,,,,,,,,,,,,,,,,,,,,,,,,,,,,,,r.-10.5.0,,,,,,,,,,,,,,,
307,,,,,,,,,,,,,,,,,,,,,,,,,,,,,,,,,,,,,,,p.308,,,,,,,,,,,,,,,,,,,,,,
308,,,,,,,,,,,,,,,,,,,,,,,,,,,,,,,,,,,,,,,,r.-9.3.0,,,,,,,,,,,,,,,,,,,,,
309,,,,,,,,,,,,,,,,,,,,,,,p.310,,,,,,,,,,,,,,,,,,,,,,,,,,,,,,,,,,,,,,
310,,,,,,,,,,,,,,p.311,,,,,,,,,,,,,,,,,,,,,,,,,,,,,,,,,,,,,,,,,,,,,,,
311,,,,,,,,,,,,,p.312,,,,,,,,,,,,,,,,,,,,,,,,,,,,,,,,,,,,,,,,,,,,,,,,
312,,,,,,,,,,,,,,,,,,,,,,,,,,,,,,,,,,,,,,r.-15.5.0,,,,,,,,,,,,,,,,,,,,,,,
313,p.1,p.2,p.3,p.4,p.5,p.6,p.7,p.8,p.9,p.10,p.11,p.12,p.13,p.14,p.15,,p.16,p.17,p.18,p.19,p.20,p.21,p.22,p.23,p.24,p.25,p.26,p.27,p.28,p.29,p.30,p.31,p.32,p.33,p.34,p.35,p.36,p.37,,p.314,p.315,,,,,,,p.41,p.316,,p.317,p.44,p.318,p.46,p.47,p.319,,p.49,p.50,p.51,p.320
314,,,,,,,,,,,,,r.-10.1.0,,,,,,,,,,,,,,,,,,,,,r.-10.1.0,,,,,,,,,,,,,,,,,,,,,,,,,,,
315,p.1,p.2,p.3,p.4,p.5,p.6,p.7,p.8,p.9,p.10,p.11,p.12,p.13,p.14,p.15,,p.16,p.17,p.18,p.19,p.20,p.21,p.22,p.23,p.24,p.25,p.26,p.27,p.28,p.29,p.30,p.31,p.32,p.33,p.34,p.35,p.36,p.37,,p.334,p.335,r.-11.0.0,,,,,,p.41,p.336,,p.337,p.44,p.338,p.46,p.47,p.339,p.340,p.49,p.50,p.51,p.341
316,p.1,p.2,p.3,p.4,p.5,p.6,p.7,p.8,p.9,p.10,p.11,p.12,p.13,p.14,p.15,,p.16,p.17,p.18,p.19,p.20,p.21,p.22,p.23,p.24,p.25,p.26,p.27,p.28,p.29,p.30,p.31,p.32,p.33,p.34,p.35,p.36,p.37,,p.293,p.294,,,,,,,p.41,p.295,,p.296,p.44,p.297,p.46,p.47,p.330,,p.49,p.50,p.51,p.299
317,,,,,,,,,,,,,,,,,,,,,,,,,,,,,,,,,,,,,,,,p.329,,,,,,,,,,,,,,,,,,,,,
318,,,,,,,,,,,,,,,,,,,,,,,,,,,,,,,,,,,,,,p.53,,,,,,,,,,,,,,,,,p.325,,,,,,
319,,,,,,,,,,,,,p.282,,,,,,,,,,,,,,,,,,,,,r.-10.3.0,,,,,,,,,,,,,,,,p.323,,,,,,,,,,,
320,,,,,,,,,,,,,,,,,,,,,,,,,,,,,,,,,,,,,,p.53,,,,,,,,,,,,,,,,,p.321,,,,,,
321,p.1,p.2,p.3,p.4,p.5,p.6,p.7,p.8,p.9,p.10,p.11,p.12,p.13,p.14,p.15,,p.16,p.17,p.18,p.19,p.20,p.21,p.22,p.23,p.24,p.25,p.26,p.27,p.28,p.29,p.30,p.31,p.32,p.33,p.34,p.35,p.36,p.37,,p.314,p.315,,,,,,,p.41,p.316,,p.317,p.44,p.318,p.46,p.47,p.322,,p.49,p.50,p.51,p.320
322,,,,,,,,,,,,,r.-10.3.0,,,,,,,,,,,,,,,,,,,,,r.-10.3.0,,,,,,,,,,,,,,,,,,,,,,,,,,,
323,p.1,p.2,p.3,p.4,p.5,p.6,p.7,p.8,p.9,p.10,p.11,p.12,p.13,p.14,p.15,,p.16,p.17,p.18,p.19,p.20,p.21,p.22,p.23,p.24,p.25,p.26,p.27,p.28,p.29,p.30,p.31,p.32,p.33,p.34,p.35,p.36,p.37,,p.293,p.294,,,,,,,p.41,p.295,,p.296,p.44,p.297,p.46,p.47,p.324,,p.49,p.50,p.51,p.299
324,,,,,,,,,,,,,,,,,,,,,,,,,,,,,,,,,,r.-10.5.0,,,,,,,,,,,,,,,,,,,,,,,,,,,
325,p.1,p.2,p.3,p.4,p.5,p.6,p.7,p.8,p.9,p.10,p.11,p.12,p.13,p.14,p.15,,p.16,p.17,p.18,p.19,p.20,p.21,p.22,p.23,p.24,p.25,p.26,p.27,p.28,p.29,p.30,p.31,p.32,p.33,p.34,p.35,p.36,p.37,,p.314,p.315,,,,,,,p.41,p.316,,p.317,p.44,p.318,p.46,p.47,p.326,,p.49,p.50,p.51,p.320
326,,,,,,,,,,,,,p.282/r.-10.3.0,,,,,,,,,,,,,,,,,,,,,r.-10.3.0,,,,,,,,,,,,,,,,p.327,,,,,,,,,,,
327,p.1,p.2,p.3,p.4,p.5,p.6,p.7,p.8,p.9,p.10,p.11,p.12,p.13,p.14,p.15,,p.16,p.17,p.18,p.19,p.20,p.21,p.22,p.23,p.24,p.25,p.26,p.27,p.28,p.29,p.30,p.31,p.32,p.33,p.34,p.35,p.36,p.37,,p.314,p.315,,,,,,,p.41,p.316,,p.317,p.44,p.318,p.46,p.47,p.328,,p.49,p.50,p.51,p.320
328,,,,,,,,,,,,,r.-10.5.0,,,,,,,,,,,,,,,,,,,,,r.-10.5.0,,,,,,,,,,,,,,,,,,,,,,,,,,,
329,,,,,,,,,,,,,r.-10.2.0,,,,,,,,,,,,,,,,,,,,,r.-10.2.0,,,,,,,,,,,,,,,,,,,,,,,,,,,
330,,,,,,,,,,,,,,,,,,,,,,,,,,,,,,,,,,p.302,,,,,,,,,,,,,,,,,,,,,,,,,,,p.331
331,,,,,,,,,,,,,,,,,,,,,,,,,,,,,,,,,,,,,,p.304,,,,,,,,,,,,,,,,,p.332,,,,,,
332,,,,,,,,,,,,,,,,,,,,,,,,,,,,,,,,,,,,,,,,p.333,,,,,,,,,,,,,,,,,,,,,
333,,,,,,,,,,,,,r.-10.5.0,,,,,,,,,,,,,,,,,,,,,r.-10.5.0,,,,,,,,,,,,,,,,,,,,,,,,,,,
334,r.-10.1.0,r.-10.1.0,r.-10.1.0,r.-10.1.0,r.-10.1.0,r.-10.1.0,r.-10.1.0,r.-10.1.0,r.-10.1.0,r.-10.1.0,r.-10.1.0,r.-10.1.0,r.-10.1.0,r.-10.1.0,r.-10.1.0,,r.-10.1.0,r.-10.1.0,r.-10.1.0,r.-10.1.0,r.-10.1.0,r.-10.1.0,r.-10.1.0,r.-10.1.0,r.-10.1.0,r.-10.1.0,r.-10.1.0,r.-10.1.0,r.-10.1.0,r.-10.1.0,r.-10.1.0,r.-10.1.0,r.-10.1.0,r.-10.1.0,r.-10.1.0,r.-10.1.0,r.-10.1.0,r.-10.1.0,,r.-10.1.0,r.-10.1.0,r.-10.1.0,,,,,,,,,,,,,,,,,,,
335,p.1,p.2,p.3,p.4,p.5,p.6,p.7,p.8,p.9,p.10,p.11,p.12,p.13,p.14,p.15,,p.16,p.17,p.18,p.19,p.20,p.21,p.22,p.23,p.24,p.25,p.26,p.27,p.28,p.29,p.30,p.31,p.32,p.33,p.34,p.35,p.36,p.37,,p.334,p.335,r.-11.0.0,,,,,,p.41,p.336,,p.337,p.44,p.338,p.46,p.47,p.339,p.355,p.49,p.50,p.51,p.341
336,p.1,p.2,p.3,p.4,p.5,p.6,p.7,p.8,p.9,p.10,p.11,p.12,p.13,p.14,p.15,,p.16,p.17,p.18,p.19,p.20,p.21,p.22,p.23,p.24,p.25,p.26,p.27,p.28,p.29,p.30,p.31,p.32,p.33,p.34,p.35,p.36,p.37,,p.293,p.294,,,,,,,p.41,p.295,,p.296,p.44,p.297,p.46,p.47,p.351,,p.49,p.50,p.51,p.299
337,,,,,,,,,,,,,,,,,,,,,,,,,,,,,,,,,,,,,,,,p.350,,,,,,,,,,,,,,,,,,,,,
338,,,,,,,,,,,,,,,,,,,,,,,,,,,,,,,,,,,,,,p.53,,,,,,,,,,,,,,,,,p.346,,,,,,
339,p.1,p.2,p.3,p.4,p.5,p.6,p.7,p.8,p.9,p.10,p.11,p.12,p.13,p.14,p.15,,p.16,p.17,p.18,p.19,p.20,p.21,p.22,p.23,p.24,p.25,p.26,p.27,p.28,p.29,p.30,p.31,p.32,p.33,p.34,p.35,p.36,p.37,,p.334,p.335,r.-11.0.0,,,,,,p.41,p.336,,p.337,p.44,p.338,p.46,p.47,p.339,p.345,p.49,p.50,p.51,p.341
340,,,,,,,,,,,,,,,,,,,,,,,,,,,,,,,,,,,,,,,,,,p.344,,,,,,,,,,,,,,,,,,,
341,,,,,,,,,,,,,,,,,,,,,,,,,,,,,,,,,,,,,,p.53,,,,,,,,,,,,,,,,,p.342,,,,,,
342,p.1,p.2,p.3,p.4,p.5,p.6,p.7,p.8,p.9,p.10,p.11,p.12,p.13,p.14,p.15,,p.16,p.17,p.18,p.19,p.20,p.21,p.22,p.23,p.24,p.25,p.26,p.27,p.28,p.29,p.30,p.31,p.32,p.33,p.34,p.35,p.36,p.37,,p.334,p.335,,,,,,,p.41,p.336,,p.337,p.44,p.338,p.46,p.47,p.343,,p.49,p.50,p.51,p.341
343,r.-10.3.0,r.-10.3.0,r.-10.3.0,r.-10.3.0,r.-10.3.0,r.-10.3.0,r.-10.3.0,r.-10.3.0,r.-10.3.0,r.-10.3.0,r.-10.3.0,r.-10.3.0,r.-10.3.0,r.-10.3.0,r.-10.3.0,,r.-10.3.0,r.-10.3.0,r.-10.3.0,r.-10.3.0,r.-10.3.0,r.-10.3.0,r.-10.3.0,r.-10.3.0,r.-10.3.0,r.-10.3.0,r.-10.3.0,r.-10.3.0,r.-10.3.0,r.-10.3.0,r.-10.3.0,r.-10.3.0,r.-10.3.0,r.-10.3.0,r.-10.3.0,r.-10.3.0,r.-10.3.0,r.-10.3.0,,r.-10.3.0,r.-10.3.0,r.-10.3.0,,,,,,,,,,,,,,,,,,,
344,,,,,,,,,,,,,r.-10.3.0,,,,,,,,,,,,,,,,,,,,,r.-10.3.0,,,,,,,,,,,,,,,,,,,,,,,,,,,
345,,,,,,,,,,,,,,,,,,,,,,,,,,,,,,,,,,,,,,,,,,r.-11.2.0,,,,,,,,,,,,,,,,,,,
346,p.1,p.2,p.3,p.4,p.5,p.6,p.7,p.8,p.9,p.10,p.11,p.12,p.13,p.14,p.15,,p.16,p.17,p.18,p.19,p.20,p.21,p.22,p.23,p.24,p.25,p.26,p.27,p.28,p.29,p.30,p.31,p.32,p.33,p.34,p.35,p.36,p.37,,p.334,p.335,,,,,,,p.41,p.336,,p.337,p.44,p.338,p.46,p.47,p.347,,p.49,p.50,p.51,p.341
347,r.-10.3.0,r.-10.3.0,r.-10.3.0,r.-10.3.0,r.-10.3.0,r.-10.3.0,r.-10.3.0,r.-10.3.0,r.-10.3.0,r.-10.3.0,r.-10.3.0,r.-10.3.0,p.282/r.-10.3.0,r.-10.3.0,r.-10.3.0,,r.-10.3.0,r.-10.3.0,r.-10.3.0,r.-10.3.0,r.-10.3.0,r.-10.3.0,r.-10.3.0,r.-10.3.0,r.-10.3.0,r.-10.3.0,r.-10.3.0,r.-10.3.0,r.-10.3.0,r.-10.3.0,r.-10.3.0,r.-10.3.0,r.-10.3.0,r.-10.3.0,r.-10.3.0,r.-10.3.0,r.-10.3.0,r.-10.3.0,,r.-10.3.0,r.-10.3.0,r.-10.3.0,,,,,,,,p.348,,,,,,,,,,,
348,p.1,p.2,p.3,p.4,p.5,p.6,p.7,p.8,p.9,p.10,p.11,p.12,p.13,p.14,p.15,,p.16,p.17,p.18,p.19,p.20,p.21,p.22,p.23,p.24,p.25,p.26,p.27,p.28,p.29,p.30,p.31,p.32,p.33,p.34,p.35,p.36,p.37,,p.334,p.335,,,,,,,p.41,p.336,,p.337,p.44,p.338,p.46,p.47,p.349,,p.49,p.50,p.51,p.341
349,r.-10.5.0,r.-10.5.0,r.-10.5.0,r.-10.5.0,r.-10.5.0,r.-10.5.0,r.-10.5.0,r.-10.5.0,r.-10.5.0,r.-10.5.0,r.-10.5.0,r.-10.5.0,r.-10.5.0,r.-10.5.0,r.-10.5.0,,r.-10.5.0,r.-10.5.0,r.-10.5.0,r.-10.5.0,r.-10.5.0,r.-10.5.0,r.-10.5.0,r.-10.5.0,r.-10.5.0,r.-10.5.0,r.-10.5.0,r.-10.5.0,r.-10.5.0,r.-10.5.0,r.-10.5.0,r.-10.5.0,r.-10.5.0,r.-10.5.0,r.-10.5.0,r.-10.5.0,r.-10.5.0,r.-10.5.0,,r.-10.5.0,r.-10.5.0,r.-10.5.0,,,,,,,,,,,,,,,,,,,
350,r.-10.2.0,r.-10.2.0,r.-10.2.0,r.-10.2.0,r.-10.2.0,r.-10.2.0,r.-10.2.0,r.-10.2.0,r.-10.2.0,r.-10.2.0,r.-10.2.0,r.-10.2.0,r.-10.2.0,r.-10.2.0,r.-10.2.0,,r.-10.2.0,r.-10.2.0,r.-10.2.0,r.-10.2.0,r.-10.2.0,r.-10.2.0,r.-10.2.0,r.-10.2.0,r.-10.2.0,r.-10.2.0,r.-10.2.0,r.-10.2.0,r.-10.2.0,r.-10.2.0,r.-10.2.0,r.-10.2.0,r.-10.2.0,r.-10.2.0,r.-10.2.0,r.-10.2.0,r.-10.2.0,r.-10.2.0,,r.-10.2.0,r.-10.2.0,r.-10.2.0,,,,,,,,,,,,,,,,,,,
351,,,,,,,,,,,,,,,,,,,,,,,,,,,,,,,,,,p.302,,,,,,,,,,,,,,,,,,,,,,,,,,,p.352
352,,,,,,,,,,,,,,,,,,,,,,,,,,,,,,,,,,,,,,p.304,,,,,,,,,,,,,,,,,p.353,,,,,,
353,,,,,,,,,,,,,,,,,,,,,,,,,,,,,,,,,,,,,,,,p.354,,,,,,,,,,,,,,,,,,,,,
354,r.-10.5.0,r.-10.5.0,r.-10.5.0,r.-10.5.0,r.-10.5.0,r.-10.5.0,r.-10.5.0,r.-10.5.0,r.-10.5.0,r.-10.5.0,r.-10.5.0,r.-10.5.0,r.-10.5.0,r.-10.5.0,r.-10.5.0,,r.-10.5.0,r.-10.5.0,r.-10.5.0,r.-10.5.0,r.-10.5.0,r.-10.5.0,r.-10.5.0,r.-10.5.0,r.-10.5.0,r.-10.5.0,r.-10.5.0,r.-10.5.0,r.-10.5.0,r.-10.5.0,r.-10.5.0,r.-10.5.0,r.-10.5.0,r.-10.5.0,r.-10.5.0,r.-10.5.0,r.-10.5.0,r.-10.5.0,,r.-10.5.0,r.-10.5.0,r.-10.5.0,,,,,,,,,,,,,,,,,,,
355,,,,,,,,,,,,,,,,,,,,,,,,,,,,,,,,,,,,,,,,,,p.356,,,,,,,,,,,,,,,,,,,
356,r.-10.3.0,r.-10.3.0,r.-10.3.0,r.-10.3.0,r.-10.3.0,r.-10.3.0,r.-10.3.0,r.-10.3.0,r.-10.3.0,r.-10.3.0,r.-10.3.0,r.-10.3.0,r.-10.3.0,r.-10.3.0,r.-10.3.0,,r.-10.3.0,r.-10.3.0,r.-10.3.0,r.-10.3.0,r.-10.3.0,r.-10.3.0,r.-10.3.0,r.-10.3.0,r.-10.3.0,r.-10.3.0,r.-10.3.0,r.-10.3.0,r.-10.3.0,r.-10.3.0,r.-10.3.0,r.-10.3.0,r.-10.3.0,r.-10.3.0,r.-10.3.0,r.-10.3.0,r.-10.3.0,r.-10.3.0,,r.-10.3.0,r.-10.3.0,r.-10.3.0,,,,,,,,,,,,,,,,,,,
357,,,,,,,,,,,,,,,,,,,,,,,,,,,,,,,,,,r.-10.2.0,,,,,,,,,,,,,,,,,,,,,,,,,,,
358,,,,,,,,,,,,,,,,,,,,,,,,,,,,,,,,,,p.302,,,,,,,,,,,,,,,,,,,,,,,,,,,p.359
359,,,,,,,,,,,,,,,,,,,,,,,,,,,,,,,,,,,,,,p.304,,,,,,,,,,,,,,,,,p.360,,,,,,
360,,,,,,,,,,,,,,,,,,,,,,,,,,,,,,,,,,,,,,,,p.361,,,,,,,,,,,,,,,,,,,,,
361,,,,,,,,,,,,,,,,,,,,,,,,,,,,,,,,,,r.-10.5.0,,,,,,,,,,,,,,,,,,,,,,,,,,,
362,,,,,,,,,,,,,,,,,,,,,,,,,,,,,,,,,,,,,,,,,,p.363,,,,,,,,,,,,,,,,,,,
363,,,,,,,,,,,,,,,,,,,,,,,,,,,,,,,,,,r.-10.3.0,,,,,,,,,,,,,,,,,,,,,,,,,,,
364,,,,,,,,,,,,,,,,,,,,,,,,,,,,,,,,,,,,,,,,,,p.365,,,,,,,,,,,,,,,,,,,
365,,,,,,,,,,,,,r.-10.3.0,,,,,,,,,,,,,,,,,,,,,,,,,,,,,,,,,r.-10.3.0,,,,,,,,,,,,,,,
366,p.1,p.2,p.3,p.4,p.5,p.6,p.7,p.8,p.9,p.10,p.367,p.12,p.13,p.14,p.15,,p.16,p.17,p.18,p.19,p.20,p.21,p.368,p.23,p.24,p.25,p.26,p.27,p.28,p.29,p.30,p.31,p.32,p.369,p.34,p.35,p.36,p.37,,,,,,,,,,p.41,,,p.370,p.44,,p.46,p.47,,,p.49,p.50,p.51,
367,,,,,,,,,,,,,,,,r.-6.1.0,,,,,,,,,,,,,,,,,,,,,,,,r.-6.1.0,,,r.-6.1.0,r.-6.1.0,r.-6.1.0,,,,,,,,,,,,,,,,
368,,,,,,,,,,,,,,,,r.-6.1.0,,,,,,,,,,,,,,,,,,,,,,,,r.-6.1.0,,,r.-6.1.0,r.-6.1.0,r.-6.1.0,,,,,,,,,,,,,,,,
369,,,,,,,,,,,,,,,,r.-6.1.0,,,,,,,,,,,,,,,,,,,,,,,,r.-6.1.0,,,r.-6.1.0,r.-6.1.0,r.-6.1.0,,,,,,,,,,,,,,,,
370,,,,,,,,,,,,,,,,,,,,,,,,,,,,,,,,,,,,,,,,r.-5.3.0,,,,,,,,,,,,,,,,,,,,,
371,,,,,,,,,,,,,,,,,,,,,,,,,,,,,,,,,,,,,,,,,,,,,,r.-10.2.0,,,,,,,,,,,,,,,
372,,,,,,,,,,,,,,,,,,,,,,,,,,,,,,,,,,p.302,,,,,,,,,,,,,,,,,,,,,,,,,,,p.373
373,,,,,,,,,,,,,,,,,,,,,,,,,,,,,,,,,,,,,,p.304,,,,,,,,,,,,,,,,,p.374,,,,,,
374,,,,,,,,,,,,,,,,,,,,,,,,,,,,,,,,,,,,,,,,p.375,,,,,,,,,,,,,,,,,,,,,
375,,,,,,,,,,,,,,,,,,,,,,,,,,,,,,,,,,,,,,,,,,,,,,r.-10.5.0,,,,,,,,,,,,,,,
376,,,,,,,,,,,,,,,,,,,,,,,,,,,,,,,,,,,,,,,,,,p.377,,,,,,,,,,,,,,,,,,,
377,,,,,,,,,,,,,,,,,,,,,,,,,,,,,,,,,,,,,,,,,,,,,,r.-10.3.0,,,,,,,,,,,,,,,
378,,,,,,,,,,,,,,,,,,,,,,,,,,,,,,,,,,,,,,,p.379,,,,,,,,,,,,,,,,,,,,,,
379,,,,,,,,,,,,,,,,,,,,,,,,,,,,,,,,,,,,,,,,r.-9.3.0,,,r.-9.3.0,r.-9.3.0,r.-9.3.0,,,,,,,,,,,,,,,,
380,,,,,,,,,,,,,,,,,,,,,,,,,,,,,,,,,,,,,,r.-7.2.0,,,,,,,,,,,,,,,,,,,,,,,
381,r.-3.2.0,r.-3.2.0,r.-3.2.0,r.-3.2.0,r.-3.2.0,r.-3.2.0,r.-3.2.0,r.-3.2.0,r.-3.2.0,r.-3.2.0,r.-3.2.0,r.-3.2.0,r.-3.2.0,r.-3.2.0,r.-3.2.0,,r.-3.2.0,r.-3.2.0,r.-3.2.0,r.-3.2.0,r.-3.2.0,r.-3.2.0,r.-3.2.0,r.-3.2.0,r.-3.2.0,r.-3.2.0,r.-3.2.0,r.-3.2.0,r.-3.2.0,r.-3.2.0,r.-3.2.0,r.-3.2.0,r.-3.2.0,r.-3.2.0,r.-3.2.0,r.-3.2.0,r.-3.2.0,r.-3.2.0,,r.-3.2.0,r.-3.2.0,,,,,,,,,,,,,,,,,,,,
