state,1,2,3,4,5,6,7,8,9,10,11,12,13,14,15,16,17,18,19,20,21,22,23,24,25,26,27,28,29,30,31,32,33,34,35,36,37,38,39,40,41,42,43,44,45,0,-1,-2,-3,-4,-5,-6,-7,-8,-9,-10,-11,-12,-13,-14,-15,-16,-17,-18,-19
0,p.1,p.2,p.3,p.4,,p.5,p.6,p.7,p.8,p.9,p.10,p.11,p.12,p.13,p.14,p.15,p.16,p.17,p.18,p.19,p.20,p.21,p.22,p.23,p.24,p.25,p.26,p.27,p.28,p.29,p.30,p.31,p.32,p.33,p.34,p.35,,p.36,p.37,,,,,p.38,,r.-1.0.6/r.-17.0.6/acc,p.39,,p.40,p.41,,p.42,,p.43,,p.44,,,,p.45,p.46,p.47,p.48,p.49,p.50
1,r.-15.1.0,r.-15.1.0,r.-15.1.0,r.-15.1.0,r.-15.1.0,r.-15.1.0,r.-15.1.0,r.-15.1.0,r.-15.1.0,r.-15.1.0,r.-15.1.0,r.-15.1.0,r.-15.1.0,r.-15.1.0,r.-15.1.0,r.-15.1.0,r.-15.1.0,r.-15.1.0,r.-15.1.0,r.-15.1.0,r.-15.1.0,r.-15.1.0,r.-15.1.0,r.-15.1.0,r.-15.1.0,r.-15.1.0,,,,,,,,,,,r.-15.1.0,r.-15.1.0,,,r.-15.1.0,r.-15.1.0,r.-15.1.0,,,,,,,,,,,,,,,,,,,,,,
2,r.-15.1.0,r.-15.1.0,r.-15.1.0,r.-15.1.0,r.-15.1.0,r.-15.1.0,r.-15.1.0,r.-15.1.0,r.-15.1.0,r.-15.1.0,r.-15.1.0,r.-15.1.0,r.-15.1.0,r.-15.1.0,r.-15.1.0,r.-15.1.0,r.-15.1.0,r.-15.1.0,r.-15.1.0,r.-15.1.0,r.-15.1.0,r.-15.1.0,r.-15.1.0,r.-15.1.0,r.-15.1.0,r.-15.1.0,,,,,,,,,,,r.-15.1.0,r.-15.1.0,,,r.-15.1.0,r.-15.1.0,r.-15.1.0,,,,,,,,,,,,,,,,,,,,,,
3,r.-15.1.0,r.-15.1.0,r.-15.1.0,r.-15.1.0,r.-15.1.0,r.-15.1.0,r.-15.1.0,r.-15.1.0,r.-15.1.0,r.-15.1.0,r.-15.1.0,r.-15.1.0,r.-15.1.0,r.-15.1.0,r.-15.1.0,r.-15.1.0,r.-15.1.0,r.-15.1.0,r.-15.1.0,r.-15.1.0,r.-15.1.0,r.-15.1.0,r.-15.1.0,r.-15.1.0,r.-15.1.0,r.-15.1.0,,,,,,,,,,,r.-15.1.0,r.-15.1.0,,,r.-15.1.0,r.-15.1.0,r.-15.1.0,,,,,,,,,,,,,,,,,,,,,,
4,,,,,,,,,,,,,,,p.384,,,,,,,,,,,,,,,,,,,,,,,,,,,,,,,,,,,,,,,,,,,,,,,,,,
5,r.-15.1.0,r.-15.1.0,r.-15.1.0,r.-15.1.0,r.-15.1.0,r.-15.1.0,r.-15.1.0,r.-15.1.0,r.-15.1.0,r.-15.1.0,r.-15.1.0,r.-15.1.0,r.-15.1.0,r.-15.1.0,r.-15.1.0,r.-15.1.0,r.-15.1.0,r.-15.1.0,r.-15.1.0,r.-15.1.0,r.-15.1.0,r.-15.1.0,r.-15.1.0,r.-15.1.0,r.-15.1.0,r.-15.1.0,,,,,,,,,,,r.-15.1.0,r.-15.1.0,,,r.-15.1.0,r.-15.1.0,r.-15.1.0,,,,,,,,,,,,,,,,,,,,,,
6,r.-15.1.0,r.-15.1.0,r.-15.1.0,r.-15.1.0,r.-15.1.0,r.-15.1.0,r.-15.1.0,r.-15.1.0,r.-15.1.0,r.-15.1.0,r.-15.1.0,r.-15.1.0,r.-15.1.0,r.-15.1.0,r.-15.1.0,r.-15.1.0,r.-15.1.0,r.-15.1.0,r.-15.1.0,r.-15.1.0,r.-15.1.0,r.-15.1.0,r.-15.1.0,r.-15.1.0,r.-15.1.0,r.-15.1.0,,,,,,,,,,,r.-15.1.0,r.-15.1.0,,,r.-15.1.0,r.-15.1.0,r.-15.1.0,,,,,,,,,,,,,,,,,,,,,,
7,r.-15.1.0,r.-15.1.0,r.-15.1.0,r.-15.1.0,r.-15.1.0,r.-15.1.0,r.-15.1.0,r.-15.1.0,r.-15.1.0,r.-15.1.0,r.-15.1.0,r.-15.1.0,r.-15.1.0,r.-15.1.0,r.-15.1.0,r.-15.1.0,r.-15.1.0,r.-15.1.0,r.-15.1.0,r.-15.1.0,r.-15.1.0,r.-15.1.0,r.-15.1.0,r.-15.1.0,r.-15.1.0,r.-15.1.0,,,,,,,,,,,r.-15.1.0,r.-15.1.0,,,r.-15.1.0,r.-15.1.0,r.-15.1.0,,,,,,,,,,,,,,,,,,,,,,
8,,,,,,p.342,,,,,,,,,,,,,,,,,,,,,,,,,,,,,,,,,,,,,,,,,,,,,,,,,,,,,,,,,,,
9,r.-15.1.0,r.-15.1.0,r.-15.1.0,r.-15.1.0,r.-15.1.0,r.-15.1.0,r.-15.1.0,r.-15.1.0,r.-15.1.0,r.-15.1.0,r.-15.1.0,r.-15.1.0,r.-15.1.0,r.-15.1.0,r.-15.1.0,r.-15.1.0,r.-15.1.0,r.-15.1.0,r.-15.1.0,r.-15.1.0,r.-15.1.0,r.-15.1.0,r.-15.1.0,r.-15.1.0,r.-15.1.0,r.-15.1.0,,,,,,,,,,,r.-15.1.0,r.-15.1.0,,,r.-15.1.0,r.-15.1.0,r.-15.1.0,,,,,,,,,,,,,,,,,,,,,,
10,r.-15.1.0,r.-15.1.0,r.-15.1.0,r.-15.1.0,r.-15.1.0,r.-15.1.0,r.-15.1.0,r.-15.1.0,r.-15.1.0,r.-15.1.0,r.-15.1.0,r.-15.1.0,r.-15.1.0,r.-15.1.0,r.-15.1.0,r.-15.1.0,r.-15.1.0,r.-15.1.0,r.-15.1.0,r.-15.1.0,r.-15.1.0,r.-15.1.0,r.-15.1.0,r.-15.1.0,r.-15.1.0,r.-15.1.0,,,,,,,,,,,r.-15.1.0,r.-15.1.0,,,r.-15.1.0,r.-15.1.0,r.-15.1.0,,,,,,,,,,,,,,,,,,,,,,
11,r.-15.1.0,r.-15.1.0,r.-15.1.0,r.-15.1.0,r.-15.1.0,r.-15.1.0,r.-15.1.0,r.-15.1.0,r.-15.1.0,r.-15.1.0,r.-15.1.0,r.-15.1.0,r.-15.1.0,r.-15.1.0,r.-15.1.0,r.-15.1.0,r.-15.1.0,r.-15.1.0,r.-15.1.0,r.-15.1.0,r.-15.1.0,r.-15.1.0,r.-15.1.0,r.-15.1.0,r.-15.1.0,r.-15.1.0,,,,,,,,,,,r.-15.1.0,r.-15.1.0,,,r.-15.1.0,r.-15.1.0,r.-15.1.0,,,,,,,,,,,,,,,,,,,,,,
12,r.-15.1.0,r.-15.1.0,r.-15.1.0,r.-15.1.0,r.-15.1.0,r.-15.1.0,r.-15.1.0,r.-15.1.0,r.-15.1.0,r.-15.1.0,r.-15.1.0,r.-15.1.0,r.-15.1.0,r.-15.1.0,r.-15.1.0,r.-15.1.0,r.-15.1.0,r.-15.1.0,r.-15.1.0,r.-15.1.0,r.-15.1.0,r.-15.1.0,r.-15.1.0,r.-15.1.0,r.-15.1.0,r.-15.1.0,,,,,,,,,,,r.-15.1.0,r.-15.1.0,,,r.-15.1.0,r.-15.1.0,r.-15.1.0,,,,,,,,,,,,,,,,,,,,,,
13,r.-15.1.0,r.-15.1.0,r.-15.1.0,r.-15.1.0,r.-15.1.0,r.-15.1.0,r.-15.1.0,r.-15.1.0,r.-15.1.0,r.-15.1.0,r.-15.1.0,r.-15.1.0,r.-15.1.0,r.-15.1.0,r.-15.1.0,r.-15.1.0,r.-15.1.0,r.-15.1.0,r.-15.1.0,r.-15.1.0,r.-15.1.0,r.-15.1.0,r.-15.1.0,r.-15.1.0,r.-15.1.0,r.-15.1.0,,,,,,,,,,,r.-15.1.0,r.-15.1.0,,,r.-15.1.0,r.-15.1.0,r.-15.1.0,,,,,,,,,,,,,,,,,,,,,,
14,r.-15.1.0,r.-15.1.0,r.-15.1.0,r.-15.1.0,r.-15.1.0,r.-15.1.0,r.-15.1.0,r.-15.1.0,r.-15.1.0,r.-15.1.0,r.-15.1.0,r.-15.1.0,r.-15.1.0,r.-15.1.0,r.-15.1.0,r.-15.1.0,r.-15.1.0,r.-15.1.0,r.-15.1.0,r.-15.1.0,r.-15.1.0,r.-15.1.0,r.-15.1.0,r.-15.1.0,r.-15.1.0,r.-15.1.0,,,,,,,,,,,r.-15.1.0,r.-15.1.0,,,r.-15.1.0,r.-15.1.0,r.-15.1.0,,,,,,,,,,,,,,,,,,,,,,
15,r.-15.1.0,r.-15.1.0,r.-15.1.0,r.-15.1.0,r.-15.1.0,r.-15.1.0,r.-15.1.0,r.-15.1.0,r.-15.1.0,r.-15.1.0,r.-15.1.0,r.-15.1.0,r.-15.1.0,r.-15.1.0,r.-15.1.0,r.-15.1.0,r.-15.1.0,r.-15.1.0,r.-15.1.0,r.-15.1.0,r.-15.1.0,r.-15.1.0,r.-15.1.0,r.-15.1.0,r.-15.1.0,r.-15.1.0,,,,,,,,,,,r.-15.1.0,r.-15.1.0,,,r.-15.1.0,r.-15.1.0,r.-15.1.0,,,,,,,,,,,,,,,,,,,,,,
16,r.-15.1.0,r.-15.1.0,r.-15.1.0,r.-15.1.0,r.-15.1.0,r.-15.1.0,r.-15.1.0,r.-15.1.0,r.-15.1.0,r.-15.1.0,r.-15.1.0,r.-15.1.0,r.-15.1.0,r.-15.1.0,r.-15.1.0,r.-15.1.0,r.-15.1.0,r.-15.1.0,r.-15.1.0,r.-15.1.0,r.-15.1.0,r.-15.1.0,r.-15.1.0,r.-15.1.0,r.-15.1.0,r.-15.1.0,,,,,,,,,,,r.-15.1.0,r.-15.1.0,,,r.-15.1.0,r.-15.1.0,r.-15.1.0,,,,,,,,,,,,,,,,,,,,,,
17,r.-15.1.0,r.-15.1.0,r.-15.1.0,r.-15.1.0,r.-15.1.0,r.-15.1.0,r.-15.1.0,r.-15.1.0,r.-15.1.0,r.-15.1.0,r.-15.1.0,r.-15.1.0,r.-15.1.0,r.-15.1.0,r.-15.1.0,r.-15.1.0,r.-15.1.0,r.-15.1.0,r.-15.1.0,r.-15.1.0,r.-15.1.0,r.-15.1.0,r.-15.1.0,r.-15.1.0,r.-15.1.0,r.-15.1.0,,,,,,,,,,,r.-15.1.0,r.-15.1.0,,,r.-15.1.0,r.-15.1.0,r.-15.1.0,,,,,,,,,,,,,,,,,,,,,,
18,r.-15.1.0,r.-15.1.0,r.-15.1.0,r.-15.1.0,r.-15.1.0,r.-15.1.0,r.-15.1.0,r.-15.1.0,r.-15.1.0,r.-15.1.0,r.-15.1.0,r.-15.1.0,r.-15.1.0,r.-15.1.0,r.-15.1.0,r.-15.1.0,r.-15.1.0,r.-15.1.0,r.-15.1.0,r.-15.1.0,r.-15.1.0,r.-15.1.0,r.-15.1.0,r.-15.1.0,r.-15.1.0,r.-15.1.0,,,,,,,,,,,r.-15.1.0,r.-15.1.0,,,r.-15.1.0,r.-15.1.0,r.-15.1.0,,,,,,,,,,,,,,,,,,,,,,
19,r.-15.1.0,r.-15.1.0,r.-15.1.0,r.-15.1.0,r.-15.1.0,r.-15.1.0,r.-15.1.0,r.-15.1.0,r.-15.1.0,r.-15.1.0,r.-15.1.0,r.-15.1.0,r.-15.1.0,r.-15.1.0,r.-15.1.0,r.-15.1.0,r.-15.1.0,r.-15.1.0,r.-15.1.0,r.-15.1.0,r.-15.1.0,r.-15.1.0,r.-15.1.0,r.-15.1.0,r.-15.1.0,r.-15.1.0,,,,,,,,,,,r.-15.1.0,r.-15.1.0,,,r.-15.1.0,r.-15.1.0,r.-15.1.0,,,,,,,,,,,,,,,,,,,,,,
20,r.-15.1.0,r.-15.1.0,r.-15.1.0,r.-15.1.0,r.-15.1.0,r.-15.1.0,r.-15.1.0,r.-15.1.0,r.-15.1.0,r.-15.1.0,r.-15.1.0,r.-15.1.0,r.-15.1.0,r.-15.1.0,r.-15.1.0,r.-15.1.0,r.-15.1.0,r.-15.1.0,r.-15.1.0,r.-15.1.0,r.-15.1.0,r.-15.1.0,r.-15.1.0,r.-15.1.0,r.-15.1.0,r.-15.1.0,,,,,,,,,,,r.-15.1.0,r.-15.1.0,,,r.-15.1.0,r.-15.1.0,r.-15.1.0,,,,,,,,,,,,,,,,,,,,,,
21,r.-15.1.0,r.-15.1.0,r.-15.1.0,r.-15.1.0,r.-15.1.0,r.-15.1.0,r.-15.1.0,r.-15.1.0,r.-15.1.0,r.-15.1.0,r.-15.1.0,r.-15.1.0,r.-15.1.0,r.-15.1.0,r.-15.1.0,r.-15.1.0,r.-15.1.0,r.-15.1.0,r.-15.1.0,r.-15.1.0,r.-15.1.0,r.-15.1.0,r.-15.1.0,r.-15.1.0,r.-15.1.0,r.-15.1.0,,,,,,,,,,,r.-15.1.0,r.-15.1.0,,,r.-15.1.0,r.-15.1.0,r.-15.1.0,,,,,,,,,,,,,,,,,,,,,,
22,,,,,,,,p.335,,,,,,,,,,,,,,,,,,,,,,,,,,,,,,,,,,,,,,,,,,,,,,,,,,,,,,,,,
23,r.-15.1.0,r.-15.1.0,r.-15.1.0,r.-15.1.0,r.-15.1.0,r.-15.1.0,r.-15.1.0,r.-15.1.0,r.-15.1.0,r.-15.1.0,r.-15.1.0,r.-15.1.0,r.-15.1.0,r.-15.1.0,r.-15.1.0,r.-15.1.0,r.-15.1.0,r.-15.1.0,r.-15.1.0,r.-15.1.0,r.-15.1.0,r.-15.1.0,r.-15.1.0,r.-15.1.0,r.-15.1.0,r.-15.1.0,,,,,,,,,,,r.-15.1.0,r.-15.1.0,,,r.-15.1.0,r.-15.1.0,r.-15.1.0,,,,,,,,,,,,,,,,,,,,,,
24,r.-15.1.0,r.-15.1.0,r.-15.1.0,r.-15.1.0,r.-15.1.0,r.-15.1.0,r.-15.1.0,r.-15.1.0,r.-15.1.0,r.-15.1.0,r.-15.1.0,r.-15.1.0,r.-15.1.0,r.-15.1.0,r.-15.1.0,r.-15.1.0,r.-15.1.0,r.-15.1.0,r.-15.1.0,r.-15.1.0,r.-15.1.0,r.-15.1.0,r.-15.1.0,r.-15.1.0,r.-15.1.0,r.-15.1.0,,,,,,,,,,,r.-15.1.0,r.-15.1.0,,,r.-15.1.0,r.-15.1.0,r.-15.1.0,,,,,,,,,,,,,,,,,,,,,,
25,r.-15.1.0,r.-15.1.0,r.-15.1.0,r.-15.1.0,r.-15.1.0,r.-15.1.0,r.-15.1.0,r.-15.1.0,r.-15.1.0,r.-15.1.0,r.-15.1.0,r.-15.1.0,r.-15.1.0,r.-15.1.0,r.-15.1.0,r.-15.1.0,r.-15.1.0,r.-15.1.0,r.-15.1.0,r.-15.1.0,r.-15.1.0,r.-15.1.0,r.-15.1.0,r.-15.1.0,r.-15.1.0,r.-15.1.0,,,,,,,,,,,r.-15.1.0,r.-15.1.0,,,r.-15.1.0,r.-15.1.0,r.-15.1.0,,,,,,,,,,,,,,,,,,,,,,
26,,,,,,,,,,,,,,,,,,,,,,,,,,,r.-3.1.0,r.-3.1.0,r.-3.1.0,r.-3.1.0,r.-3.1.0,r.-3.1.0,r.-3.1.0,r.-3.1.0,r.-3.1.0,r.-3.1.0,r.-3.1.0,r.-3.1.0,,,r.-3.1.0,r.-3.1.0,r.-3.1.0,,,,,,,,,,,,,,,,,,,,,,
27,,,,,,,,,,,,,,,,,,,,,,,,,,,r.-3.1.0,r.-3.1.0,r.-3.1.0,r.-3.1.0,r.-3.1.0,r.-3.1.0,r.-3.1.0,r.-3.1.0,r.-3.1.0,r.-3.1.0,r.-3.1.0,r.-3.1.0,,,r.-3.1.0,r.-3.1.0,r.-3.1.0,,,,,,,,,,,,,,,,,,,,,,
28,,,,,,,,,,,,,,,,,,,,,,,,,,,r.-3.1.0,r.-3.1.0,r.-3.1.0,r.-3.1.0,r.-3.1.0,r.-3.1.0,r.-3.1.0,r.-3.1.0,r.-3.1.0,r.-3.1.0,r.-3.1.0,r.-3.1.0,,,r.-3.1.0,r.-3.1.0,r.-3.1.0,,,,,,,,,,,,,,,,,,,,,,
29,,,,,,,,,,,,,,,,,,,,,,,,,,,r.-3.1.0,r.-3.1.0,r.-3.1.0,r.-3.1.0,r.-3.1.0,r.-3.1.0,r.-3.1.0,r.-3.1.0,r.-3.1.0,r.-3.1.0,r.-3.1.0,r.-3.1.0,,,r.-3.1.0,r.-3.1.0,r.-3.1.0,,,,,,,,,,,,,,,,,,,,,,
30,,,,,,,,,,,,,,,,,,,,,,,,,,,r.-3.1.0,r.-3.1.0,r.-3.1.0,r.-3.1.0,r.-3.1.0,r.-3.1.0,r.-3.1.0,r.-3.1.0,r.-3.1.0,r.-3.1.0,r.-3.1.0,r.-3.1.0,,,r.-3.1.0,r.-3.1.0,r.-3.1.0,,,,,,,,,,,,,,,,,,,,,,
31,,,,,,,,,,,,,,,,,,,,,,,,,,,r.-3.1.0,r.-3.1.0,r.-3.1.0,r.-3.1.0,r.-3.1.0,r.-3.1.0,r.-3.1.0,r.-3.1.0,r.-3.1.0,r.-3.1.0,r.-3.1.0,r.-3.1.0,,,r.-3.1.0,r.-3.1.0,r.-3.1.0,,,,,,,,,,,,,,,,,,,,,,
32,,,,,,,,,,,,,,,,,,,,,,,,,,,r.-3.1.0,r.-3.1.0,r.-3.1.0,r.-3.1.0,r.-3.1.0,r.-3.1.0,r.-3.1.0,r.-3.1.0,r.-3.1.0,r.-3.1.0,r.-3.1.0,r.-3.1.0,,,r.-3.1.0,r.-3.1.0,r.-3.1.0,,,,,,,,,,,,,,,,,,,,,,
33,,,,,,,,,,,,,,,,,,,,,,,,,,,r.-3.1.0,r.-3.1.0,r.-3.1.0,r.-3.1.0,r.-3.1.0,r.-3.1.0,r.-3.1.0,r.-3.1.0,r.-3.1.0,r.-3.1.0,r.-3.1.0,r.-3.1.0,,,r.-3.1.0,r.-3.1.0,r.-3.1.0,,,,,,,,,,,,,,,,,,,,,,
34,,,,,,,,,,,,,,,,,,,,,,,,,,,r.-3.1.0,r.-3.1.0,r.-3.1.0,r.-3.1.0,r.-3.1.0,r.-3.1.0,r.-3.1.0,r.-3.1.0,r.-3.1.0,r.-3.1.0,r.-3.1.0,r.-3.1.0,,,r.-3.1.0,r.-3.1.0,r.-3.1.0,,,,,,,,,,,,,,,,,,,,,,
35,,,,,,,,,,,,,,,,,,,,,,,,,,,r.-3.1.0,r.-3.1.0,r.-3.1.0,r.-3.1.0,r.-3.1.0,r.-3.1.0,r.-3.1.0,r.-3.1.0,r.-3.1.0,r.-3.1.0,r.-3.1.0,r.-3.1.0,,,r.-3.1.0,r.-3.1.0,r.-3.1.0,,,,,,,,,,,,,,,,,,,,,,
36,r.-10.1.0,r.-10.1.0,r.-10.1.0,r.-10.1.0,,r.-10.1.0,r.-10.1.0,r.-10.1.0,r.-10.1.0,r.-10.1.0,r.-10.1.0,r.-10.1.0,r.-10.1.0,r.-10.1.0,r.-10.1.0,r.-10.1.0,r.-10.1.0,r.-10.1.0,r.-10.1.0,r.-10.1.0,r.-10.1.0,r.-10.1.0,r.-10.1.0,r.-10.1.0,r.-10.1.0,r.-10.1.0,r.-10.1.0,r.-10.1.0,r.-10.1.0,r.-10.1.0,r.-10.1.0,r.-10.1.0,r.-10.1.0,r.-10.1.0,r.-10.1.0,r.-10.1.0,,r.-10.1.0,r.-10.1.0,,,,,r.-10.1.0,,r.-10.1.0,,,,,,,,,,,,,,,,,,,
37,p.1,p.2,p.3,p.187,,p.5,p.6,p.7,p.188,p.9,p.10,p.11,p.12,p.13,p.14,p.15,p.16,p.17,p.18,p.19,p.20,p.21,p.189,p.23,p.24,p.25,p.26,p.27,p.28,p.29,p.30,p.31,p.32,p.33,p.34,p.35,,p.190,p.191,r.-17.0.6,,,,p.38,,,,,p.40,p.192,,p.42,,p.43,,p.193,,,,p.45,p.46,p.194,p.195,p.49,p.196
38,p.100,p.101,p.102,,,p.103,p.104,p.105,,p.106,p.107,p.108,p.109,p.110,p.111,p.112,p.113,p.114,p.115,p.116,p.117,p.118,,p.119,p.120,p.121,p.122,p.123,p.124,p.125,p.126,p.127,p.128,p.129,p.130,p.131,,,,,,,,p.132,,,,,p.133,p.134,,p.135,,p.136,,,,,,p.137,p.138,,,p.139,
39,,,,,,,,,,,,,,,,,,,,,,,,,,,,,,,,,,,,,,,,,,,,,,acc,,,,,,,,,,,,,,,,,,,
40,,,,,,,,,,,,,,,,,,,,,,,,,,,p.26,p.27,p.28,p.29,p.30,p.31,p.32,p.33,p.34,p.35,r.-9.0.6/r.-8.1.6,r.-8.1.6/r.-9.0.6,,,r.-8.1.6/r.-9.0.6,r.-8.1.6/r.-9.0.6,r.-8.1.6/r.-9.0.6,,,,,,p.97,,,,,,p.98,,,,,,,,,,
41,,,,,,,,,,,,,,,,,,,,,,,,,,,,,,,,,,,,,,p.96,,,,,,,,,,,,,,,,,,,,,,,,,,,
42,,,,,,,,,,,,,,,,,,,,,,,,,,,,,,,,,,,,,r.-18.1.0,r.-18.1.0,,,r.-18.1.0,r.-18.1.0,r.-18.1.0,,,,,,,,,,,,,,,,,,,,,,
43,,,,,,,,,,,,,,,,,,,,,,,,,,,,,,,,,,,,,r.-18.1.0,r.-18.1.0,,,r.-18.1.0,r.-18.1.0,r.-18.1.0,,,,,,,,,,,,,,,,,,,,,,
44,r.-16.1.0,r.-16.1.0,r.-16.1.0,r.-16.1.0,,r.-16.1.0,r.-16.1.0,r.-16.1.0,r.-16.1.0,r.-16.1.0,r.-16.1.0,r.-16.1.0,r.-16.1.0,r.-16.1.0,r.-16.1.0,r.-16.1.0,r.-16.1.0,r.-16.1.0,r.-16.1.0,r.-16.1.0,r.-16.1.0,r.-16.1.0,r.-16.1.0,r.-16.1.0,r.-16.1.0,r.-16.1.0,r.-16.1.0,r.-16.1.0,r.-16.1.0,r.-16.1.0,r.-16.1.0,r.-16.1.0,r.-16.1.0,r.-16.1.0,r.-16.1.0,r.-16.1.0,,r.-16.1.0,r.-16.1.0,,,,,r.-16.1.0,,r.-16.1.0,,,,,,,,,,,,,,,,,,,
45,,,,,,,,,,,,,,,,,,,,,,,,,,,,,,,,,,,,,r.-18.1.0,r.-18.1.0,,,r.-18.1.0,r.-18.1.0,r.-18.1.0,,,,,,,,,,,,,,,,,,,,,,
46,p.67,p.68,p.69,p.70,p.71,p.72,p.73,p.74,p.75,p.76,p.77,p.78,p.79,p.80,p.81,p.82,p.83,p.84,p.85,p.86,p.87,p.88,p.89,p.90,p.91,p.92,,,,,,,,,,,r.-7.0.6/r.-6.1.6,r.-7.0.6/r.-6.1.6,,,r.-6.1.6/r.-7.0.6,r.-6.1.6/r.-7.0.6,r.-7.0.6/r.-6.1.6,,,,,p.93,,,,,p.94,,,,,,,,,,,,
47,p.1,p.2,p.3,p.4,,p.5,p.6,p.7,p.8,p.9,p.10,p.11,p.12,p.13,p.14,p.15,p.16,p.17,p.18,p.19,p.20,p.21,p.22,p.23,p.24,p.25,p.26,p.27,p.28,p.29,p.30,p.31,p.32,p.33,p.34,p.35,,p.36,p.37,,,,,p.38,,r.-17.1.6/r.-17.0.6,,,p.40,p.41,,p.42,,p.43,,p.44,,,,p.45,p.46,p.47,p.66,p.49,p.50
48,,,,,,,,,,,,,,,,,,,,,,,,,,,,,,,,,,,,,,,,,,,,,,r.-1.1.0,,,,,,,,,,,,,,,,,,,
49,,,,,,,,,,,,,,,,,,,,,,,,,,,,,,,,,,,,,p.51,r.-4.1.6/r.-5.0.6,,,p.52,p.53,p.54,,,,,,,,p.55,,,,,,p.56,p.57,p.58,,,,,,
50,r.-16.1.0,r.-16.1.0,r.-16.1.0,r.-16.1.0,,r.-16.1.0,r.-16.1.0,r.-16.1.0,r.-16.1.0,r.-16.1.0,r.-16.1.0,r.-16.1.0,r.-16.1.0,r.-16.1.0,r.-16.1.0,r.-16.1.0,r.-16.1.0,r.-16.1.0,r.-16.1.0,r.-16.1.0,r.-16.1.0,r.-16.1.0,r.-16.1.0,r.-16.1.0,r.-16.1.0,r.-16.1.0,r.-16.1.0,r.-16.1.0,r.-16.1.0,r.-16.1.0,r.-16.1.0,r.-16.1.0,r.-16.1.0,r.-16.1.0,r.-16.1.0,r.-16.1.0,,r.-16.1.0,r.-16.1.0,,,,,r.-16.1.0,,r.-16.1.0,,,,,,,,,,,,,,,,,,,
51,p.1,p.2,p.3,,,p.5,p.6,p.7,,p.9,p.10,p.11,p.12,p.13,p.14,p.15,p.16,p.17,p.18,p.19,p.20,p.21,,p.23,p.24,p.25,p.26,p.27,p.28,p.29,p.30,p.31,p.32,p.33,p.34,p.35,,,,,,,,p.38,,,,,p.40,p.65,,p.42,,p.43,,,,,,p.45,p.46,,,p.49,
52,r.-11.1.0,r.-11.1.0,r.-11.1.0,,,r.-11.1.0,r.-11.1.0,r.-11.1.0,,r.-11.1.0,r.-11.1.0,r.-11.1.0,r.-11.1.0,r.-11.1.0,r.-11.1.0,r.-11.1.0,r.-11.1.0,r.-11.1.0,r.-11.1.0,r.-11.1.0,r.-11.1.0,r.-11.1.0,,r.-11.1.0,r.-11.1.0,r.-11.1.0,r.-11.1.0,r.-11.1.0,r.-11.1.0,r.-11.1.0,r.-11.1.0,r.-11.1.0,r.-11.1.0,r.-11.1.0,r.-11.1.0,r.-11.1.0,,,,,,,,r.-11.1.0,,,,,,,,,,,,,,,,,,,,,
53,r.-12.1.0,r.-12.1.0,r.-12.1.0,,,r.-12.1.0,r.-12.1.0,r.-12.1.0,,r.-12.1.0,r.-12.1.0,r.-12.1.0,r.-12.1.0,r.-12.1.0,r.-12.1.0,r.-12.1.0,r.-12.1.0,r.-12.1.0,r.-12.1.0,r.-12.1.0,r.-12.1.0,r.-12.1.0,,r.-12.1.0,r.-12.1.0,r.-12.1.0,r.-12.1.0,r.-12.1.0,r.-12.1.0,r.-12.1.0,r.-12.1.0,r.-12.1.0,r.-12.1.0,r.-12.1.0,r.-12.1.0,r.-12.1.0,,,,,,,,r.-12.1.0,,,,,,,,,,,,,,,,,,,,,
54,r.-13.1.0,r.-13.1.0,r.-13.1.0,,,r.-13.1.0,r.-13.1.0,r.-13.1.0,,r.-13.1.0,r.-13.1.0,r.-13.1.0,r.-13.1.0,r.-13.1.0,r.-13.1.0,r.-13.1.0,r.-13.1.0,r.-13.1.0,r.-13.1.0,r.-13.1.0,r.-13.1.0,r.-13.1.0,,r.-13.1.0,r.-13.1.0,r.-13.1.0,r.-13.1.0,r.-13.1.0,r.-13.1.0,r.-13.1.0,r.-13.1.0,r.-13.1.0,r.-13.1.0,r.-13.1.0,r.-13.1.0,r.-13.1.0,,,,,,,,r.-13.1.0,,,,,,,,,,,,,,,,,,,,,
55,,,,,,,,,,,,,,,,,,,,,,,,,,,,,,,,,,,,,,r.-4.2.0,,,,,,,,,,,,,,,,,,,,,,,,,,,
56,p.1,p.2,p.3,,,p.5,p.6,p.7,,p.9,p.10,p.11,p.12,p.13,p.14,p.15,p.16,p.17,p.18,p.19,p.20,p.21,,p.23,p.24,p.25,p.26,p.27,p.28,p.29,p.30,p.31,p.32,p.33,p.34,p.35,,,,,,,,p.38,,,,,p.40,,,p.42,,p.43,,,,,,p.45,p.46,,,p.63,
57,p.1,p.2,p.3,,,p.5,p.6,p.7,,p.9,p.10,p.11,p.12,p.13,p.14,p.15,p.16,p.17,p.18,p.19,p.20,p.21,,p.23,p.24,p.25,p.26,p.27,p.28,p.29,p.30,p.31,p.32,p.33,p.34,p.35,,,,,,,,p.38,,,,,p.40,,,p.42,,p.43,,,,,,p.45,p.46,,,p.61,
58,p.1,p.2,p.3,,,p.5,p.6,p.7,,p.9,p.10,p.11,p.12,p.13,p.14,p.15,p.16,p.17,p.18,p.19,p.20,p.21,,p.23,p.24,p.25,p.26,p.27,p.28,p.29,p.30,p.31,p.32,p.33,p.34,p.35,,,,,,,,p.38,,,,,p.40,,,p.42,,p.43,,,,,,p.45,p.46,,,p.59,
59,,,,,,,,,,,,,,,,,,,,,,,,,,,,,,,,,,,,,p.51,r.-5.0.6/r.-5.2.6,,,p.52,p.53,p.54,,,,,,,,p.60,,,,,,p.56,p.57,p.58,,,,,,
60,,,,,,,,,,,,,,,,,,,,,,,,,,,,,,,,,,,,,,r.-5.3.0,,,,,,,,,,,,,,,,,,,,,,,,,,,
61,,,,,,,,,,,,,,,,,,,,,,,,,,,,,,,,,,,,,p.51,r.-5.0.6/r.-5.2.6,,,p.52,p.53,p.54,,,,,,,,p.62,,,,,,p.56,p.57,p.58,,,,,,
62,,,,,,,,,,,,,,,,,,,,,,,,,,,,,,,,,,,,,,r.-5.3.0,,,,,,,,,,,,,,,,,,,,,,,,,,,
63,,,,,,,,,,,,,,,,,,,,,,,,,,,,,,,,,,,,,p.51,r.-5.0.6/r.-5.2.6,,,p.52,p.53,p.54,,,,,,,,p.64,,,,,,p.56,p.57,p.58,,,,,,
64,,,,,,,,,,,,,,,,,,,,,,,,,,,,,,,,,,,,,,r.-5.3.0,,,,,,,,,,,,,,,,,,,,,,,,,,,
65,,,,,,,,,,,,,,,,,,,,,,,,,,,,,,,,,,,,,,r.-5.2.0,,,,,,,,,,,,,,,,,,,,,,,,,,,
66,,,,,,,,,,,,,,,,,,,,,,,,,,,,,,,,,,,,,,,,,,,,,,r.-17.2.0,,,,,,,,,,,,,,,,,,,
67,r.-2.1.0,r.-2.1.0,r.-2.1.0,r.-2.1.0,r.-2.1.0,r.-2.1.0,r.-2.1.0,r.-2.1.0,r.-2.1.0,r.-2.1.0,r.-2.1.0,r.-2.1.0,r.-2.1.0,r.-2.1.0,r.-2.1.0,r.-2.1.0,r.-2.1.0,r.-2.1.0,r.-2.1.0,r.-2.1.0,r.-2.1.0,r.-2.1.0,r.-2.1.0,r.-2.1.0,r.-2.1.0,r.-2.1.0,,,,,,,,,,,r.-2.1.0,r.-2.1.0,,,r.-2.1.0,r.-2.1.0,r.-2.1.0,,,,,,,,,,,,,,,,,,,,,,
68,r.-2.1.0,r.-2.1.0,r.-2.1.0,r.-2.1.0,r.-2.1.0,r.-2.1.0,r.-2.1.0,r.-2.1.0,r.-2.1.0,r.-2.1.0,r.-2.1.0,r.-2.1.0,r.-2.1.0,r.-2.1.0,r.-2.1.0,r.-2.1.0,r.-2.1.0,r.-2.1.0,r.-2.1.0,r.-2.1.0,r.-2.1.0,r.-2.1.0,r.-2.1.0,r.-2.1.0,r.-2.1.0,r.-2.1.0,,,,,,,,,,,r.-2.1.0,r.-2.1.0,,,r.-2.1.0,r.-2.1.0,r.-2.1.0,,,,,,,,,,,,,,,,,,,,,,
69,r.-2.1.0,r.-2.1.0,r.-2.1.0,r.-2.1.0,r.-2.1.0,r.-2.1.0,r.-2.1.0,r.-2.1.0,r.-2.1.0,r.-2.1.0,r.-2.1.0,r.-2.1.0,r.-2.1.0,r.-2.1.0,r.-2.1.0,r.-2.1.0,r.-2.1.0,r.-2.1.0,r.-2.1.0,r.-2.1.0,r.-2.1.0,r.-2.1.0,r.-2.1.0,r.-2.1.0,r.-2.1.0,r.-2.1.0,,,,,,,,,,,r.-2.1.0,r.-2.1.0,,,r.-2.1.0,r.-2.1.0,r.-2.1.0,,,,,,,,,,,,,,,,,,,,,,
70,r.-2.1.0,r.-2.1.0,r.-2.1.0,r.-2.1.0,r.-2.1.0,r.-2.1.0,r.-2.1.0,r.-2.1.0,r.-2.1.0,r.-2.1.0,r.-2.1.0,r.-2.1.0,r.-2.1.0,r.-2.1.0,r.-2.1.0,r.-2.1.0,r.-2.1.0,r.-2.1.0,r.-2.1.0,r.-2.1.0,r.-2.1.0,r.-2.1.0,r.-2.1.0,r.-2.1.0,r.-2.1.0,r.-2.1.0,,,,,,,,,,,r.-2.1.0,r.-2.1.0,,,r.-2.1.0,r.-2.1.0,r.-2.1.0,,,,,,,,,,,,,,,,,,,,,,
71,r.-2.1.0,r.-2.1.0,r.-2.1.0,r.-2.1.0,r.-2.1.0,r.-2.1.0,r.-2.1.0,r.-2.1.0,r.-2.1.0,r.-2.1.0,r.-2.1.0,r.-2.1.0,r.-2.1.0,r.-2.1.0,r.-2.1.0,r.-2.1.0,r.-2.1.0,r.-2.1.0,r.-2.1.0,r.-2.1.0,r.-2.1.0,r.-2.1.0,r.-2.1.0,r.-2.1.0,r.-2.1.0,r.-2.1.0,,,,,,,,,,,r.-2.1.0,r.-2.1.0,,,r.-2.1.0,r.-2.1.0,r.-2.1.0,,,,,,,,,,,,,,,,,,,,,,
72,r.-2.1.0,r.-2.1.0,r.-2.1.0,r.-2.1.0,r.-2.1.0,r.-2.1.0,r.-2.1.0,r.-2.1.0,r.-2.1.0,r.-2.1.0,r.-2.1.0,r.-2.1.0,r.-2.1.0,r.-2.1.0,r.-2.1.0,r.-2.1.0,r.-2.1.0,r.-2.1.0,r.-2.1.0,r.-2.1.0,r.-2.1.0,r.-2.1.0,r.-2.1.0,r.-2.1.0,r.-2.1.0,r.-2.1.0,,,,,,,,,,,r.-2.1.0,r.-2.1.0,,,r.-2.1.0,r.-2.1.0,r.-2.1.0,,,,,,,,,,,,,,,,,,,,,,
73,r.-2.1.0,r.-2.1.0,r.-2.1.0,r.-2.1.0,r.-2.1.0,r.-2.1.0,r.-2.1.0,r.-2.1.0,r.-2.1.0,r.-2.1.0,r.-2.1.0,r.-2.1.0,r.-2.1.0,r.-2.1.0,r.-2.1.0,r.-2.1.0,r.-2.1.0,r.-2.1.0,r.-2.1.0,r.-2.1.0,r.-2.1.0,r.-2.1.0,r.-2.1.0,r.-2.1.0,r.-2.1.0,r.-2.1.0,,,,,,,,,,,r.-2.1.0,r.-2.1.0,,,r.-2.1.0,r.-2.1.0,r.-2.1.0,,,,,,,,,,,,,,,,,,,,,,
74,r.-2.1.0,r.-2.1.0,r.-2.1.0,r.-2.1.0,r.-2.1.0,r.-2.1.0,r.-2.1.0,r.-2.1.0,r.-2.1.0,r.-2.1.0,r.-2.1.0,r.-2.1.0,r.-2.1.0,r.-2.1.0,r.-2.1.0,r.-2.1.0,r.-2.1.0,r.-2.1.0,r.-2.1.0,r.-2.1.0,r.-2.1.0,r.-2.1.0,r.-2.1.0,r.-2.1.0,r.-2.1.0,r.-2.1.0,,,,,,,,,,,r.-2.1.0,r.-2.1.0,,,r.-2.1.0,r.-2.1.0,r.-2.1.0,,,,,,,,,,,,,,,,,,,,,,
75,r.-2.1.0,r.-2.1.0,r.-2.1.0,r.-2.1.0,r.-2.1.0,r.-2.1.0,r.-2.1.0,r.-2.1.0,r.-2.1.0,r.-2.1.0,r.-2.1.0,r.-2.1.0,r.-2.1.0,r.-2.1.0,r.-2.1.0,r.-2.1.0,r.-2.1.0,r.-2.1.0,r.-2.1.0,r.-2.1.0,r.-2.1.0,r.-2.1.0,r.-2.1.0,r.-2.1.0,r.-2.1.0,r.-2.1.0,,,,,,,,,,,r.-2.1.0,r.-2.1.0,,,r.-2.1.0,r.-2.1.0,r.-2.1.0,,,,,,,,,,,,,,,,,,,,,,
76,r.-2.1.0,r.-2.1.0,r.-2.1.0,r.-2.1.0,r.-2.1.0,r.-2.1.0,r.-2.1.0,r.-2.1.0,r.-2.1.0,r.-2.1.0,r.-2.1.0,r.-2.1.0,r.-2.1.0,r.-2.1.0,r.-2.1.0,r.-2.1.0,r.-2.1.0,r.-2.1.0,r.-2.1.0,r.-2.1.0,r.-2.1.0,r.-2.1.0,r.-2.1.0,r.-2.1.0,r.-2.1.0,r.-2.1.0,,,,,,,,,,,r.-2.1.0,r.-2.1.0,,,r.-2.1.0,r.-2.1.0,r.-2.1.0,,,,,,,,,,,,,,,,,,,,,,
77,r.-2.1.0,r.-2.1.0,r.-2.1.0,r.-2.1.0,r.-2.1.0,r.-2.1.0,r.-2.1.0,r.-2.1.0,r.-2.1.0,r.-2.1.0,r.-2.1.0,r.-2.1.0,r.-2.1.0,r.-2.1.0,r.-2.1.0,r.-2.1.0,r.-2.1.0,r.-2.1.0,r.-2.1.0,r.-2.1.0,r.-2.1.0,r.-2.1.0,r.-2.1.0,r.-2.1.0,r.-2.1.0,r.-2.1.0,,,,,,,,,,,r.-2.1.0,r.-2.1.0,,,r.-2.1.0,r.-2.1.0,r.-2.1.0,,,,,,,,,,,,,,,,,,,,,,
78,r.-2.1.0,r.-2.1.0,r.-2.1.0,r.-2.1.0,r.-2.1.0,r.-2.1.0,r.-2.1.0,r.-2.1.0,r.-2.1.0,r.-2.1.0,r.-2.1.0,r.-2.1.0,r.-2.1.0,r.-2.1.0,r.-2.1.0,r.-2.1.0,r.-2.1.0,r.-2.1.0,r.-2.1.0,r.-2.1.0,r.-2.1.0,r.-2.1.0,r.-2.1.0,r.-2.1.0,r.-2.1.0,r.-2.1.0,,,,,,,,,,,r.-2.1.0,r.-2.1.0,,,r.-2.1.0,r.-2.1.0,r.-2.1.0,,,,,,,,,,,,,,,,,,,,,,
79,r.-2.1.0,r.-2.1.0,r.-2.1.0,r.-2.1.0,r.-2.1.0,r.-2.1.0,r.-2.1.0,r.-2.1.0,r.-2.1.0,r.-2.1.0,r.-2.1.0,r.-2.1.0,r.-2.1.0,r.-2.1.0,r.-2.1.0,r.-2.1.0,r.-2.1.0,r.-2.1.0,r.-2.1.0,r.-2.1.0,r.-2.1.0,r.-2.1.0,r.-2.1.0,r.-2.1.0,r.-2.1.0,r.-2.1.0,,,,,,,,,,,r.-2.1.0,r.-2.1.0,,,r.-2.1.0,r.-2.1.0,r.-2.1.0,,,,,,,,,,,,,,,,,,,,,,
80,r.-2.1.0,r.-2.1.0,r.-2.1.0,r.-2.1.0,r.-2.1.0,r.-2.1.0,r.-2.1.0,r.-2.1.0,r.-2.1.0,r.-2.1.0,r.-2.1.0,r.-2.1.0,r.-2.1.0,r.-2.1.0,r.-2.1.0,r.-2.1.0,r.-2.1.0,r.-2.1.0,r.-2.1.0,r.-2.1.0,r.-2.1.0,r.-2.1.0,r.-2.1.0,r.-2.1.0,r.-2.1.0,r.-2.1.0,,,,,,,,,,,r.-2.1.0,r.-2.1.0,,,r.-2.1.0,r.-2.1.0,r.-2.1.0,,,,,,,,,,,,,,,,,,,,,,
81,r.-2.1.0,r.-2.1.0,r.-2.1.0,r.-2.1.0,r.-2.1.0,r.-2.1.0,r.-2.1.0,r.-2.1.0,r.-2.1.0,r.-2.1.0,r.-2.1.0,r.-2.1.0,r.-2.1.0,r.-2.1.0,r.-2.1.0,r.-2.1.0,r.-2.1.0,r.-2.1.0,r.-2.1.0,r.-2.1.0,r.-2.1.0,r.-2.1.0,r.-2.1.0,r.-2.1.0,r.-2.1.0,r.-2.1.0,,,,,,,,,,,r.-2.1.0,r.-2.1.0,,,r.-2.1.0,r.-2.1.0,r.-2.1.0,,,,,,,,,,,,,,,,,,,,,,
82,r.-2.1.0,r.-2.1.0,r.-2.1.0,r.-2.1.0,r.-2.1.0,r.-2.1.0,r.-2.1.0,r.-2.1.0,r.-2.1.0,r.-2.1.0,r.-2.1.0,r.-2.1.0,r.-2.1.0,r.-2.1.0,r.-2.1.0,r.-2.1.0,r.-2.1.0,r.-2.1.0,r.-2.1.0,r.-2.1.0,r.-2.1.0,r.-2.1.0,r.-2.1.0,r.-2.1.0,r.-2.1.0,r.-2.1.0,,,,,,,,,,,r.-2.1.0,r.-2.1.0,,,r.-2.1.0,r.-2.1.0,r.-2.1.0,,,,,,,,,,,,,,,,,,,,,,
83,r.-2.1.0,r.-2.1.0,r.-2.1.0,r.-2.1.0,r.-2.1.0,r.-2.1.0,r.-2.1.0,r.-2.1.0,r.-2.1.0,r.-2.1.0,r.-2.1.0,r.-2.1.0,r.-2.1.0,r.-2.1.0,r.-2.1.0,r.-2.1.0,r.-2.1.0,r.-2.1.0,r.-2.1.0,r.-2.1.0,r.-2.1.0,r.-2.1.0,r.-2.1.0,r.-2.1.0,r.-2.1.0,r.-2.1.0,,,,,,,,,,,r.-2.1.0,r.-2.1.0,,,r.-2.1.0,r.-2.1.0,r.-2.1.0,,,,,,,,,,,,,,,,,,,,,,
84,r.-2.1.0,r.-2.1.0,r.-2.1.0,r.-2.1.0,r.-2.1.0,r.-2.1.0,r.-2.1.0,r.-2.1.0,r.-2.1.0,r.-2.1.0,r.-2.1.0,r.-2.1.0,r.-2.1.0,r.-2.1.0,r.-2.1.0,r.-2.1.0,r.-2.1.0,r.-2.1.0,r.-2.1.0,r.-2.1.0,r.-2.1.0,r.-2.1.0,r.-2.1.0,r.-2.1.0,r.-2.1.0,r.-2.1.0,,,,,,,,,,,r.-2.1.0,r.-2.1.0,,,r.-2.1.0,r.-2.1.0,r.-2.1.0,,,,,,,,,,,,,,,,,,,,,,
85,r.-2.1.0,r.-2.1.0,r.-2.1.0,r.-2.1.0,r.-2.1.0,r.-2.1.0,r.-2.1.0,r.-2.1.0,r.-2.1.0,r.-2.1.0,r.-2.1.0,r.-2.1.0,r.-2.1.0,r.-2.1.0,r.-2.1.0,r.-2.1.0,r.-2.1.0,r.-2.1.0,r.-2.1.0,r.-2.1.0,r.-2.1.0,r.-2.1.0,r.-2.1.0,r.-2.1.0,r.-2.1.0,r.-2.1.0,,,,,,,,,,,r.-2.1.0,r.-2.1.0,,,r.-2.1.0,r.-2.1.0,r.-2.1.0,,,,,,,,,,,,,,,,,,,,,,
86,r.-2.1.0,r.-2.1.0,r.-2.1.0,r.-2.1.0,r.-2.1.0,r.-2.1.0,r.-2.1.0,r.-2.1.0,r.-2.1.0,r.-2.1.0,r.-2.1.0,r.-2.1.0,r.-2.1.0,r.-2.1.0,r.-2.1.0,r.-2.1.0,r.-2.1.0,r.-2.1.0,r.-2.1.0,r.-2.1.0,r.-2.1.0,r.-2.1.0,r.-2.1.0,r.-2.1.0,r.-2.1.0,r.-2.1.0,,,,,,,,,,,r.-2.1.0,r.-2.1.0,,,r.-2.1.0,r.-2.1.0,r.-2.1.0,,,,,,,,,,,,,,,,,,,,,,
87,r.-2.1.0,r.-2.1.0,r.-2.1.0,r.-2.1.0,r.-2.1.0,r.-2.1.0,r.-2.1.0,r.-2.1.0,r.-2.1.0,r.-2.1.0,r.-2.1.0,r.-2.1.0,r.-2.1.0,r.-2.1.0,r.-2.1.0,r.-2.1.0,r.-2.1.0,r.-2.1.0,r.-2.1.0,r.-2.1.0,r.-2.1.0,r.-2.1.0,r.-2.1.0,r.-2.1.0,r.-2.1.0,r.-2.1.0,,,,,,,,,,,r.-2.1.0,r.-2.1.0,,,r.-2.1.0,r.-2.1.0,r.-2.1.0,,,,,,,,,,,,,,,,,,,,,,
88,r.-2.1.0,r.-2.1.0,r.-2.1.0,r.-2.1.0,r.-2.1.0,r.-2.1.0,r.-2.1.0,r.-2.1.0,r.-2.1.0,r.-2.1.0,r.-2.1.0,r.-2.1.0,r.-2.1.0,r.-2.1.0,r.-2.1.0,r.-2.1.0,r.-2.1.0,r.-2.1.0,r.-2.1.0,r.-2.1.0,r.-2.1.0,r.-2.1.0,r.-2.1.0,r.-2.1.0,r.-2.1.0,r.-2.1.0,,,,,,,,,,,r.-2.1.0,r.-2.1.0,,,r.-2.1.0,r.-2.1.0,r.-2.1.0,,,,,,,,,,,,,,,,,,,,,,
89,r.-2.1.0,r.-2.1.0,r.-2.1.0,r.-2.1.0,r.-2.1.0,r.-2.1.0,r.-2.1.0,r.-2.1.0,r.-2.1.0,r.-2.1.0,r.-2.1.0,r.-2.1.0,r.-2.1.0,r.-2.1.0,r.-2.1.0,r.-2.1.0,r.-2.1.0,r.-2.1.0,r.-2.1.0,r.-2.1.0,r.-2.1.0,r.-2.1.0,r.-2.1.0,r.-2.1.0,r.-2.1.0,r.-2.1.0,,,,,,,,,,,r.-2.1.0,r.-2.1.0,,,r.-2.1.0,r.-2.1.0,r.-2.1.0,,,,,,,,,,,,,,,,,,,,,,
90,r.-2.1.0,r.-2.1.0,r.-2.1.0,r.-2.1.0,r.-2.1.0,r.-2.1.0,r.-2.1.0,r.-2.1.0,r.-2.1.0,r.-2.1.0,r.-2.1.0,r.-2.1.0,r.-2.1.0,r.-2.1.0,r.-2.1.0,r.-2.1.0,r.-2.1.0,r.-2.1.0,r.-2.1.0,r.-2.1.0,r.-2.1.0,r.-2.1.0,r.-2.1.0,r.-2.1.0,r.-2.1.0,r.-2.1.0,,,,,,,,,,,r.-2.1.0,r.-2.1.0,,,r.-2.1.0,r.-2.1.0,r.-2.1.0,,,,,,,,,,,,,,,,,,,,,,
91,r.-2.1.0,r.-2.1.0,r.-2.1.0,r.-2.1.0,r.-2.1.0,r.-2.1.0,r.-2.1.0,r.-2.1.0,r.-2.1.0,r.-2.1.0,r.-2.1.0,r.-2.1.0,r.-2.1.0,r.-2.1.0,r.-2.1.0,r.-2.1.0,r.-2.1.0,r.-2.1.0,r.-2.1.0,r.-2.1.0,r.-2.1.0,r.-2.1.0,r.-2.1.0,r.-2.1.0,r.-2.1.0,r.-2.1.0,,,,,,,,,,,r.-2.1.0,r.-2.1.0,,,r.-2.1.0,r.-2.1.0,r.-2.1.0,,,,,,,,,,,,,,,,,,,,,,
92,r.-2.1.0,r.-2.1.0,r.-2.1.0,r.-2.1.0,r.-2.1.0,r.-2.1.0,r.-2.1.0,r.-2.1.0,r.-2.1.0,r.-2.1.0,r.-2.1.0,r.-2.1.0,r.-2.1.0,r.-2.1.0,r.-2.1.0,r.-2.1.0,r.-2.1.0,r.-2.1.0,r.-2.1.0,r.-2.1.0,r.-2.1.0,r.-2.1.0,r.-2.1.0,r.-2.1.0,r.-2.1.0,r.-2.1.0,,,,,,,,,,,r.-2.1.0,r.-2.1.0,,,r.-2.1.0,r.-2.1.0,r.-2.1.0,,,,,,,,,,,,,,,,,,,,,,
93,p.67,p.68,p.69,p.70,p.71,p.72,p.73,p.74,p.75,p.76,p.77,p.78,p.79,p.80,p.81,p.82,p.83,p.84,p.85,p.86,p.87,p.88,p.89,p.90,p.91,p.92,,,,,,,,,,,r.-7.1.6/r.-7.0.6,r.-7.0.6/r.-7.1.6,,,r.-7.0.6/r.-7.1.6,r.-7.0.6/r.-7.1.6,r.-7.1.6/r.-7.0.6,,,,,p.93,,,,,p.95,,,,,,,,,,,,
94,,,,,,,,,,,,,,,,,,,,,,,,,,,,,,,,,,,,,r.-6.2.0,r.-6.2.0,,,r.-6.2.0,r.-6.2.0,r.-6.2.0,,,,,,,,,,,,,,,,,,,,,,
95,,,,,,,,,,,,,,,,,,,,,,,,,,,,,,,,,,,,,r.-7.2.0,r.-7.2.0,,,r.-7.2.0,r.-7.2.0,r.-7.2.0,,,,,,,,,,,,,,,,,,,,,,
96,r.-10.2.0,r.-10.2.0,r.-10.2.0,r.-10.2.0,,r.-10.2.0,r.-10.2.0,r.-10.2.0,r.-10.2.0,r.-10.2.0,r.-10.2.0,r.-10.2.0,r.-10.2.0,r.-10.2.0,r.-10.2.0,r.-10.2.0,r.-10.2.0,r.-10.2.0,r.-10.2.0,r.-10.2.0,r.-10.2.0,r.-10.2.0,r.-10.2.0,r.-10.2.0,r.-10.2.0,r.-10.2.0,r.-10.2.0,r.-10.2.0,r.-10.2.0,r.-10.2.0,r.-10.2.0,r.-10.2.0,r.-10.2.0,r.-10.2.0,r.-10.2.0,r.-10.2.0,,r.-10.2.0,r.-10.2.0,,,,,r.-10.2.0,,r.-10.2.0,,,,,,,,,,,,,,,,,,,
97,,,,,,,,,,,,,,,,,,,,,,,,,,,p.26,p.27,p.28,p.29,p.30,p.31,p.32,p.33,p.34,p.35,r.-9.0.6/r.-9.1.6,r.-9.0.6/r.-9.1.6,,,r.-9.1.6/r.-9.0.6,r.-9.1.6/r.-9.0.6,r.-9.0.6/r.-9.1.6,,,,,,p.97,,,,,,p.99,,,,,,,,,,
98,,,,,,,,,,,,,,,,,,,,,,,,,,,,,,,,,,,,,r.-8.2.0,r.-8.2.0,,,r.-8.2.0,r.-8.2.0,r.-8.2.0,,,,,,,,,,,,,,,,,,,,,,
99,,,,,,,,,,,,,,,,,,,,,,,,,,,,,,,,,,,,,r.-9.2.0,r.-9.2.0,,,r.-9.2.0,r.-9.2.0,r.-9.2.0,,,,,,,,,,,,,,,,,,,,,,
100,r.-15.1.0,r.-15.1.0,r.-15.1.0,r.-15.1.0,r.-15.1.0,r.-15.1.0,r.-15.1.0,r.-15.1.0,r.-15.1.0,r.-15.1.0,r.-15.1.0,r.-15.1.0,r.-15.1.0,r.-15.1.0,r.-15.1.0,r.-15.1.0,r.-15.1.0,r.-15.1.0,r.-15.1.0,r.-15.1.0,r.-15.1.0,r.-15.1.0,r.-15.1.0,r.-15.1.0,r.-15.1.0,r.-15.1.0,,,,,,,,,,,r.-15.1.0,,,,r.-15.1.0,r.-15.1.0,r.-15.1.0,,r.-15.1.0,,,,,,,,,,,,,,,,,,,,
101,r.-15.1.0,r.-15.1.0,r.-15.1.0,r.-15.1.0,r.-15.1.0,r.-15.1.0,r.-15.1.0,r.-15.1.0,r.-15.1.0,r.-15.1.0,r.-15.1.0,r.-15.1.0,r.-15.1.0,r.-15.1.0,r.-15.1.0,r.-15.1.0,r.-15.1.0,r.-15.1.0,r.-15.1.0,r.-15.1.0,r.-15.1.0,r.-15.1.0,r.-15.1.0,r.-15.1.0,r.-15.1.0,r.-15.1.0,,,,,,,,,,,r.-15.1.0,,,,r.-15.1.0,r.-15.1.0,r.-15.1.0,,r.-15.1.0,,,,,,,,,,,,,,,,,,,,
102,r.-15.1.0,r.-15.1.0,r.-15.1.0,r.-15.1.0,r.-15.1.0,r.-15.1.0,r.-15.1.0,r.-15.1.0,r.-15.1.0,r.-15.1.0,r.-15.1.0,r.-15.1.0,r.-15.1.0,r.-15.1.0,r.-15.1.0,r.-15.1.0,r.-15.1.0,r.-15.1.0,r.-15.1.0,r.-15.1.0,r.-15.1.0,r.-15.1.0,r.-15.1.0,r.-15.1.0,r.-15.1.0,r.-15.1.0,,,,,,,,,,,r.-15.1.0,,,,r.-15.1.0,r.-15.1.0,r.-15.1.0,,r.-15.1.0,,,,,,,,,,,,,,,,,,,,
103,r.-15.1.0,r.-15.1.0,r.-15.1.0,r.-15.1.0,r.-15.1.0,r.-15.1.0,r.-15.1.0,r.-15.1.0,r.-15.1.0,r.-15.1.0,r.-15.1.0,r.-15.1.0,r.-15.1.0,r.-15.1.0,r.-15.1.0,r.-15.1.0,r.-15.1.0,r.-15.1.0,r.-15.1.0,r.-15.1.0,r.-15.1.0,r.-15.1.0,r.-15.1.0,r.-15.1.0,r.-15.1.0,r.-15.1.0,,,,,,,,,,,r.-15.1.0,,,,r.-15.1.0,r.-15.1.0,r.-15.1.0,,r.-15.1.0,,,,,,,,,,,,,,,,,,,,
104,r.-15.1.0,r.-15.1.0,r.-15.1.0,r.-15.1.0,r.-15.1.0,r.-15.1.0,r.-15.1.0,r.-15.1.0,r.-15.1.0,r.-15.1.0,r.-15.1.0,r.-15.1.0,r.-15.1.0,r.-15.1.0,r.-15.1.0,r.-15.1.0,r.-15.1.0,r.-15.1.0,r.-15.1.0,r.-15.1.0,r.-15.1.0,r.-15.1.0,r.-15.1.0,r.-15.1.0,r.-15.1.0,r.-15.1.0,,,,,,,,,,,r.-15.1.0,,,,r.-15.1.0,r.-15.1.0,r.-15.1.0,,r.-15.1.0,,,,,,,,,,,,,,,,,,,,
105,r.-15.1.0,r.-15.1.0,r.-15.1.0,r.-15.1.0,r.-15.1.0,r.-15.1.0,r.-15.1.0,r.-15.1.0,r.-15.1.0,r.-15.1.0,r.-15.1.0,r.-15.1.0,r.-15.1.0,r.-15.1.0,r.-15.1.0,r.-15.1.0,r.-15.1.0,r.-15.1.0,r.-15.1.0,r.-15.1.0,r.-15.1.0,r.-15.1.0,r.-15.1.0,r.-15.1.0,r.-15.1.0,r.-15.1.0,,,,,,,,,,,r.-15.1.0,,,,r.-15.1.0,r.-15.1.0,r.-15.1.0,,r.-15.1.0,,,,,,,,,,,,,,,,,,,,
106,r.-15.1.0,r.-15.1.0,r.-15.1.0,r.-15.1.0,r.-15.1.0,r.-15.1.0,r.-15.1.0,r.-15.1.0,r.-15.1.0,r.-15.1.0,r.-15.1.0,r.-15.1.0,r.-15.1.0,r.-15.1.0,r.-15.1.0,r.-15.1.0,r.-15.1.0,r.-15.1.0,r.-15.1.0,r.-15.1.0,r.-15.1.0,r.-15.1.0,r.-15.1.0,r.-15.1.0,r.-15.1.0,r.-15.1.0,,,,,,,,,,,r.-15.1.0,,,,r.-15.1.0,r.-15.1.0,r.-15.1.0,,r.-15.1.0,,,,,,,,,,,,,,,,,,,,
107,r.-15.1.0,r.-15.1.0,r.-15.1.0,r.-15.1.0,r.-15.1.0,r.-15.1.0,r.-15.1.0,r.-15.1.0,r.-15.1.0,r.-15.1.0,r.-15.1.0,r.-15.1.0,r.-15.1.0,r.-15.1.0,r.-15.1.0,r.-15.1.0,r.-15.1.0,r.-15.1.0,r.-15.1.0,r.-15.1.0,r.-15.1.0,r.-15.1.0,r.-15.1.0,r.-15.1.0,r.-15.1.0,r.-15.1.0,,,,,,,,,,,r.-15.1.0,,,,r.-15.1.0,r.-15.1.0,r.-15.1.0,,r.-15.1.0,,,,,,,,,,,,,,,,,,,,
108,r.-15.1.0,r.-15.1.0,r.-15.1.0,r.-15.1.0,r.-15.1.0,r.-15.1.0,r.-15.1.0,r.-15.1.0,r.-15.1.0,r.-15.1.0,r.-15.1.0,r.-15.1.0,r.-15.1.0,r.-15.1.0,r.-15.1.0,r.-15.1.0,r.-15.1.0,r.-15.1.0,r.-15.1.0,r.-15.1.0,r.-15.1.0,r.-15.1.0,r.-15.1.0,r.-15.1.0,r.-15.1.0,r.-15.1.0,,,,,,,,,,,r.-15.1.0,,,,r.-15.1.0,r.-15.1.0,r.-15.1.0,,r.-15.1.0,,,,,,,,,,,,,,,,,,,,
109,r.-15.1.0,r.-15.1.0,r.-15.1.0,r.-15.1.0,r.-15.1.0,r.-15.1.0,r.-15.1.0,r.-15.1.0,r.-15.1.0,r.-15.1.0,r.-15.1.0,r.-15.1.0,r.-15.1.0,r.-15.1.0,r.-15.1.0,r.-15.1.0,r.-15.1.0,r.-15.1.0,r.-15.1.0,r.-15.1.0,r.-15.1.0,r.-15.1.0,r.-15.1.0,r.-15.1.0,r.-15.1.0,r.-15.1.0,,,,,,,,,,,r.-15.1.0,,,,r.-15.1.0,r.-15.1.0,r.-15.1.0,,r.-15.1.0,,,,,,,,,,,,,,,,,,,,
110,r.-15.1.0,r.-15.1.0,r.-15.1.0,r.-15.1.0,r.-15.1.0,r.-15.1.0,r.-15.1.0,r.-15.1.0,r.-15.1.0,r.-15.1.0,r.-15.1.0,r.-15.1.0,r.-15.1.0,r.-15.1.0,r.-15.1.0,r.-15.1.0,r.-15.1.0,r.-15.1.0,r.-15.1.0,r.-15.1.0,r.-15.1.0,r.-15.1.0,r.-15.1.0,r.-15.1.0,r.-15.1.0,r.-15.1.0,,,,,,,,,,,r.-15.1.0,,,,r.-15.1.0,r.-15.1.0,r.-15.1.0,,r.-15.1.0,,,,,,,,,,,,,,,,,,,,
111,r.-15.1.0,r.-15.1.0,r.-15.1.0,r.-15.1.0,r.-15.1.0,r.-15.1.0,r.-15.1.0,r.-15.1.0,r.-15.1.0,r.-15.1.0,r.-15.1.0,r.-15.1.0,r.-15.1.0,r.-15.1.0,r.-15.1.0,r.-15.1.0,r.-15.1.0,r.-15.1.0,r.-15.1.0,r.-15.1.0,r.-15.1.0,r.-15.1.0,r.-15.1.0,r.-15.1.0,r.-15.1.0,r.-15.1.0,,,,,,,,,,,r.-15.1.0,,,,r.-15.1.0,r.-15.1.0,r.-15.1.0,,r.-15.1.0,,,,,,,,,,,,,,,,,,,,
112,r.-15.1.0,r.-15.1.0,r.-15.1.0,r.-15.1.0,r.-15.1.0,r.-15.1.0,r.-15.1.0,r.-15.1.0,r.-15.1.0,r.-15.1.0,r.-15.1.0,r.-15.1.0,r.-15.1.0,r.-15.1.0,r.-15.1.0,r.-15.1.0,r.-15.1.0,r.-15.1.0,r.-15.1.0,r.-15.1.0,r.-15.1.0,r.-15.1.0,r.-15.1.0,r.-15.1.0,r.-15.1.0,r.-15.1.0,,,,,,,,,,,r.-15.1.0,,,,r.-15.1.0,r.-15.1.0,r.-15.1.0,,r.-15.1.0,,,,,,,,,,,,,,,,,,,,
113,r.-15.1.0,r.-15.1.0,r.-15.1.0,r.-15.1.0,r.-15.1.0,r.-15.1.0,r.-15.1.0,r.-15.1.0,r.-15.1.0,r.-15.1.0,r.-15.1.0,r.-15.1.0,r.-15.1.0,r.-15.1.0,r.-15.1.0,r.-15.1.0,r.-15.1.0,r.-15.1.0,r.-15.1.0,r.-15.1.0,r.-15.1.0,r.-15.1.0,r.-15.1.0,r.-15.1.0,r.-15.1.0,r.-15.1.0,,,,,,,,,,,r.-15.1.0,,,,r.-15.1.0,r.-15.1.0,r.-15.1.0,,r.-15.1.0,,,,,,,,,,,,,,,,,,,,
114,r.-15.1.0,r.-15.1.0,r.-15.1.0,r.-15.1.0,r.-15.1.0,r.-15.1.0,r.-15.1.0,r.-15.1.0,r.-15.1.0,r.-15.1.0,r.-15.1.0,r.-15.1.0,r.-15.1.0,r.-15.1.0,r.-15.1.0,r.-15.1.0,r.-15.1.0,r.-15.1.0,r.-15.1.0,r.-15.1.0,r.-15.1.0,r.-15.1.0,r.-15.1.0,r.-15.1.0,r.-15.1.0,r.-15.1.0,,,,,,,,,,,r.-15.1.0,,,,r.-15.1.0,r.-15.1.0,r.-15.1.0,,r.-15.1.0,,,,,,,,,,,,,,,,,,,,
115,r.-15.1.0,r.-15.1.0,r.-15.1.0,r.-15.1.0,r.-15.1.0,r.-15.1.0,r.-15.1.0,r.-15.1.0,r.-15.1.0,r.-15.1.0,r.-15.1.0,r.-15.1.0,r.-15.1.0,r.-15.1.0,r.-15.1.0,r.-15.1.0,r.-15.1.0,r.-15.1.0,r.-15.1.0,r.-15.1.0,r.-15.1.0,r.-15.1.0,r.-15.1.0,r.-15.1.0,r.-15.1.0,r.-15.1.0,,,,,,,,,,,r.-15.1.0,,,,r.-15.1.0,r.-15.1.0,r.-15.1.0,,r.-15.1.0,,,,,,,,,,,,,,,,,,,,
116,r.-15.1.0,r.-15.1.0,r.-15.1.0,r.-15.1.0,r.-15.1.0,r.-15.1.0,r.-15.1.0,r.-15.1.0,r.-15.1.0,r.-15.1.0,r.-15.1.0,r.-15.1.0,r.-15.1.0,r.-15.1.0,r.-15.1.0,r.-15.1.0,r.-15.1.0,r.-15.1.0,r.-15.1.0,r.-15.1.0,r.-15.1.0,r.-15.1.0,r.-15.1.0,r.-15.1.0,r.-15.1.0,r.-15.1.0,,,,,,,,,,,r.-15.1.0,,,,r.-15.1.0,r.-15.1.0,r.-15.1.0,,r.-15.1.0,,,,,,,,,,,,,,,,,,,,
117,r.-15.1.0,r.-15.1.0,r.-15.1.0,r.-15.1.0,r.-15.1.0,r.-15.1.0,r.-15.1.0,r.-15.1.0,r.-15.1.0,r.-15.1.0,r.-15.1.0,r.-15.1.0,r.-15.1.0,r.-15.1.0,r.-15.1.0,r.-15.1.0,r.-15.1.0,r.-15.1.0,r.-15.1.0,r.-15.1.0,r.-15.1.0,r.-15.1.0,r.-15.1.0,r.-15.1.0,r.-15.1.0,r.-15.1.0,,,,,,,,,,,r.-15.1.0,,,,r.-15.1.0,r.-15.1.0,r.-15.1.0,,r.-15.1.0,,,,,,,,,,,,,,,,,,,,
118,r.-15.1.0,r.-15.1.0,r.-15.1.0,r.-15.1.0,r.-15.1.0,r.-15.1.0,r.-15.1.0,r.-15.1.0,r.-15.1.0,r.-15.1.0,r.-15.1.0,r.-15.1.0,r.-15.1.0,r.-15.1.0,r.-15.1.0,r.-15.1.0,r.-15.1.0,r.-15.1.0,r.-15.1.0,r.-15.1.0,r.-15.1.0,r.-15.1.0,r.-15.1.0,r.-15.1.0,r.-15.1.0,r.-15.1.0,,,,,,,,,,,r.-15.1.0,,,,r.-15.1.0,r.-15.1.0,r.-15.1.0,,r.-15.1.0,,,,,,,,,,,,,,,,,,,,
119,r.-15.1.0,r.-15.1.0,r.-15.1.0,r.-15.1.0,r.-15.1.0,r.-15.1.0,r.-15.1.0,r.-15.1.0,r.-15.1.0,r.-15.1.0,r.-15.1.0,r.-15.1.0,r.-15.1.0,r.-15.1.0,r.-15.1.0,r.-15.1.0,r.-15.1.0,r.-15.1.0,r.-15.1.0,r.-15.1.0,r.-15.1.0,r.-15.1.0,r.-15.1.0,r.-15.1.0,r.-15.1.0,r.-15.1.0,,,,,,,,,,,r.-15.1.0,,,,r.-15.1.0,r.-15.1.0,r.-15.1.0,,r.-15.1.0,,,,,,,,,,,,,,,,,,,,
120,r.-15.1.0,r.-15.1.0,r.-15.1.0,r.-15.1.0,r.-15.1.0,r.-15.1.0,r.-15.1.0,r.-15.1.0,r.-15.1.0,r.-15.1.0,r.-15.1.0,r.-15.1.0,r.-15.1.0,r.-15.1.0,r.-15.1.0,r.-15.1.0,r.-15.1.0,r.-15.1.0,r.-15.1.0,r.-15.1.0,r.-15.1.0,r.-15.1.0,r.-15.1.0,r.-15.1.0,r.-15.1.0,r.-15.1.0,,,,,,,,,,,r.-15.1.0,,,,r.-15.1.0,r.-15.1.0,r.-15.1.0,,r.-15.1.0,,,,,,,,,,,,,,,,,,,,
121,r.-15.1.0,r.-15.1.0,r.-15.1.0,r.-15.1.0,r.-15.1.0,r.-15.1.0,r.-15.1.0,r.-15.1.0,r.-15.1.0,r.-15.1.0,r.-15.1.0,r.-15.1.0,r.-15.1.0,r.-15.1.0,r.-15.1.0,r.-15.1.0,r.-15.1.0,r.-15.1.0,r.-15.1.0,r.-15.1.0,r.-15.1.0,r.-15.1.0,r.-15.1.0,r.-15.1.0,r.-15.1.0,r.-15.1.0,,,,,,,,,,,r.-15.1.0,,,,r.-15.1.0,r.-15.1.0,r.-15.1.0,,r.-15.1.0,,,,,,,,,,,,,,,,,,,,
122,,,,,,,,,,,,,,,,,,,,,,,,,,,r.-3.1.0,r.-3.1.0,r.-3.1.0,r.-3.1.0,r.-3.1.0,r.-3.1.0,r.-3.1.0,r.-3.1.0,r.-3.1.0,r.-3.1.0,r.-3.1.0,,,,r.-3.1.0,r.-3.1.0,r.-3.1.0,,r.-3.1.0,,,,,,,,,,,,,,,,,,,,
123,,,,,,,,,,,,,,,,,,,,,,,,,,,r.-3.1.0,r.-3.1.0,r.-3.1.0,r.-3.1.0,r.-3.1.0,r.-3.1.0,r.-3.1.0,r.-3.1.0,r.-3.1.0,r.-3.1.0,r.-3.1.0,,,,r.-3.1.0,r.-3.1.0,r.-3.1.0,,r.-3.1.0,,,,,,,,,,,,,,,,,,,,
124,,,,,,,,,,,,,,,,,,,,,,,,,,,r.-3.1.0,r.-3.1.0,r.-3.1.0,r.-3.1.0,r.-3.1.0,r.-3.1.0,r.-3.1.0,r.-3.1.0,r.-3.1.0,r.-3.1.0,r.-3.1.0,,,,r.-3.1.0,r.-3.1.0,r.-3.1.0,,r.-3.1.0,,,,,,,,,,,,,,,,,,,,
125,,,,,,,,,,,,,,,,,,,,,,,,,,,r.-3.1.0,r.-3.1.0,r.-3.1.0,r.-3.1.0,r.-3.1.0,r.-3.1.0,r.-3.1.0,r.-3.1.0,r.-3.1.0,r.-3.1.0,r.-3.1.0,,,,r.-3.1.0,r.-3.1.0,r.-3.1.0,,r.-3.1.0,,,,,,,,,,,,,,,,,,,,
126,,,,,,,,,,,,,,,,,,,,,,,,,,,r.-3.1.0,r.-3.1.0,r.-3.1.0,r.-3.1.0,r.-3.1.0,r.-3.1.0,r.-3.1.0,r.-3.1.0,r.-3.1.0,r.-3.1.0,r.-3.1.0,,,,r.-3.1.0,r.-3.1.0,r.-3.1.0,,r.-3.1.0,,,,,,,,,,,,,,,,,,,,
127,,,,,,,,,,,,,,,,,,,,,,,,,,,r.-3.1.0,r.-3.1.0,r.-3.1.0,r.-3.1.0,r.-3.1.0,r.-3.1.0,r.-3.1.0,r.-3.1.0,r.-3.1.0,r.-3.1.0,r.-3.1.0,,,,r.-3.1.0,r.-3.1.0,r.-3.1.0,,r.-3.1.0,,,,,,,,,,,,,,,,,,,,
128,,,,,,,,,,,,,,,,,,,,,,,,,,,r.-3.1.0,r.-3.1.0,r.-3.1.0,r.-3.1.0,r.-3.1.0,r.-3.1.0,r.-3.1.0,r.-3.1.0,r.-3.1.0,r.-3.1.0,r.-3.1.0,,,,r.-3.1.0,r.-3.1.0,r.-3.1.0,,r.-3.1.0,,,,,,,,,,,,,,,,,,,,
129,,,,,,,,,,,,,,,,,,,,,,,,,,,r.-3.1.0,r.-3.1.0,r.-3.1.0,r.-3.1.0,r.-3.1.0,r.-3.1.0,r.-3.1.0,r.-3.1.0,r.-3.1.0,r.-3.1.0,r.-3.1.0,,,,r.-3.1.0,r.-3.1.0,r.-3.1.0,,r.-3.1.0,,,,,,,,,,,,,,,,,,,,
130,,,,,,,,,,,,,,,,,,,,,,,,,,,r.-3.1.0,r.-3.1.0,r.-3.1.0,r.-3.1.0,r.-3.1.0,r.-3.1.0,r.-3.1.0,r.-3.1.0,r.-3.1.0,r.-3.1.0,r.-3.1.0,,,,r.-3.1.0,r.-3.1.0,r.-3.1.0,,r.-3.1.0,,,,,,,,,,,,,,,,,,,,
131,,,,,,,,,,,,,,,,,,,,,,,,,,,r.-3.1.0,r.-3.1.0,r.-3.1.0,r.-3.1.0,r.-3.1.0,r.-3.1.0,r.-3.1.0,r.-3.1.0,r.-3.1.0,r.-3.1.0,r.-3.1.0,,,,r.-3.1.0,r.-3.1.0,r.-3.1.0,,r.-3.1.0,,,,,,,,,,,,,,,,,,,,
132,p.100,p.101,p.102,,,p.103,p.104,p.105,,p.106,p.107,p.108,p.109,p.110,p.111,p.112,p.113,p.114,p.115,p.116,p.117,p.118,,p.119,p.120,p.121,p.122,p.123,p.124,p.125,p.126,p.127,p.128,p.129,p.130,p.131,,,,,,,,p.132,,,,,p.133,p.185,,p.135,,p.136,,,,,,p.137,p.138,,,p.139,
133,,,,,,,,,,,,,,,,,,,,,,,,,,,p.122,p.123,p.124,p.125,p.126,p.127,p.128,p.129,p.130,p.131,r.-8.1.6/r.-9.0.6,,,,r.-9.0.6/r.-8.1.6,r.-9.0.6/r.-8.1.6,r.-9.0.6/r.-8.1.6,,r.-8.1.6/r.-9.0.6,,,,p.182,,,,,,p.183,,,,,,,,,,
134,,,,,,,,,,,,,,,,,,,,,,,,,,,,,,,,,,,,,,,,,,,,,p.181,,,,,,,,,,,,,,,,,,,,
135,,,,,,,,,,,,,,,,,,,,,,,,,,,,,,,,,,,,,r.-18.1.0,,,,r.-18.1.0,r.-18.1.0,r.-18.1.0,,r.-18.1.0,,,,,,,,,,,,,,,,,,,,
136,,,,,,,,,,,,,,,,,,,,,,,,,,,,,,,,,,,,,r.-18.1.0,,,,r.-18.1.0,r.-18.1.0,r.-18.1.0,,r.-18.1.0,,,,,,,,,,,,,,,,,,,,
137,,,,,,,,,,,,,,,,,,,,,,,,,,,,,,,,,,,,,r.-18.1.0,,,,r.-18.1.0,r.-18.1.0,r.-18.1.0,,r.-18.1.0,,,,,,,,,,,,,,,,,,,,
138,p.152,p.153,p.154,p.155,p.156,p.157,p.158,p.159,p.160,p.161,p.162,p.163,p.164,p.165,p.166,p.167,p.168,p.169,p.170,p.171,p.172,p.173,p.174,p.175,p.176,p.177,,,,,,,,,,,r.-6.1.6/r.-7.0.6,,,,r.-6.1.6/r.-7.0.6,r.-7.0.6/r.-6.1.6,r.-6.1.6/r.-7.0.6,,r.-6.1.6/r.-7.0.6,,,p.178,,,,,p.179,,,,,,,,,,,,
139,,,,,,,,,,,,,,,,,,,,,,,,,,,,,,,,,,,,,p.140,,,,p.52,p.53,p.54,,r.-4.1.6/r.-5.0.6,,,,,,p.141,,,,,,p.142,p.143,p.144,,,,,,
140,p.100,p.101,p.102,,,p.103,p.104,p.105,,p.106,p.107,p.108,p.109,p.110,p.111,p.112,p.113,p.114,p.115,p.116,p.117,p.118,,p.119,p.120,p.121,p.122,p.123,p.124,p.125,p.126,p.127,p.128,p.129,p.130,p.131,,,,,,,,p.132,,,,,p.133,p.151,,p.135,,p.136,,,,,,p.137,p.138,,,p.139,
141,,,,,,,,,,,,,,,,,,,,,,,,,,,,,,,,,,,,,,,,,,,,,r.-4.2.0,,,,,,,,,,,,,,,,,,,,
142,p.100,p.101,p.102,,,p.103,p.104,p.105,,p.106,p.107,p.108,p.109,p.110,p.111,p.112,p.113,p.114,p.115,p.116,p.117,p.118,,p.119,p.120,p.121,p.122,p.123,p.124,p.125,p.126,p.127,p.128,p.129,p.130,p.131,,,,,,,,p.132,,,,,p.133,,,p.135,,p.136,,,,,,p.137,p.138,,,p.149,
143,p.100,p.101,p.102,,,p.103,p.104,p.105,,p.106,p.107,p.108,p.109,p.110,p.111,p.112,p.113,p.114,p.115,p.116,p.117,p.118,,p.119,p.120,p.121,p.122,p.123,p.124,p.125,p.126,p.127,p.128,p.129,p.130,p.131,,,,,,,,p.132,,,,,p.133,,,p.135,,p.136,,,,,,p.137,p.138,,,p.147,
144,p.100,p.101,p.102,,,p.103,p.104,p.105,,p.106,p.107,p.108,p.109,p.110,p.111,p.112,p.113,p.114,p.115,p.116,p.117,p.118,,p.119,p.120,p.121,p.122,p.123,p.124,p.125,p.126,p.127,p.128,p.129,p.130,p.131,,,,,,,,p.132,,,,,p.133,,,p.135,,p.136,,,,,,p.137,p.138,,,p.145,
145,,,,,,,,,,,,,,,,,,,,,,,,,,,,,,,,,,,,,p.140,,,,p.52,p.53,p.54,,r.-5.2.6/r.-5.0.6,,,,,,p.146,,,,,,p.142,p.143,p.144,,,,,,
146,,,,,,,,,,,,,,,,,,,,,,,,,,,,,,,,,,,,,,,,,,,,,r.-5.3.0,,,,,,,,,,,,,,,,,,,,
147,,,,,,,,,,,,,,,,,,,,,,,,,,,,,,,,,,,,,p.140,,,,p.52,p.53,p.54,,r.-5.0.6/r.-5.2.6,,,,,,p.148,,,,,,p.142,p.143,p.144,,,,,,
148,,,,,,,,,,,,,,,,,,,,,,,,,,,,,,,,,,,,,,,,,,,,,r.-5.3.0,,,,,,,,,,,,,,,,,,,,
149,,,,,,,,,,,,,,,,,,,,,,,,,,,,,,,,,,,,,p.140,,,,p.52,p.53,p.54,,r.-5.0.6/r.-5.2.6,,,,,,p.150,,,,,,p.142,p.143,p.144,,,,,,
150,,,,,,,,,,,,,,,,,,,,,,,,,,,,,,,,,,,,,,,,,,,,,r.-5.3.0,,,,,,,,,,,,,,,,,,,,
151,,,,,,,,,,,,,,,,,,,,,,,,,,,,,,,,,,,,,,,,,,,,,r.-5.2.0,,,,,,,,,,,,,,,,,,,,
152,r.-2.1.0,r.-2.1.0,r.-2.1.0,r.-2.1.0,r.-2.1.0,r.-2.1.0,r.-2.1.0,r.-2.1.0,r.-2.1.0,r.-2.1.0,r.-2.1.0,r.-2.1.0,r.-2.1.0,r.-2.1.0,r.-2.1.0,r.-2.1.0,r.-2.1.0,r.-2.1.0,r.-2.1.0,r.-2.1.0,r.-2.1.0,r.-2.1.0,r.-2.1.0,r.-2.1.0,r.-2.1.0,r.-2.1.0,,,,,,,,,,,r.-2.1.0,,,,r.-2.1.0,r.-2.1.0,r.-2.1.0,,r.-2.1.0,,,,,,,,,,,,,,,,,,,,
153,r.-2.1.0,r.-2.1.0,r.-2.1.0,r.-2.1.0,r.-2.1.0,r.-2.1.0,r.-2.1.0,r.-2.1.0,r.-2.1.0,r.-2.1.0,r.-2.1.0,r.-2.1.0,r.-2.1.0,r.-2.1.0,r.-2.1.0,r.-2.1.0,r.-2.1.0,r.-2.1.0,r.-2.1.0,r.-2.1.0,r.-2.1.0,r.-2.1.0,r.-2.1.0,r.-2.1.0,r.-2.1.0,r.-2.1.0,,,,,,,,,,,r.-2.1.0,,,,r.-2.1.0,r.-2.1.0,r.-2.1.0,,r.-2.1.0,,,,,,,,,,,,,,,,,,,,
154,r.-2.1.0,r.-2.1.0,r.-2.1.0,r.-2.1.0,r.-2.1.0,r.-2.1.0,r.-2.1.0,r.-2.1.0,r.-2.1.0,r.-2.1.0,r.-2.1.0,r.-2.1.0,r.-2.1.0,r.-2.1.0,r.-2.1.0,r.-2.1.0,r.-2.1.0,r.-2.1.0,r.-2.1.0,r.-2.1.0,r.-2.1.0,r.-2.1.0,r.-2.1.0,r.-2.1.0,r.-2.1.0,r.-2.1.0,,,,,,,,,,,r.-2.1.0,,,,r.-2.1.0,r.-2.1.0,r.-2.1.0,,r.-2.1.0,,,,,,,,,,,,,,,,,,,,
155,r.-2.1.0,r.-2.1.0,r.-2.1.0,r.-2.1.0,r.-2.1.0,r.-2.1.0,r.-2.1.0,r.-2.1.0,r.-2.1.0,r.-2.1.0,r.-2.1.0,r.-2.1.0,r.-2.1.0,r.-2.1.0,r.-2.1.0,r.-2.1.0,r.-2.1.0,r.-2.1.0,r.-2.1.0,r.-2.1.0,r.-2.1.0,r.-2.1.0,r.-2.1.0,r.-2.1.0,r.-2.1.0,r.-2.1.0,,,,,,,,,,,r.-2.1.0,,,,r.-2.1.0,r.-2.1.0,r.-2.1.0,,r.-2.1.0,,,,,,,,,,,,,,,,,,,,
156,r.-2.1.0,r.-2.1.0,r.-2.1.0,r.-2.1.0,r.-2.1.0,r.-2.1.0,r.-2.1.0,r.-2.1.0,r.-2.1.0,r.-2.1.0,r.-2.1.0,r.-2.1.0,r.-2.1.0,r.-2.1.0,r.-2.1.0,r.-2.1.0,r.-2.1.0,r.-2.1.0,r.-2.1.0,r.-2.1.0,r.-2.1.0,r.-2.1.0,r.-2.1.0,r.-2.1.0,r.-2.1.0,r.-2.1.0,,,,,,,,,,,r.-2.1.0,,,,r.-2.1.0,r.-2.1.0,r.-2.1.0,,r.-2.1.0,,,,,,,,,,,,,,,,,,,,
157,r.-2.1.0,r.-2.1.0,r.-2.1.0,r.-2.1.0,r.-2.1.0,r.-2.1.0,r.-2.1.0,r.-2.1.0,r.-2.1.0,r.-2.1.0,r.-2.1.0,r.-2.1.0,r.-2.1.0,r.-2.1.0,r.-2.1.0,r.-2.1.0,r.-2.1.0,r.-2.1.0,r.-2.1.0,r.-2.1.0,r.-2.1.0,r.-2.1.0,r.-2.1.0,r.-2.1.0,r.-2.1.0,r.-2.1.0,,,,,,,,,,,r.-2.1.0,,,,r.-2.1.0,r.-2.1.0,r.-2.1.0,,r.-2.1.0,,,,,,,,,,,,,,,,,,,,
158,r.-2.1.0,r.-2.1.0,r.-2.1.0,r.-2.1.0,r.-2.1.0,r.-2.1.0,r.-2.1.0,r.-2.1.0,r.-2.1.0,r.-2.1.0,r.-2.1.0,r.-2.1.0,r.-2.1.0,r.-2.1.0,r.-2.1.0,r.-2.1.0,r.-2.1.0,r.-2.1.0,r.-2.1.0,r.-2.1.0,r.-2.1.0,r.-2.1.0,r.-2.1.0,r.-2.1.0,r.-2.1.0,r.-2.1.0,,,,,,,,,,,r.-2.1.0,,,,r.-2.1.0,r.-2.1.0,r.-2.1.0,,r.-2.1.0,,,,,,,,,,,,,,,,,,,,
159,r.-2.1.0,r.-2.1.0,r.-2.1.0,r.-2.1.0,r.-2.1.0,r.-2.1.0,r.-2.1.0,r.-2.1.0,r.-2.1.0,r.-2.1.0,r.-2.1.0,r.-2.1.0,r.-2.1.0,r.-2.1.0,r.-2.1.0,r.-2.1.0,r.-2.1.0,r.-2.1.0,r.-2.1.0,r.-2.1.0,r.-2.1.0,r.-2.1.0,r.-2.1.0,r.-2.1.0,r.-2.1.0,r.-2.1.0,,,,,,,,,,,r.-2.1.0,,,,r.-2.1.0,r.-2.1.0,r.-2.1.0,,r.-2.1.0,,,,,,,,,,,,,,,,,,,,
160,r.-2.1.0,r.-2.1.0,r.-2.1.0,r.-2.1.0,r.-2.1.0,r.-2.1.0,r.-2.1.0,r.-2.1.0,r.-2.1.0,r.-2.1.0,r.-2.1.0,r.-2.1.0,r.-2.1.0,r.-2.1.0,r.-2.1.0,r.-2.1.0,r.-2.1.0,r.-2.1.0,r.-2.1.0,r.-2.1.0,r.-2.1.0,r.-2.1.0,r.-2.1.0,r.-2.1.0,r.-2.1.0,r.-2.1.0,,,,,,,,,,,r.-2.1.0,,,,r.-2.1.0,r.-2.1.0,r.-2.1.0,,r.-2.1.0,,,,,,,,,,,,,,,,,,,,
161,r.-2.1.0,r.-2.1.0,r.-2.1.0,r.-2.1.0,r.-2.1.0,r.-2.1.0,r.-2.1.0,r.-2.1.0,r.-2.1.0,r.-2.1.0,r.-2.1.0,r.-2.1.0,r.-2.1.0,r.-2.1.0,r.-2.1.0,r.-2.1.0,r.-2.1.0,r.-2.1.0,r.-2.1.0,r.-2.1.0,r.-2.1.0,r.-2.1.0,r.-2.1.0,r.-2.1.0,r.-2.1.0,r.-2.1.0,,,,,,,,,,,r.-2.1.0,,,,r.-2.1.0,r.-2.1.0,r.-2.1.0,,r.-2.1.0,,,,,,,,,,,,,,,,,,,,
162,r.-2.1.0,r.-2.1.0,r.-2.1.0,r.-2.1.0,r.-2.1.0,r.-2.1.0,r.-2.1.0,r.-2.1.0,r.-2.1.0,r.-2.1.0,r.-2.1.0,r.-2.1.0,r.-2.1.0,r.-2.1.0,r.-2.1.0,r.-2.1.0,r.-2.1.0,r.-2.1.0,r.-2.1.0,r.-2.1.0,r.-2.1.0,r.-2.1.0,r.-2.1.0,r.-2.1.0,r.-2.1.0,r.-2.1.0,,,,,,,,,,,r.-2.1.0,,,,r.-2.1.0,r.-2.1.0,r.-2.1.0,,r.-2.1.0,,,,,,,,,,,,,,,,,,,,
163,r.-2.1.0,r.-2.1.0,r.-2.1.0,r.-2.1.0,r.-2.1.0,r.-2.1.0,r.-2.1.0,r.-2.1.0,r.-2.1.0,r.-2.1.0,r.-2.1.0,r.-2.1.0,r.-2.1.0,r.-2.1.0,r.-2.1.0,r.-2.1.0,r.-2.1.0,r.-2.1.0,r.-2.1.0,r.-2.1.0,r.-2.1.0,r.-2.1.0,r.-2.1.0,r.-2.1.0,r.-2.1.0,r.-2.1.0,,,,,,,,,,,r.-2.1.0,,,,r.-2.1.0,r.-2.1.0,r.-2.1.0,,r.-2.1.0,,,,,,,,,,,,,,,,,,,,
164,r.-2.1.0,r.-2.1.0,r.-2.1.0,r.-2.1.0,r.-2.1.0,r.-2.1.0,r.-2.1.0,r.-2.1.0,r.-2.1.0,r.-2.1.0,r.-2.1.0,r.-2.1.0,r.-2.1.0,r.-2.1.0,r.-2.1.0,r.-2.1.0,r.-2.1.0,r.-2.1.0,r.-2.1.0,r.-2.1.0,r.-2.1.0,r.-2.1.0,r.-2.1.0,r.-2.1.0,r.-2.1.0,r.-2.1.0,,,,,,,,,,,r.-2.1.0,,,,r.-2.1.0,r.-2.1.0,r.-2.1.0,,r.-2.1.0,,,,,,,,,,,,,,,,,,,,
165,r.-2.1.0,r.-2.1.0,r.-2.1.0,r.-2.1.0,r.-2.1.0,r.-2.1.0,r.-2.1.0,r.-2.1.0,r.-2.1.0,r.-2.1.0,r.-2.1.0,r.-2.1.0,r.-2.1.0,r.-2.1.0,r.-2.1.0,r.-2.1.0,r.-2.1.0,r.-2.1.0,r.-2.1.0,r.-2.1.0,r.-2.1.0,r.-2.1.0,r.-2.1.0,r.-2.1.0,r.-2.1.0,r.-2.1.0,,,,,,,,,,,r.-2.1.0,,,,r.-2.1.0,r.-2.1.0,r.-2.1.0,,r.-2.1.0,,,,,,,,,,,,,,,,,,,,
166,r.-2.1.0,r.-2.1.0,r.-2.1.0,r.-2.1.0,r.-2.1.0,r.-2.1.0,r.-2.1.0,r.-2.1.0,r.-2.1.0,r.-2.1.0,r.-2.1.0,r.-2.1.0,r.-2.1.0,r.-2.1.0,r.-2.1.0,r.-2.1.0,r.-2.1.0,r.-2.1.0,r.-2.1.0,r.-2.1.0,r.-2.1.0,r.-2.1.0,r.-2.1.0,r.-2.1.0,r.-2.1.0,r.-2.1.0,,,,,,,,,,,r.-2.1.0,,,,r.-2.1.0,r.-2.1.0,r.-2.1.0,,r.-2.1.0,,,,,,,,,,,,,,,,,,,,
167,r.-2.1.0,r.-2.1.0,r.-2.1.0,r.-2.1.0,r.-2.1.0,r.-2.1.0,r.-2.1.0,r.-2.1.0,r.-2.1.0,r.-2.1.0,r.-2.1.0,r.-2.1.0,r.-2.1.0,r.-2.1.0,r.-2.1.0,r.-2.1.0,r.-2.1.0,r.-2.1.0,r.-2.1.0,r.-2.1.0,r.-2.1.0,r.-2.1.0,r.-2.1.0,r.-2.1.0,r.-2.1.0,r.-2.1.0,,,,,,,,,,,r.-2.1.0,,,,r.-2.1.0,r.-2.1.0,r.-2.1.0,,r.-2.1.0,,,,,,,,,,,,,,,,,,,,
168,r.-2.1.0,r.-2.1.0,r.-2.1.0,r.-2.1.0,r.-2.1.0,r.-2.1.0,r.-2.1.0,r.-2.1.0,r.-2.1.0,r.-2.1.0,r.-2.1.0,r.-2.1.0,r.-2.1.0,r.-2.1.0,r.-2.1.0,r.-2.1.0,r.-2.1.0,r.-2.1.0,r.-2.1.0,r.-2.1.0,r.-2.1.0,r.-2.1.0,r.-2.1.0,r.-2.1.0,r.-2.1.0,r.-2.1.0,,,,,,,,,,,r.-2.1.0,,,,r.-2.1.0,r.-2.1.0,r.-2.1.0,,r.-2.1.0,,,,,,,,,,,,,,,,,,,,
169,r.-2.1.0,r.-2.1.0,r.-2.1.0,r.-2.1.0,r.-2.1.0,r.-2.1.0,r.-2.1.0,r.-2.1.0,r.-2.1.0,r.-2.1.0,r.-2.1.0,r.-2.1.0,r.-2.1.0,r.-2.1.0,r.-2.1.0,r.-2.1.0,r.-2.1.0,r.-2.1.0,r.-2.1.0,r.-2.1.0,r.-2.1.0,r.-2.1.0,r.-2.1.0,r.-2.1.0,r.-2.1.0,r.-2.1.0,,,,,,,,,,,r.-2.1.0,,,,r.-2.1.0,r.-2.1.0,r.-2.1.0,,r.-2.1.0,,,,,,,,,,,,,,,,,,,,
170,r.-2.1.0,r.-2.1.0,r.-2.1.0,r.-2.1.0,r.-2.1.0,r.-2.1.0,r.-2.1.0,r.-2.1.0,r.-2.1.0,r.-2.1.0,r.-2.1.0,r.-2.1.0,r.-2.1.0,r.-2.1.0,r.-2.1.0,r.-2.1.0,r.-2.1.0,r.-2.1.0,r.-2.1.0,r.-2.1.0,r.-2.1.0,r.-2.1.0,r.-2.1.0,r.-2.1.0,r.-2.1.0,r.-2.1.0,,,,,,,,,,,r.-2.1.0,,,,r.-2.1.0,r.-2.1.0,r.-2.1.0,,r.-2.1.0,,,,,,,,,,,,,,,,,,,,
171,r.-2.1.0,r.-2.1.0,r.-2.1.0,r.-2.1.0,r.-2.1.0,r.-2.1.0,r.-2.1.0,r.-2.1.0,r.-2.1.0,r.-2.1.0,r.-2.1.0,r.-2.1.0,r.-2.1.0,r.-2.1.0,r.-2.1.0,r.-2.1.0,r.-2.1.0,r.-2.1.0,r.-2.1.0,r.-2.1.0,r.-2.1.0,r.-2.1.0,r.-2.1.0,r.-2.1.0,r.-2.1.0,r.-2.1.0,,,,,,,,,,,r.-2.1.0,,,,r.-2.1.0,r.-2.1.0,r.-2.1.0,,r.-2.1.0,,,,,,,,,,,,,,,,,,,,
172,r.-2.1.0,r.-2.1.0,r.-2.1.0,r.-2.1.0,r.-2.1.0,r.-2.1.0,r.-2.1.0,r.-2.1.0,r.-2.1.0,r.-2.1.0,r.-2.1.0,r.-2.1.0,r.-2.1.0,r.-2.1.0,r.-2.1.0,r.-2.1.0,r.-2.1.0,r.-2.1.0,r.-2.1.0,r.-2.1.0,r.-2.1.0,r.-2.1.0,r.-2.1.0,r.-2.1.0,r.-2.1.0,r.-2.1.0,,,,,,,,,,,r.-2.1.0,,,,r.-2.1.0,r.-2.1.0,r.-2.1.0,,r.-2.1.0,,,,,,,,,,,,,,,,,,,,
173,r.-2.1.0,r.-2.1.0,r.-2.1.0,r.-2.1.0,r.-2.1.0,r.-2.1.0,r.-2.1.0,r.-2.1.0,r.-2.1.0,r.-2.1.0,r.-2.1.0,r.-2.1.0,r.-2.1.0,r.-2.1.0,r.-2.1.0,r.-2.1.0,r.-2.1.0,r.-2.1.0,r.-2.1.0,r.-2.1.0,r.-2.1.0,r.-2.1.0,r.-2.1.0,r.-2.1.0,r.-2.1.0,r.-2.1.0,,,,,,,,,,,r.-2.1.0,,,,r.-2.1.0,r.-2.1.0,r.-2.1.0,,r.-2.1.0,,,,,,,,,,,,,,,,,,,,
174,r.-2.1.0,r.-2.1.0,r.-2.1.0,r.-2.1.0,r.-2.1.0,r.-2.1.0,r.-2.1.0,r.-2.1.0,r.-2.1.0,r.-2.1.0,r.-2.1.0,r.-2.1.0,r.-2.1.0,r.-2.1.0,r.-2.1.0,r.-2.1.0,r.-2.1.0,r.-2.1.0,r.-2.1.0,r.-2.1.0,r.-2.1.0,r.-2.1.0,r.-2.1.0,r.-2.1.0,r.-2.1.0,r.-2.1.0,,,,,,,,,,,r.-2.1.0,,,,r.-2.1.0,r.-2.1.0,r.-2.1.0,,r.-2.1.0,,,,,,,,,,,,,,,,,,,,
175,r.-2.1.0,r.-2.1.0,r.-2.1.0,r.-2.1.0,r.-2.1.0,r.-2.1.0,r.-2.1.0,r.-2.1.0,r.-2.1.0,r.-2.1.0,r.-2.1.0,r.-2.1.0,r.-2.1.0,r.-2.1.0,r.-2.1.0,r.-2.1.0,r.-2.1.0,r.-2.1.0,r.-2.1.0,r.-2.1.0,r.-2.1.0,r.-2.1.0,r.-2.1.0,r.-2.1.0,r.-2.1.0,r.-2.1.0,,,,,,,,,,,r.-2.1.0,,,,r.-2.1.0,r.-2.1.0,r.-2.1.0,,r.-2.1.0,,,,,,,,,,,,,,,,,,,,
176,r.-2.1.0,r.-2.1.0,r.-2.1.0,r.-2.1.0,r.-2.1.0,r.-2.1.0,r.-2.1.0,r.-2.1.0,r.-2.1.0,r.-2.1.0,r.-2.1.0,r.-2.1.0,r.-2.1.0,r.-2.1.0,r.-2.1.0,r.-2.1.0,r.-2.1.0,r.-2.1.0,r.-2.1.0,r.-2.1.0,r.-2.1.0,r.-2.1.0,r.-2.1.0,r.-2.1.0,r.-2.1.0,r.-2.1.0,,,,,,,,,,,r.-2.1.0,,,,r.-2.1.0,r.-2.1.0,r.-2.1.0,,r.-2.1.0,,,,,,,,,,,,,,,,,,,,
177,r.-2.1.0,r.-2.1.0,r.-2.1.0,r.-2.1.0,r.-2.1.0,r.-2.1.0,r.-2.1.0,r.-2.1.0,r.-2.1.0,r.-2.1.0,r.-2.1.0,r.-2.1.0,r.-2.1.0,r.-2.1.0,r.-2.1.0,r.-2.1.0,r.-2.1.0,r.-2.1.0,r.-2.1.0,r.-2.1.0,r.-2.1.0,r.-2.1.0,r.-2.1.0,r.-2.1.0,r.-2.1.0,r.-2.1.0,,,,,,,,,,,r.-2.1.0,,,,r.-2.1.0,r.-2.1.0,r.-2.1.0,,r.-2.1.0,,,,,,,,,,,,,,,,,,,,
178,p.152,p.153,p.154,p.155,p.156,p.157,p.158,p.159,p.160,p.161,p.162,p.163,p.164,p.165,p.166,p.167,p.168,p.169,p.170,p.171,p.172,p.173,p.174,p.175,p.176,p.177,,,,,,,,,,,r.-7.1.6/r.-7.0.6,,,,r.-7.1.6/r.-7.0.6,r.-7.0.6/r.-7.1.6,r.-7.0.6/r.-7.1.6,,r.-7.0.6/r.-7.1.6,,,p.178,,,,,p.180,,,,,,,,,,,,
179,,,,,,,,,,,,,,,,,,,,,,,,,,,,,,,,,,,,,r.-6.2.0,,,,r.-6.2.0,r.-6.2.0,r.-6.2.0,,r.-6.2.0,,,,,,,,,,,,,,,,,,,,
180,,,,,,,,,,,,,,,,,,,,,,,,,,,,,,,,,,,,,r.-7.2.0,,,,r.-7.2.0,r.-7.2.0,r.-7.2.0,,r.-7.2.0,,,,,,,,,,,,,,,,,,,,
181,,,,,,,,,,,,,,,,,,,,,,,,,,,,,,,,,,,,,r.-14.3.0,r.-14.3.0,,,r.-14.3.0,r.-14.3.0,r.-14.3.0,,,,,,,,,,,,,,,,,,,,,,
182,,,,,,,,,,,,,,,,,,,,,,,,,,,p.122,p.123,p.124,p.125,p.126,p.127,p.128,p.129,p.130,p.131,r.-9.1.6/r.-9.0.6,,,,r.-9.1.6/r.-9.0.6,r.-9.1.6/r.-9.0.6,r.-9.1.6/r.-9.0.6,,r.-9.0.6/r.-9.1.6,,,,p.182,,,,,,p.184,,,,,,,,,,
183,,,,,,,,,,,,,,,,,,,,,,,,,,,,,,,,,,,,,r.-8.2.0,,,,r.-8.2.0,r.-8.2.0,r.-8.2.0,,r.-8.2.0,,,,,,,,,,,,,,,,,,,,
184,,,,,,,,,,,,,,,,,,,,,,,,,,,,,,,,,,,,,r.-9.2.0,,,,r.-9.2.0,r.-9.2.0,r.-9.2.0,,r.-9.2.0,,,,,,,,,,,,,,,,,,,,
185,,,,,,,,,,,,,,,,,,,,,,,,,,,,,,,,,,,,,,,,,,,,,p.186,,,,,,,,,,,,,,,,,,,,
186,,,,,,,,,,,,,,,,,,,,,,,,,,,,,,,,,,,,,r.-14.3.0,,,,r.-14.3.0,r.-14.3.0,r.-14.3.0,,r.-14.3.0,,,,,,,,,,,,,,,,,,,,
187,,,,,,,,,,,,,,,p.326,,,,,,,,,,,,,,,,,,,,,,,,,,,,,,,,,,,,,,,,,,,,,,,,,,
188,,,,,,p.212,,,,,,,,,,,,,,,,,,,,,,,,,,,,,,,,,,,,,,,,,,,,,,,,,,,,,,,,,,,
189,,,,,,,,p.202,,,,,,,,,,,,,,,,,,,,,,,,,,,,,,,,,,,,,,,,,,,,,,,,,,,,,,,,,
190,r.-10.1.0,r.-10.1.0,r.-10.1.0,r.-10.1.0,,r.-10.1.0,r.-10.1.0,r.-10.1.0,r.-10.1.0,r.-10.1.0,r.-10.1.0,r.-10.1.0,r.-10.1.0,r.-10.1.0,r.-10.1.0,r.-10.1.0,r.-10.1.0,r.-10.1.0,r.-10.1.0,r.-10.1.0,r.-10.1.0,r.-10.1.0,r.-10.1.0,r.-10.1.0,r.-10.1.0,r.-10.1.0,r.-10.1.0,r.-10.1.0,r.-10.1.0,r.-10.1.0,r.-10.1.0,r.-10.1.0,r.-10.1.0,r.-10.1.0,r.-10.1.0,r.-10.1.0,,r.-10.1.0,r.-10.1.0,r.-10.1.0,,,,r.-10.1.0,,,,,,,,,,,,,,,,,,,,,
191,p.1,p.2,p.3,p.187,,p.5,p.6,p.7,p.188,p.9,p.10,p.11,p.12,p.13,p.14,p.15,p.16,p.17,p.18,p.19,p.20,p.21,p.189,p.23,p.24,p.25,p.26,p.27,p.28,p.29,p.30,p.31,p.32,p.33,p.34,p.35,,p.190,p.191,r.-17.0.6,,,,p.38,,,,,p.40,p.192,,p.42,,p.43,,p.193,,,,p.45,p.46,p.194,p.200,p.49,p.196
192,,,,,,,,,,,,,,,,,,,,,,,,,,,,,,,,,,,,,,p.199,,,,,,,,,,,,,,,,,,,,,,,,,,,
193,r.-16.1.0,r.-16.1.0,r.-16.1.0,r.-16.1.0,,r.-16.1.0,r.-16.1.0,r.-16.1.0,r.-16.1.0,r.-16.1.0,r.-16.1.0,r.-16.1.0,r.-16.1.0,r.-16.1.0,r.-16.1.0,r.-16.1.0,r.-16.1.0,r.-16.1.0,r.-16.1.0,r.-16.1.0,r.-16.1.0,r.-16.1.0,r.-16.1.0,r.-16.1.0,r.-16.1.0,r.-16.1.0,r.-16.1.0,r.-16.1.0,r.-16.1.0,r.-16.1.0,r.-16.1.0,r.-16.1.0,r.-16.1.0,r.-16.1.0,r.-16.1.0,r.-16.1.0,,r.-16.1.0,r.-16.1.0,r.-16.1.0,,,,r.-16.1.0,,,,,,,,,,,,,,,,,,,,,
194,p.1,p.2,p.3,p.187,,p.5,p.6,p.7,p.188,p.9,p.10,p.11,p.12,p.13,p.14,p.15,p.16,p.17,p.18,p.19,p.20,p.21,p.189,p.23,p.24,p.25,p.26,p.27,p.28,p.29,p.30,p.31,p.32,p.33,p.34,p.35,,p.190,p.191,r.-17.0.6/r.-17.1.6,,,,p.38,,,,,p.40,p.192,,p.42,,p.43,,p.193,,,,p.45,p.46,p.194,p.198,p.49,p.196
195,,,,,,,,,,,,,,,,,,,,,,,,,,,,,,,,,,,,,,,,p.197,,,,,,,,,,,,,,,,,,,,,,,,,
196,r.-16.1.0,r.-16.1.0,r.-16.1.0,r.-16.1.0,,r.-16.1.0,r.-16.1.0,r.-16.1.0,r.-16.1.0,r.-16.1.0,r.-16.1.0,r.-16.1.0,r.-16.1.0,r.-16.1.0,r.-16.1.0,r.-16.1.0,r.-16.1.0,r.-16.1.0,r.-16.1.0,r.-16.1.0,r.-16.1.0,r.-16.1.0,r.-16.1.0,r.-16.1.0,r.-16.1.0,r.-16.1.0,r.-16.1.0,r.-16.1.0,r.-16.1.0,r.-16.1.0,r.-16.1.0,r.-16.1.0,r.-16.1.0,r.-16.1.0,r.-16.1.0,r.-16.1.0,,r.-16.1.0,r.-16.1.0,r.-16.1.0,,,,r.-16.1.0,,,,,,,,,,,,,,,,,,,,,
197,r.-10.3.0,r.-10.3.0,r.-10.3.0,r.-10.3.0,,r.-10.3.0,r.-10.3.0,r.-10.3.0,r.-10.3.0,r.-10.3.0,r.-10.3.0,r.-10.3.0,r.-10.3.0,r.-10.3.0,r.-10.3.0,r.-10.3.0,r.-10.3.0,r.-10.3.0,r.-10.3.0,r.-10.3.0,r.-10.3.0,r.-10.3.0,r.-10.3.0,r.-10.3.0,r.-10.3.0,r.-10.3.0,r.-10.3.0,r.-10.3.0,r.-10.3.0,r.-10.3.0,r.-10.3.0,r.-10.3.0,r.-10.3.0,r.-10.3.0,r.-10.3.0,r.-10.3.0,,r.-10.3.0,r.-10.3.0,,,,,r.-10.3.0,,r.-10.3.0,,,,,,,,,,,,,,,,,,,
198,,,,,,,,,,,,,,,,,,,,,,,,,,,,,,,,,,,,,,,,r.-17.2.0,,,,,,,,,,,,,,,,,,,,,,,,,
199,r.-10.2.0,r.-10.2.0,r.-10.2.0,r.-10.2.0,,r.-10.2.0,r.-10.2.0,r.-10.2.0,r.-10.2.0,r.-10.2.0,r.-10.2.0,r.-10.2.0,r.-10.2.0,r.-10.2.0,r.-10.2.0,r.-10.2.0,r.-10.2.0,r.-10.2.0,r.-10.2.0,r.-10.2.0,r.-10.2.0,r.-10.2.0,r.-10.2.0,r.-10.2.0,r.-10.2.0,r.-10.2.0,r.-10.2.0,r.-10.2.0,r.-10.2.0,r.-10.2.0,r.-10.2.0,r.-10.2.0,r.-10.2.0,r.-10.2.0,r.-10.2.0,r.-10.2.0,,r.-10.2.0,r.-10.2.0,r.-10.2.0,,,,r.-10.2.0,,,,,,,,,,,,,,,,,,,,,
200,,,,,,,,,,,,,,,,,,,,,,,,,,,,,,,,,,,,,,,,p.201,,,,,,,,,,,,,,,,,,,,,,,,,
201,r.-10.3.0,r.-10.3.0,r.-10.3.0,r.-10.3.0,,r.-10.3.0,r.-10.3.0,r.-10.3.0,r.-10.3.0,r.-10.3.0,r.-10.3.0,r.-10.3.0,r.-10.3.0,r.-10.3.0,r.-10.3.0,r.-10.3.0,r.-10.3.0,r.-10.3.0,r.-10.3.0,r.-10.3.0,r.-10.3.0,r.-10.3.0,r.-10.3.0,r.-10.3.0,r.-10.3.0,r.-10.3.0,r.-10.3.0,r.-10.3.0,r.-10.3.0,r.-10.3.0,r.-10.3.0,r.-10.3.0,r.-10.3.0,r.-10.3.0,r.-10.3.0,r.-10.3.0,,r.-10.3.0,r.-10.3.0,r.-10.3.0,,,,r.-10.3.0,,,,,,,,,,,,,,,,,,,,,
202,,,,,,,,,p.203,,,,,,,,,,,,,,,,,,,,,,,,,,,,,,,,,,,,,,,,,,,,,,,,,,,,,,,,
203,,,,,,,,,,,,p.204,,,,,,,,,,,,,,,,,,,,,,,,,,,,,,,,,,,,,,,,,,,,,,,,,,,,,
204,,,,,p.205,,,,,,,,,,,,,,,,,,,,,,,,,,,,,,,,,,,,,,,,,,,,,,,,,,,,,,,,,,,,
205,,,,,,,,,,,,,,,,,,,,,,,,,,,,,,,,,,,,,,,,,,,,p.206,,,,,,,,,,,,,,,,p.207,,,,,
206,p.100,p.101,p.102,,,p.103,p.104,p.105,,p.106,p.107,p.108,p.109,p.110,p.111,p.112,p.113,p.114,p.115,p.116,p.117,p.118,,p.119,p.120,p.121,p.122,p.123,p.124,p.125,p.126,p.127,p.128,p.129,p.130,p.131,,,,,,,,p.132,,,,,p.133,p.210,,p.135,,p.136,,,,,,p.137,p.138,,,p.139,
207,p.1,p.2,p.3,p.187,,p.5,p.6,p.7,p.188,p.9,p.10,p.11,p.12,p.13,p.14,p.15,p.16,p.17,p.18,p.19,p.20,p.21,p.189,p.23,p.24,p.25,p.26,p.27,p.28,p.29,p.30,p.31,p.32,p.33,p.34,p.35,,p.190,p.191,,,,,p.38,,,,,p.40,p.192,,p.42,,p.43,,p.208,,,,p.45,p.46,,,p.49,p.209
208,r.-10.7.0,r.-10.7.0,r.-10.7.0,r.-10.7.0,,r.-10.7.0,r.-10.7.0,r.-10.7.0,r.-10.7.0,r.-10.7.0,r.-10.7.0,r.-10.7.0,r.-10.7.0,r.-10.7.0,r.-10.7.0,r.-10.7.0,r.-10.7.0,r.-10.7.0,r.-10.7.0,r.-10.7.0,r.-10.7.0,r.-10.7.0,r.-10.7.0,r.-10.7.0,r.-10.7.0,r.-10.7.0,r.-10.7.0,r.-10.7.0,r.-10.7.0,r.-10.7.0,r.-10.7.0,r.-10.7.0,r.-10.7.0,r.-10.7.0,r.-10.7.0,r.-10.7.0,,r.-10.7.0,r.-10.7.0,r.-10.7.0,,,,r.-10.7.0,,,,,,,,,,,,,,,,,,,,,
209,r.-19.7.0,r.-19.7.0,r.-19.7.0,r.-19.7.0,,r.-19.7.0,r.-19.7.0,r.-19.7.0,r.-19.7.0,r.-19.7.0,r.-19.7.0,r.-19.7.0,r.-19.7.0,r.-19.7.0,r.-19.7.0,r.-19.7.0,r.-19.7.0,r.-19.7.0,r.-19.7.0,r.-19.7.0,r.-19.7.0,r.-19.7.0,r.-19.7.0,r.-19.7.0,r.-19.7.0,r.-19.7.0,r.-19.7.0,r.-19.7.0,r.-19.7.0,r.-19.7.0,r.-19.7.0,r.-19.7.0,r.-19.7.0,r.-19.7.0,r.-19.7.0,r.-19.7.0,,r.-19.7.0,r.-19.7.0,r.-19.7.0,,,,r.-19.7.0,,,,,,,,,,,,,,,,,,,,,
210,,,,,,,,,,,,,,,,,,,,,,,,,,,,,,,,,,,,,,,,,,,,,p.211,,,,,,,,,,,,,,,,,,,,
211,r.-14.3.0,r.-14.3.0,r.-14.3.0,r.-14.3.0,,r.-14.3.0,r.-14.3.0,r.-14.3.0,r.-14.3.0,r.-14.3.0,r.-14.3.0,r.-14.3.0,r.-14.3.0,r.-14.3.0,r.-14.3.0,r.-14.3.0,r.-14.3.0,r.-14.3.0,r.-14.3.0,r.-14.3.0,r.-14.3.0,r.-14.3.0,r.-14.3.0,r.-14.3.0,r.-14.3.0,r.-14.3.0,r.-14.3.0,r.-14.3.0,r.-14.3.0,r.-14.3.0,r.-14.3.0,r.-14.3.0,r.-14.3.0,r.-14.3.0,r.-14.3.0,r.-14.3.0,,r.-14.3.0,r.-14.3.0,,,,,r.-14.3.0,,,,,,,,,,,,,,,,,,,,,
212,,,,,,,,,,,,,,,,,,,,,,,,,,,,,,,,,,,,,,,,,,,,p.206,,,,,,,,,,,,,,,,p.213,,,,,
213,p.1,p.2,p.3,p.214,,p.5,p.6,p.7,p.215,p.9,p.10,p.11,p.12,p.13,p.14,p.15,p.16,p.17,p.18,p.19,p.20,p.21,p.216,p.23,p.24,p.25,p.26,p.27,p.28,p.29,p.30,p.31,p.32,p.33,p.34,p.35,,p.217,p.218,,,,,p.38,,,,,p.40,p.219,,p.42,,p.43,,p.220,,,,p.45,p.46,p.221,,p.49,p.196
214,,,,,,,,,,,,,,,p.245,,,,,,,,,,,,,,,,,,,,,,,,,,,,,,,,,,,,,,,,,,,,,,,,,,
215,,,,,,p.237,,,,,,,,,,,,,,,,,,,,,,,,,,,,,,,,,,,,,,,,,,,,,,,,,,,,,,,,,,,
216,,,,,,,,p.231,,,,,,,,,,,,,,,,,,,,,,,,,,,,,,,,,,,,,,,,,,,,,,,,,,,,,,,,,
217,r.-10.1.0,r.-10.1.0,r.-10.1.0,r.-10.1.0,r.-10.1.0,r.-10.1.0,r.-10.1.0,r.-10.1.0,r.-10.1.0,r.-10.1.0,r.-10.1.0,r.-10.1.0,r.-10.1.0,r.-10.1.0,r.-10.1.0,r.-10.1.0,r.-10.1.0,r.-10.1.0,r.-10.1.0,r.-10.1.0,r.-10.1.0,r.-10.1.0,r.-10.1.0,r.-10.1.0,r.-10.1.0,r.-10.1.0,r.-10.1.0,r.-10.1.0,r.-10.1.0,r.-10.1.0,r.-10.1.0,r.-10.1.0,r.-10.1.0,r.-10.1.0,r.-10.1.0,r.-10.1.0,,r.-10.1.0,r.-10.1.0,r.-10.1.0,,,,r.-10.1.0,,,,,,,,,,,,,,,,,,,,,
218,p.1,p.2,p.3,p.187,,p.5,p.6,p.7,p.188,p.9,p.10,p.11,p.12,p.13,p.14,p.15,p.16,p.17,p.18,p.19,p.20,p.21,p.189,p.23,p.24,p.25,p.26,p.27,p.28,p.29,p.30,p.31,p.32,p.33,p.34,p.35,,p.190,p.191,r.-17.0.6,,,,p.38,,,,,p.40,p.192,,p.42,,p.43,,p.193,,,,p.45,p.46,p.194,p.229,p.49,p.196
219,,,,,,,,,,,,,,,,,,,,,,,,,,,,,,,,,,,,,,p.228,,,,,,,,,,,,,,,,,,,,,,,,,,,
220,r.-16.1.0,r.-16.1.0,r.-16.1.0,r.-16.1.0,p.222,r.-16.1.0,r.-16.1.0,r.-16.1.0,r.-16.1.0,r.-16.1.0,r.-16.1.0,r.-16.1.0,r.-16.1.0,r.-16.1.0,r.-16.1.0,r.-16.1.0,r.-16.1.0,r.-16.1.0,r.-16.1.0,r.-16.1.0,r.-16.1.0,r.-16.1.0,r.-16.1.0,r.-16.1.0,r.-16.1.0,r.-16.1.0,r.-16.1.0,r.-16.1.0,r.-16.1.0,r.-16.1.0,r.-16.1.0,r.-16.1.0,r.-16.1.0,r.-16.1.0,r.-16.1.0,r.-16.1.0,,r.-16.1.0,r.-16.1.0,r.-16.1.0,,,,r.-16.1.0,,,,,,,,,,,,,,,,,,,,,
221,r.-19.4.0,r.-19.4.0,r.-19.4.0,r.-19.4.0,,r.-19.4.0,r.-19.4.0,r.-19.4.0,r.-19.4.0,r.-19.4.0,r.-19.4.0,r.-19.4.0,r.-19.4.0,r.-19.4.0,r.-19.4.0,r.-19.4.0,r.-19.4.0,r.-19.4.0,r.-19.4.0,r.-19.4.0,r.-19.4.0,r.-19.4.0,r.-19.4.0,r.-19.4.0,r.-19.4.0,r.-19.4.0,r.-19.4.0,r.-19.4.0,r.-19.4.0,r.-19.4.0,r.-19.4.0,r.-19.4.0,r.-19.4.0,r.-19.4.0,r.-19.4.0,r.-19.4.0,,r.-19.4.0,r.-19.4.0,r.-19.4.0,,,,r.-19.4.0,,,,,,,,,,,,,,,,,,,,,
222,,,,,,,,,,,,p.223,,,,,,,,,,,,,,,,,,,,,,,,,,,,,,,,,,,,,,,,,,,,,,,,,,,,,
223,,,,,,,,,,,,,,,,,,,p.224,,,,,,,,,,,,,,,,,,,,,,,,,,,,,,,,,,,,,,,,,,,,,,
224,,,,,p.225,,,,,,,,,,,,,,,,,,,,,,,,,,,,,,,,,,,,,,,,,,,,,,,,,,,,,,,,,,,,
225,p.1,p.2,p.3,p.187,,p.5,p.6,p.7,p.188,p.9,p.10,p.11,p.12,p.13,p.14,p.15,p.16,p.17,p.18,p.19,p.20,p.21,p.189,p.23,p.24,p.25,p.26,p.27,p.28,p.29,p.30,p.31,p.32,p.33,p.34,p.35,,p.190,p.191,,,,,p.38,,,,,p.40,p.192,,p.42,,p.43,,p.226,,,,p.45,p.46,,,p.49,p.227
226,r.-10.9.0,r.-10.9.0,r.-10.9.0,r.-10.9.0,,r.-10.9.0,r.-10.9.0,r.-10.9.0,r.-10.9.0,r.-10.9.0,r.-10.9.0,r.-10.9.0,r.-10.9.0,r.-10.9.0,r.-10.9.0,r.-10.9.0,r.-10.9.0,r.-10.9.0,r.-10.9.0,r.-10.9.0,r.-10.9.0,r.-10.9.0,r.-10.9.0,r.-10.9.0,r.-10.9.0,r.-10.9.0,r.-10.9.0,r.-10.9.0,r.-10.9.0,r.-10.9.0,r.-10.9.0,r.-10.9.0,r.-10.9.0,r.-10.9.0,r.-10.9.0,r.-10.9.0,,r.-10.9.0,r.-10.9.0,r.-10.9.0,,,,r.-10.9.0,,,,,,,,,,,,,,,,,,,,,
227,r.-19.9.0,r.-19.9.0,r.-19.9.0,r.-19.9.0,,r.-19.9.0,r.-19.9.0,r.-19.9.0,r.-19.9.0,r.-19.9.0,r.-19.9.0,r.-19.9.0,r.-19.9.0,r.-19.9.0,r.-19.9.0,r.-19.9.0,r.-19.9.0,r.-19.9.0,r.-19.9.0,r.-19.9.0,r.-19.9.0,r.-19.9.0,r.-19.9.0,r.-19.9.0,r.-19.9.0,r.-19.9.0,r.-19.9.0,r.-19.9.0,r.-19.9.0,r.-19.9.0,r.-19.9.0,r.-19.9.0,r.-19.9.0,r.-19.9.0,r.-19.9.0,r.-19.9.0,,r.-19.9.0,r.-19.9.0,r.-19.9.0,,,,r.-19.9.0,,,,,,,,,,,,,,,,,,,,,
228,r.-10.2.0,r.-10.2.0,r.-10.2.0,r.-10.2.0,r.-10.2.0,r.-10.2.0,r.-10.2.0,r.-10.2.0,r.-10.2.0,r.-10.2.0,r.-10.2.0,r.-10.2.0,r.-10.2.0,r.-10.2.0,r.-10.2.0,r.-10.2.0,r.-10.2.0,r.-10.2.0,r.-10.2.0,r.-10.2.0,r.-10.2.0,r.-10.2.0,r.-10.2.0,r.-10.2.0,r.-10.2.0,r.-10.2.0,r.-10.2.0,r.-10.2.0,r.-10.2.0,r.-10.2.0,r.-10.2.0,r.-10.2.0,r.-10.2.0,r.-10.2.0,r.-10.2.0,r.-10.2.0,,r.-10.2.0,r.-10.2.0,r.-10.2.0,,,,r.-10.2.0,,,,,,,,,,,,,,,,,,,,,
229,,,,,,,,,,,,,,,,,,,,,,,,,,,,,,,,,,,,,,,,p.230,,,,,,,,,,,,,,,,,,,,,,,,,
230,r.-10.3.0,r.-10.3.0,r.-10.3.0,r.-10.3.0,r.-10.3.0,r.-10.3.0,r.-10.3.0,r.-10.3.0,r.-10.3.0,r.-10.3.0,r.-10.3.0,r.-10.3.0,r.-10.3.0,r.-10.3.0,r.-10.3.0,r.-10.3.0,r.-10.3.0,r.-10.3.0,r.-10.3.0,r.-10.3.0,r.-10.3.0,r.-10.3.0,r.-10.3.0,r.-10.3.0,r.-10.3.0,r.-10.3.0,r.-10.3.0,r.-10.3.0,r.-10.3.0,r.-10.3.0,r.-10.3.0,r.-10.3.0,r.-10.3.0,r.-10.3.0,r.-10.3.0,r.-10.3.0,,r.-10.3.0,r.-10.3.0,r.-10.3.0,,,,r.-10.3.0,,,,,,,,,,,,,,,,,,,,,
231,,,,,,,,,p.232,,,,,,,,,,,,,,,,,,,,,,,,,,,,,,,,,,,,,,,,,,,,,,,,,,,,,,,,
232,,,,,,,,,,,,p.233,,,,,,,,,,,,,,,,,,,,,,,,,,,,,,,,,,,,,,,,,,,,,,,,,,,,,
233,,,,,p.234,,,,,,,,,,,,,,,,,,,,,,,,,,,,,,,,,,,,,,,,,,,,,,,,,,,,,,,,,,,,
234,,,,,,,,,,,,,,,,,,,,,,,,,,,,,,,,,,,,,,,,,,,,p.206,,,,,,,,,,,,,,,,p.235,,,,,
235,p.1,p.2,p.3,p.214,,p.5,p.6,p.7,p.215,p.9,p.10,p.11,p.12,p.13,p.14,p.15,p.16,p.17,p.18,p.19,p.20,p.21,p.216,p.23,p.24,p.25,p.26,p.27,p.28,p.29,p.30,p.31,p.32,p.33,p.34,p.35,,p.217,p.218,,,,,p.38,,,,,p.40,p.219,,p.42,,p.43,,p.236,,,,p.45,p.46,,,p.49,p.209
236,r.-10.7.0,r.-10.7.0,r.-10.7.0,r.-10.7.0,r.-10.7.0,r.-10.7.0,r.-10.7.0,r.-10.7.0,r.-10.7.0,r.-10.7.0,r.-10.7.0,r.-10.7.0,r.-10.7.0,r.-10.7.0,r.-10.7.0,r.-10.7.0,r.-10.7.0,r.-10.7.0,r.-10.7.0,r.-10.7.0,r.-10.7.0,r.-10.7.0,r.-10.7.0,r.-10.7.0,r.-10.7.0,r.-10.7.0,r.-10.7.0,r.-10.7.0,r.-10.7.0,r.-10.7.0,r.-10.7.0,r.-10.7.0,r.-10.7.0,r.-10.7.0,r.-10.7.0,r.-10.7.0,,r.-10.7.0,r.-10.7.0,r.-10.7.0,,,,r.-10.7.0,,,,,,,,,,,,,,,,,,,,,
237,,,,,,,,,,,,,,,,,,,,,,,,,,,,,,,,,,,,,,,,,,,,p.206,,,,,,,,,,,,,,,,p.238,,,,,
238,p.1,p.2,p.3,p.214,,p.5,p.6,p.7,p.215,p.9,p.10,p.11,p.12,p.13,p.14,p.15,p.16,p.17,p.18,p.19,p.20,p.21,p.216,p.23,p.24,p.25,p.26,p.27,p.28,p.29,p.30,p.31,p.32,p.33,p.34,p.35,,p.217,p.218,,,,,p.38,,,,,p.40,p.219,,p.42,,p.43,,p.239,,,,p.45,p.46,p.221,,p.49,p.196
239,r.-16.1.0,r.-16.1.0,r.-16.1.0,r.-16.1.0,p.240,r.-16.1.0,r.-16.1.0,r.-16.1.0,r.-16.1.0,r.-16.1.0,r.-16.1.0,r.-16.1.0,r.-16.1.0,r.-16.1.0,r.-16.1.0,r.-16.1.0,r.-16.1.0,r.-16.1.0,r.-16.1.0,r.-16.1.0,r.-16.1.0,r.-16.1.0,r.-16.1.0,r.-16.1.0,r.-16.1.0,r.-16.1.0,r.-16.1.0,r.-16.1.0,r.-16.1.0,r.-16.1.0,r.-16.1.0,r.-16.1.0,r.-16.1.0,r.-16.1.0,r.-16.1.0,r.-16.1.0,,r.-16.1.0,r.-16.1.0,r.-16.1.0,,,,r.-16.1.0,,,,,,,,,,,,,,,,,,,,,
240,,,,,,,,,,,,p.241,,,,,,,,,,,,,,,,,,,,,,,,,,,,,,,,,,,,,,,,,,,,,,,,,,,,,
241,,,,,,,,,,,,,,,,,,,p.242,,,,,,,,,,,,,,,,,,,,,,,,,,,,,,,,,,,,,,,,,,,,,,
242,,,,,p.243,,,,,,,,,,,,,,,,,,,,,,,,,,,,,,,,,,,,,,,,,,,,,,,,,,,,,,,,,,,,
243,p.1,p.2,p.3,p.214,,p.5,p.6,p.7,p.215,p.9,p.10,p.11,p.12,p.13,p.14,p.15,p.16,p.17,p.18,p.19,p.20,p.21,p.216,p.23,p.24,p.25,p.26,p.27,p.28,p.29,p.30,p.31,p.32,p.33,p.34,p.35,,p.217,p.218,,,,,p.38,,,,,p.40,p.219,,p.42,,p.43,,p.244,,,,p.45,p.46,,,p.49,p.227
244,r.-10.9.0,r.-10.9.0,r.-10.9.0,r.-10.9.0,r.-10.9.0,r.-10.9.0,r.-10.9.0,r.-10.9.0,r.-10.9.0,r.-10.9.0,r.-10.9.0,r.-10.9.0,r.-10.9.0,r.-10.9.0,r.-10.9.0,r.-10.9.0,r.-10.9.0,r.-10.9.0,r.-10.9.0,r.-10.9.0,r.-10.9.0,r.-10.9.0,r.-10.9.0,r.-10.9.0,r.-10.9.0,r.-10.9.0,r.-10.9.0,r.-10.9.0,r.-10.9.0,r.-10.9.0,r.-10.9.0,r.-10.9.0,r.-10.9.0,r.-10.9.0,r.-10.9.0,r.-10.9.0,,r.-10.9.0,r.-10.9.0,r.-10.9.0,,,,r.-10.9.0,,,,,,,,,,,,,,,,,,,,,
245,p.1,p.2,p.3,p.246,,p.5,p.6,p.7,p.247,p.9,p.10,p.11,p.12,p.13,p.14,p.15,p.16,p.17,p.18,p.19,p.20,p.21,p.248,p.23,p.24,p.25,p.26,p.27,p.28,p.29,p.30,p.31,p.32,p.33,p.34,p.35,,p.249,p.250,,,,,p.38,,,,,p.40,p.251,,p.42,,p.43,,p.252,,,,p.45,p.46,p.253,,p.49,p.254
246,,,,,,,,,,,,,,,p.317,,,,,,,,,,,,,,,,,,,,,,,,,,,,,,,,,,,,,,,,,,,,,,,,,,
247,,,,,,p.275,,,,,,,,,,,,,,,,,,,,,,,,,,,,,,,,,,,,,,,,,,,,,,,,,,,,,,,,,,,
248,,,,,,,,p.268,,,,,,,,,,,,,,,,,,,,,,,,,,,,,,,,,,,,,,,,,,,,,,,,,,,,,,,,,
249,,,,,,,,,,,,,,,,,,,,,,,r.-10.1.0,,,,,,,,,,,,,,,,,,,,,,,,,,,,,,,,,,,,,,,,,,
250,p.1,p.2,p.3,p.187,,p.5,p.6,p.7,p.188,p.9,p.10,p.11,p.12,p.13,p.14,p.15,p.16,p.17,p.18,p.19,p.20,p.21,p.189,p.23,p.24,p.25,p.26,p.27,p.28,p.29,p.30,p.31,p.32,p.33,p.34,p.35,,p.190,p.191,r.-17.0.6,,,,p.38,,,,,p.40,p.192,,p.42,,p.43,,p.193,,,,p.45,p.46,p.194,p.266,p.49,p.196
251,,,,,,,,,,,,,,,,,,,,,,,,,,,,,,,,,,,,,,p.265,,,,,,,,,,,,,,,,,,,,,,,,,,,
252,,,,,,,,,,,,,,,,,,,,,,,r.-16.1.0,,,,,,,,,,,,,,,,,,,,,,,,,,,,,,,,,,,,,,,,,,
253,,,,,,,,,,,,,,,,,,,,,,,p.255,,,,,,,,,,,,,,,,,,,,,,,,,,,,,,,,,,,,,,,,,,
254,,,,,,,,,,,,,,,,,,,,,,,r.-16.1.0,,,,,,,,,,,,,,,,,,,,,,,,,,,,,,,,,,,,,,,,,,
255,,,,,,,,p.256,,,,,,,,,,,,,,,,,,,,,,,,,,,,,,,,,,,,,,,,,,,,,,,,,,,,,,,,,
256,,,,,,,,,p.257,,,,,,,,,,,,,,,,,,,,,,,,,,,,,,,,,,,,,,,,,,,,,,,,,,,,,,,,
257,,,,,,,,,,,,p.258,,,,,,,,,,,,,,,,,,,,,,,,,,,,,,,,,,,,,,,,,,,,,,,,,,,,,
258,,,,,p.259,,,,,,,,,,,,,,,,,,,,,,,,,,,,,,,,,,,,,,,,,,,,,,,,,,,,,,,,,,,,
259,,,,,,,,,,,,,,,,,,,,,,,,,,,,,,,,,,,,,,,,,,,,p.260,,,,,,,,,,,,,,,,p.261,,,,,
260,p.100,p.101,p.102,,,p.103,p.104,p.105,,p.106,p.107,p.108,p.109,p.110,p.111,p.112,p.113,p.114,p.115,p.116,p.117,p.118,,p.119,p.120,p.121,p.122,p.123,p.124,p.125,p.126,p.127,p.128,p.129,p.130,p.131,,,,,,,,p.132,,,,,p.133,p.263,,p.135,,p.136,,,,,,p.137,p.138,,,p.139,
261,,,,,,,,,,,,,,,,,,,,,,,,,,,,,,,,,,,,,,p.262,,,,,,,,,,,,,,,,,,,,,,,,,,,
262,r.-10.10.0,r.-10.10.0,r.-10.10.0,r.-10.10.0,r.-10.10.0,r.-10.10.0,r.-10.10.0,r.-10.10.0,r.-10.10.0,r.-10.10.0,r.-10.10.0,r.-10.10.0,r.-10.10.0,r.-10.10.0,r.-10.10.0,r.-10.10.0,r.-10.10.0,r.-10.10.0,r.-10.10.0,r.-10.10.0,r.-10.10.0,r.-10.10.0,r.-10.10.0,r.-10.10.0,r.-10.10.0,r.-10.10.0,r.-10.10.0,r.-10.10.0,r.-10.10.0,r.-10.10.0,r.-10.10.0,r.-10.10.0,r.-10.10.0,r.-10.10.0,r.-10.10.0,r.-10.10.0,,r.-10.10.0,r.-10.10.0,r.-10.10.0,,,,r.-10.10.0,,,,,,,,,,,,,,,,,,,,,
263,,,,,,,,,,,,,,,,,,,,,,,,,,,,,,,,,,,,,,,,,,,,,p.264,,,,,,,,,,,,,,,,,,,,
264,,,,,,,,,,,,,,,,,,,,,,,,,,,,,,,,,,,,,,r.-14.3.0,,,,,,,,,,,,,,,,,,,,,,,,,,,
265,,,,,,,,,,,,,,,,,,,,,,,r.-10.2.0,,,,,,,,,,,,,,,,,,,,,,,,,,,,,,,,,,,,,,,,,,
266,,,,,,,,,,,,,,,,,,,,,,,,,,,,,,,,,,,,,,,,p.267,,,,,,,,,,,,,,,,,,,,,,,,,
267,,,,,,,,,,,,,,,,,,,,,,,r.-10.3.0,,,,,,,,,,,,,,,,,,,,,,,,,,,,,,,,,,,,,,,,,,
268,,,,,,,,,p.269,,,,,,,,,,,,,,,,,,,,,,,,,,,,,,,,,,,,,,,,,,,,,,,,,,,,,,,,
269,,,,,,,,,,,,p.270,,,,,,,,,,,,,,,,,,,,,,,,,,,,,,,,,,,,,,,,,,,,,,,,,,,,,
270,,,,,p.271,,,,,,,,,,,,,,,,,,,,,,,,,,,,,,,,,,,,,,,,,,,,,,,,,,,,,,,,,,,,
271,,,,,,,,,,,,,,,,,,,,,,,,,,,,,,,,,,,,,,,,,,,,p.206,,,,,,,,,,,,,,,,p.272,,,,,
272,p.1,p.2,p.3,p.246,,p.5,p.6,p.7,p.247,p.9,p.10,p.11,p.12,p.13,p.14,p.15,p.16,p.17,p.18,p.19,p.20,p.21,p.248,p.23,p.24,p.25,p.26,p.27,p.28,p.29,p.30,p.31,p.32,p.33,p.34,p.35,,p.249,p.250,,,,,p.38,,,,,p.40,p.251,,p.42,,p.43,,p.273,,,,p.45,p.46,,,p.49,p.274
273,,,,,,,,,,,,,,,,,,,,,,,r.-10.7.0,,,,,,,,,,,,,,,,,,,,,,,,,,,,,,,,,,,,,,,,,,
274,,,,,,,,,,,,,,,,,,,,,,,r.-19.7.0,,,,,,,,,,,,,,,,,,,,,,,,,,,,,,,,,,,,,,,,,,
275,,,,,,,,,,,,,,,,,,,,,,,,,,,,,,,,,,,,,,,,,,,,p.206,,,,,,,,,,,,,,,,p.276,,,,,
276,p.1,p.2,p.3,p.277,,p.5,p.6,p.7,p.278,p.9,p.10,p.11,p.12,p.13,p.14,p.15,p.16,p.17,p.18,p.19,p.20,p.21,p.279,p.23,p.24,p.25,p.26,p.27,p.28,p.29,p.30,p.31,p.32,p.33,p.34,p.35,,p.280,p.281,,,,,p.38,,,,,p.40,p.282,,p.42,,p.43,,p.283,,,,p.45,p.46,p.284,,p.49,p.254
277,,,,,,,,,,,,,,,p.308,,,,,,,,,,,,,,,,,,,,,,,,,,,,,,,,,,,,,,,,,,,,,,,,,,
278,,,,,,p.300,,,,,,,,,,,,,,,,,,,,,,,,,,,,,,,,,,,,,,,,,,,,,,,,,,,,,,,,,,,
279,,,,,,,,p.294,,,,,,,,,,,,,,,,,,,,,,,,,,,,,,,,,,,,,,,,,,,,,,,,,,,,,,,,,
280,,,,,r.-10.1.0,,,,,,,,,,,,,,,,,,r.-10.1.0,,,,,,,,,,,,,,,,,,,,,,,,,,,,,,,,,,,,,,,,,,
281,p.1,p.2,p.3,p.187,,p.5,p.6,p.7,p.188,p.9,p.10,p.11,p.12,p.13,p.14,p.15,p.16,p.17,p.18,p.19,p.20,p.21,p.189,p.23,p.24,p.25,p.26,p.27,p.28,p.29,p.30,p.31,p.32,p.33,p.34,p.35,,p.190,p.191,r.-17.0.6,,,,p.38,,,,,p.40,p.192,,p.42,,p.43,,p.193,,,,p.45,p.46,p.194,p.292,p.49,p.196
282,,,,,,,,,,,,,,,,,,,,,,,,,,,,,,,,,,,,,,p.291,,,,,,,,,,,,,,,,,,,,,,,,,,,
283,,,,,p.285,,,,,,,,,,,,,,,,,,r.-16.1.0,,,,,,,,,,,,,,,,,,,,,,,,,,,,,,,,,,,,,,,,,,
284,,,,,,,,,,,,,,,,,,,,,,,r.-19.4.0,,,,,,,,,,,,,,,,,,,,,,,,,,,,,,,,,,,,,,,,,,
285,,,,,,,,,,,,p.286,,,,,,,,,,,,,,,,,,,,,,,,,,,,,,,,,,,,,,,,,,,,,,,,,,,,,
286,,,,,,,,,,,,,,,,,,,p.287,,,,,,,,,,,,,,,,,,,,,,,,,,,,,,,,,,,,,,,,,,,,,,
287,,,,,p.288,,,,,,,,,,,,,,,,,,,,,,,,,,,,,,,,,,,,,,,,,,,,,,,,,,,,,,,,,,,,
288,p.1,p.2,p.3,p.246,,p.5,p.6,p.7,p.247,p.9,p.10,p.11,p.12,p.13,p.14,p.15,p.16,p.17,p.18,p.19,p.20,p.21,p.248,p.23,p.24,p.25,p.26,p.27,p.28,p.29,p.30,p.31,p.32,p.33,p.34,p.35,,p.249,p.250,,,,,p.38,,,,,p.40,p.251,,p.42,,p.43,,p.289,,,,p.45,p.46,,,p.49,p.290
289,,,,,,,,,,,,,,,,,,,,,,,r.-10.9.0,,,,,,,,,,,,,,,,,,,,,,,,,,,,,,,,,,,,,,,,,,
290,,,,,,,,,,,,,,,,,,,,,,,r.-19.9.0,,,,,,,,,,,,,,,,,,,,,,,,,,,,,,,,,,,,,,,,,,
291,,,,,r.-10.2.0,,,,,,,,,,,,,,,,,,r.-10.2.0,,,,,,,,,,,,,,,,,,,,,,,,,,,,,,,,,,,,,,,,,,
292,,,,,,,,,,,,,,,,,,,,,,,,,,,,,,,,,,,,,,,,p.293,,,,,,,,,,,,,,,,,,,,,,,,,
293,,,,,r.-10.3.0,,,,,,,,,,,,,,,,,,r.-10.3.0,,,,,,,,,,,,,,,,,,,,,,,,,,,,,,,,,,,,,,,,,,
294,,,,,,,,,p.295,,,,,,,,,,,,,,,,,,,,,,,,,,,,,,,,,,,,,,,,,,,,,,,,,,,,,,,,
295,,,,,,,,,,,,p.296,,,,,,,,,,,,,,,,,,,,,,,,,,,,,,,,,,,,,,,,,,,,,,,,,,,,,
296,,,,,p.297,,,,,,,,,,,,,,,,,,,,,,,,,,,,,,,,,,,,,,,,,,,,,,,,,,,,,,,,,,,,
297,,,,,,,,,,,,,,,,,,,,,,,,,,,,,,,,,,,,,,,,,,,,p.206,,,,,,,,,,,,,,,,p.298,,,,,
298,p.1,p.2,p.3,p.277,,p.5,p.6,p.7,p.278,p.9,p.10,p.11,p.12,p.13,p.14,p.15,p.16,p.17,p.18,p.19,p.20,p.21,p.279,p.23,p.24,p.25,p.26,p.27,p.28,p.29,p.30,p.31,p.32,p.33,p.34,p.35,,p.280,p.281,,,,,p.38,,,,,p.40,p.282,,p.42,,p.43,,p.299,,,,p.45,p.46,,,p.49,p.274
299,,,,,r.-10.7.0,,,,,,,,,,,,,,,,,,r.-10.7.0,,,,,,,,,,,,,,,,,,,,,,,,,,,,,,,,,,,,,,,,,,
300,,,,,,,,,,,,,,,,,,,,,,,,,,,,,,,,,,,,,,,,,,,,p.206,,,,,,,,,,,,,,,,p.301,,,,,
301,p.1,p.2,p.3,p.277,,p.5,p.6,p.7,p.278,p.9,p.10,p.11,p.12,p.13,p.14,p.15,p.16,p.17,p.18,p.19,p.20,p.21,p.279,p.23,p.24,p.25,p.26,p.27,p.28,p.29,p.30,p.31,p.32,p.33,p.34,p.35,,p.280,p.281,,,,,p.38,,,,,p.40,p.282,,p.42,,p.43,,p.302,,,,p.45,p.46,p.284,,p.49,p.254
302,,,,,p.303,,,,,,,,,,,,,,,,,,r.-16.1.0,,,,,,,,,,,,,,,,,,,,,,,,,,,,,,,,,,,,,,,,,,
303,,,,,,,,,,,,p.304,,,,,,,,,,,,,,,,,,,,,,,,,,,,,,,,,,,,,,,,,,,,,,,,,,,,,
304,,,,,,,,,,,,,,,,,,,p.305,,,,,,,,,,,,,,,,,,,,,,,,,,,,,,,,,,,,,,,,,,,,,,
305,,,,,p.306,,,,,,,,,,,,,,,,,,,,,,,,,,,,,,,,,,,,,,,,,,,,,,,,,,,,,,,,,,,,
306,p.1,p.2,p.3,p.277,,p.5,p.6,p.7,p.278,p.9,p.10,p.11,p.12,p.13,p.14,p.15,p.16,p.17,p.18,p.19,p.20,p.21,p.279,p.23,p.24,p.25,p.26,p.27,p.28,p.29,p.30,p.31,p.32,p.33,p.34,p.35,,p.280,p.281,,,,,p.38,,,,,p.40,p.282,,p.42,,p.43,,p.307,,,,p.45,p.46,,,p.49,p.290
307,,,,,r.-10.9.0,,,,,,,,,,,,,,,,,,r.-10.9.0,,,,,,,,,,,,,,,,,,,,,,,,,,,,,,,,,,,,,,,,,,
308,p.1,p.2,p.3,p.246,,p.5,p.6,p.7,p.247,p.9,p.10,p.11,p.12,p.13,p.14,p.15,p.16,p.17,p.18,p.19,p.20,p.21,p.248,p.23,p.24,p.25,p.26,p.27,p.28,p.29,p.30,p.31,p.32,p.33,p.34,p.35,,p.249,p.250,,,,,p.38,,,,,p.40,p.251,,p.42,,p.43,,p.252,,,,p.45,p.46,p.309,,p.49,p.254
309,,,,,,,,,,,,,,,,,,,,,,,p.310,,,,,,,,,,,,,,,,,,,,,,,,,,,,,,,,,,,,,,,,,,
310,,,,,,,,p.311,,,,,,,,,,,,,,,,,,,,,,,,,,,,,,,,,,,,,,,,,,,,,,,,,,,,,,,,,
311,,,,,,,,,p.312,,,,,,,,,,,,,,,,,,,,,,,,,,,,,,,,,,,,,,,,,,,,,,,,,,,,,,,,
312,,,,,,,,,,,,p.313,,,,,,,,,,,,,,,,,,,,,,,,,,,,,,,,,,,,,,,,,,,,,,,,,,,,,
313,,,,,p.314,,,,,,,,,,,,,,,,,,,,,,,,,,,,,,,,,,,,,,,,,,,,,,,,,,,,,,,,,,,,
314,,,,,,,,,,,,,,,,,,,,,,,,,,,,,,,,,,,,,,,,,,,,p.260,,,,,,,,,,,,,,,,p.315,,,,,
315,,,,,,,,,,,,,,,,,,,,,,,,,,,,,,,,,,,,,,p.316,,,,,,,,,,,,,,,,,,,,,,,,,,,
316,,,,,r.-10.10.0,,,,,,,,,,,,,,,,,,r.-10.10.0,,,,,,,,,,,,,,,,,,,,,,,,,,,,,,,,,,,,,,,,,,
317,p.1,p.2,p.3,p.246,,p.5,p.6,p.7,p.247,p.9,p.10,p.11,p.12,p.13,p.14,p.15,p.16,p.17,p.18,p.19,p.20,p.21,p.248,p.23,p.24,p.25,p.26,p.27,p.28,p.29,p.30,p.31,p.32,p.33,p.34,p.35,,p.249,p.250,,,,,p.38,,,,,p.40,p.251,,p.42,,p.43,,p.252,,,,p.45,p.46,p.318,,p.49,p.254
318,,,,,,,,,,,,,,,,,,,,,,,p.319,,,,,,,,,,,,,,,,,,,,,,,,,,,,,,,,,,,,,,,,,,
319,,,,,,,,p.320,,,,,,,,,,,,,,,,,,,,,,,,,,,,,,,,,,,,,,,,,,,,,,,,,,,,,,,,,
320,,,,,,,,,p.321,,,,,,,,,,,,,,,,,,,,,,,,,,,,,,,,,,,,,,,,,,,,,,,,,,,,,,,,
321,,,,,,,,,,,,p.322,,,,,,,,,,,,,,,,,,,,,,,,,,,,,,,,,,,,,,,,,,,,,,,,,,,,,
322,,,,,p.323,,,,,,,,,,,,,,,,,,,,,,,,,,,,,,,,,,,,,,,,,,,,,,,,,,,,,,,,,,,,
323,,,,,,,,,,,,,,,,,,,,,,,,,,,,,,,,,,,,,,,,,,,,p.260,,,,,,,,,,,,,,,,p.324,,,,,
324,,,,,,,,,,,,,,,,,,,,,,,,,,,,,,,,,,,,,,p.325,,,,,,,,,,,,,,,,,,,,,,,,,,,
325,,,,,,,,,,,,,,,,,,,,,,,r.-10.10.0,,,,,,,,,,,,,,,,,,,,,,,,,,,,,,,,,,,,,,,,,,
326,p.1,p.2,p.3,p.246,,p.5,p.6,p.7,p.247,p.9,p.10,p.11,p.12,p.13,p.14,p.15,p.16,p.17,p.18,p.19,p.20,p.21,p.248,p.23,p.24,p.25,p.26,p.27,p.28,p.29,p.30,p.31,p.32,p.33,p.34,p.35,,p.249,p.250,,,,,p.38,,,,,p.40,p.251,,p.42,,p.43,,p.252,,,,p.45,p.46,p.327,,p.49,p.254
327,,,,,,,,,,,,,,,,,,,,,,,p.328,,,,,,,,,,,,,,,,,,,,,,,,,,,,,,,,,,,,,,,,,,
328,,,,,,,,p.329,,,,,,,,,,,,,,,,,,,,,,,,,,,,,,,,,,,,,,,,,,,,,,,,,,,,,,,,,
329,,,,,,,,,p.330,,,,,,,,,,,,,,,,,,,,,,,,,,,,,,,,,,,,,,,,,,,,,,,,,,,,,,,,
330,,,,,,,,,,,,p.331,,,,,,,,,,,,,,,,,,,,,,,,,,,,,,,,,,,,,,,,,,,,,,,,,,,,,
331,,,,,p.332,,,,,,,,,,,,,,,,,,,,,,,,,,,,,,,,,,,,,,,,,,,,,,,,,,,,,,,,,,,,
332,,,,,,,,,,,,,,,,,,,,,,,,,,,,,,,,,,,,,,,,,,,,p.260,,,,,,,,,,,,,,,,p.333,,,,,
333,,,,,,,,,,,,,,,,,,,,,,,,,,,,,,,,,,,,,,p.334,,,,,,,,,,,,,,,,,,,,,,,,,,,
334,r.-10.10.0,r.-10.10.0,r.-10.10.0,r.-10.10.0,,r.-10.10.0,r.-10.10.0,r.-10.10.0,r.-10.10.0,r.-10.10.0,r.-10.10.0,r.-10.10.0,r.-10.10.0,r.-10.10.0,r.-10.10.0,r.-10.10.0,r.-10.10.0,r.-10.10.0,r.-10.10.0,r.-10.10.0,r.-10.10.0,r.-10.10.0,r.-10.10.0,r.-10.10.0,r.-10.10.0,r.-10.10.0,r.-10.10.0,r.-10.10.0,r.-10.10.0,r.-10.10.0,r.-10.10.0,r.-10.10.0,r.-10.10.0,r.-10.10.0,r.-10.10.0,r.-10.10.0,,r.-10.10.0,r.-10.10.0,r.-10.10.0,,,,r.-10.10.0,,,,,,,,,,,,,,,,,,,,,
335,,,,,,,,,p.336,,,,,,,,,,,,,,,,,,,,,,,,,,,,,,,,,,,,,,,,,,,,,,,,,,,,,,,,
336,,,,,,,,,,,,p.337,,,,,,,,,,,,,,,,,,,,,,,,,,,,,,,,,,,,,,,,,,,,,,,,,,,,,
337,,,,,p.338,,,,,,,,,,,,,,,,,,,,,,,,,,,,,,,,,,,,,,,,,,,,,,,,,,,,,,,,,,,,
338,,,,,,,,,,,,,,,,,,,,,,,,,,,,,,,,,,,,,,,,,,,,p.206,,,,,,,,,,,,,,,,p.339,,,,,
339,p.1,p.2,p.3,p.4,,p.5,p.6,p.7,p.8,p.9,p.10,p.11,p.12,p.13,p.14,p.15,p.16,p.17,p.18,p.19,p.20,p.21,p.22,p.23,p.24,p.25,p.26,p.27,p.28,p.29,p.30,p.31,p.32,p.33,p.34,p.35,,p.36,p.37,,,,,p.38,,,,,p.40,p.41,,p.42,,p.43,,p.340,,,,p.45,p.46,,,p.49,p.341
340,r.-10.7.0,r.-10.7.0,r.-10.7.0,r.-10.7.0,,r.-10.7.0,r.-10.7.0,r.-10.7.0,r.-10.7.0,r.-10.7.0,r.-10.7.0,r.-10.7.0,r.-10.7.0,r.-10.7.0,r.-10.7.0,r.-10.7.0,r.-10.7.0,r.-10.7.0,r.-10.7.0,r.-10.7.0,r.-10.7.0,r.-10.7.0,r.-10.7.0,r.-10.7.0,r.-10.7.0,r.-10.7.0,r.-10.7.0,r.-10.7.0,r.-10.7.0,r.-10.7.0,r.-10.7.0,r.-10.7.0,r.-10.7.0,r.-10.7.0,r.-10.7.0,r.-10.7.0,,r.-10.7.0,r.-10.7.0,,,,,r.-10.7.0,,r.-10.7.0,,,,,,,,,,,,,,,,,,,
341,r.-19.7.0,r.-19.7.0,r.-19.7.0,r.-19.7.0,,r.-19.7.0,r.-19.7.0,r.-19.7.0,r.-19.7.0,r.-19.7.0,r.-19.7.0,r.-19.7.0,r.-19.7.0,r.-19.7.0,r.-19.7.0,r.-19.7.0,r.-19.7.0,r.-19.7.0,r.-19.7.0,r.-19.7.0,r.-19.7.0,r.-19.7.0,r.-19.7.0,r.-19.7.0,r.-19.7.0,r.-19.7.0,r.-19.7.0,r.-19.7.0,r.-19.7.0,r.-19.7.0,r.-19.7.0,r.-19.7.0,r.-19.7.0,r.-19.7.0,r.-19.7.0,r.-19.7.0,,r.-19.7.0,r.-19.7.0,,,,,r.-19.7.0,,r.-19.7.0,,,,,,,,,,,,,,,,,,,
342,,,,,,,,,,,,,,,,,,,,,,,,,,,,,,,,,,,,,,,,,,,,p.206,,,,,,,,,,,,,,,,p.343,,,,,
343,p.1,p.2,p.3,p.344,,p.5,p.6,p.7,p.345,p.9,p.10,p.11,p.12,p.13,p.14,p.15,p.16,p.17,p.18,p.19,p.20,p.21,p.346,p.23,p.24,p.25,p.26,p.27,p.28,p.29,p.30,p.31,p.32,p.33,p.34,p.35,,p.347,p.348,,,,,p.38,,,,,p.40,p.349,,p.42,,p.43,,p.350,,,,p.45,p.46,p.351,,p.49,p.50
344,,,,,,,,,,,,,,,p.375,,,,,,,,,,,,,,,,,,,,,,,,,,,,,,,,,,,,,,,,,,,,,,,,,,
345,,,,,,p.367,,,,,,,,,,,,,,,,,,,,,,,,,,,,,,,,,,,,,,,,,,,,,,,,,,,,,,,,,,,
346,,,,,,,,p.361,,,,,,,,,,,,,,,,,,,,,,,,,,,,,,,,,,,,,,,,,,,,,,,,,,,,,,,,,
347,r.-10.1.0,r.-10.1.0,r.-10.1.0,r.-10.1.0,r.-10.1.0,r.-10.1.0,r.-10.1.0,r.-10.1.0,r.-10.1.0,r.-10.1.0,r.-10.1.0,r.-10.1.0,r.-10.1.0,r.-10.1.0,r.-10.1.0,r.-10.1.0,r.-10.1.0,r.-10.1.0,r.-10.1.0,r.-10.1.0,r.-10.1.0,r.-10.1.0,r.-10.1.0,r.-10.1.0,r.-10.1.0,r.-10.1.0,r.-10.1.0,r.-10.1.0,r.-10.1.0,r.-10.1.0,r.-10.1.0,r.-10.1.0,r.-10.1.0,r.-10.1.0,r.-10.1.0,r.-10.1.0,,r.-10.1.0,r.-10.1.0,,,,,r.-10.1.0,,r.-10.1.0,,,,,,,,,,,,,,,,,,,
348,p.1,p.2,p.3,p.187,,p.5,p.6,p.7,p.188,p.9,p.10,p.11,p.12,p.13,p.14,p.15,p.16,p.17,p.18,p.19,p.20,p.21,p.189,p.23,p.24,p.25,p.26,p.27,p.28,p.29,p.30,p.31,p.32,p.33,p.34,p.35,,p.190,p.191,r.-17.0.6,,,,p.38,,,,,p.40,p.192,,p.42,,p.43,,p.193,,,,p.45,p.46,p.194,p.359,p.49,p.196
349,,,,,,,,,,,,,,,,,,,,,,,,,,,,,,,,,,,,,,p.358,,,,,,,,,,,,,,,,,,,,,,,,,,,
350,r.-16.1.0,r.-16.1.0,r.-16.1.0,r.-16.1.0,p.352,r.-16.1.0,r.-16.1.0,r.-16.1.0,r.-16.1.0,r.-16.1.0,r.-16.1.0,r.-16.1.0,r.-16.1.0,r.-16.1.0,r.-16.1.0,r.-16.1.0,r.-16.1.0,r.-16.1.0,r.-16.1.0,r.-16.1.0,r.-16.1.0,r.-16.1.0,r.-16.1.0,r.-16.1.0,r.-16.1.0,r.-16.1.0,r.-16.1.0,r.-16.1.0,r.-16.1.0,r.-16.1.0,r.-16.1.0,r.-16.1.0,r.-16.1.0,r.-16.1.0,r.-16.1.0,r.-16.1.0,,r.-16.1.0,r.-16.1.0,,,,,r.-16.1.0,,r.-16.1.0,,,,,,,,,,,,,,,,,,,
351,r.-19.4.0,r.-19.4.0,r.-19.4.0,r.-19.4.0,,r.-19.4.0,r.-19.4.0,r.-19.4.0,r.-19.4.0,r.-19.4.0,r.-19.4.0,r.-19.4.0,r.-19.4.0,r.-19.4.0,r.-19.4.0,r.-19.4.0,r.-19.4.0,r.-19.4.0,r.-19.4.0,r.-19.4.0,r.-19.4.0,r.-19.4.0,r.-19.4.0,r.-19.4.0,r.-19.4.0,r.-19.4.0,r.-19.4.0,r.-19.4.0,r.-19.4.0,r.-19.4.0,r.-19.4.0,r.-19.4.0,r.-19.4.0,r.-19.4.0,r.-19.4.0,r.-19.4.0,,r.-19.4.0,r.-19.4.0,,,,,r.-19.4.0,,r.-19.4.0,,,,,,,,,,,,,,,,,,,
352,,,,,,,,,,,,p.353,,,,,,,,,,,,,,,,,,,,,,,,,,,,,,,,,,,,,,,,,,,,,,,,,,,,,
353,,,,,,,,,,,,,,,,,,,p.354,,,,,,,,,,,,,,,,,,,,,,,,,,,,,,,,,,,,,,,,,,,,,,
354,,,,,p.355,,,,,,,,,,,,,,,,,,,,,,,,,,,,,,,,,,,,,,,,,,,,,,,,,,,,,,,,,,,,
355,p.1,p.2,p.3,p.4,,p.5,p.6,p.7,p.8,p.9,p.10,p.11,p.12,p.13,p.14,p.15,p.16,p.17,p.18,p.19,p.20,p.21,p.22,p.23,p.24,p.25,p.26,p.27,p.28,p.29,p.30,p.31,p.32,p.33,p.34,p.35,,p.36,p.37,,,,,p.38,,,,,p.40,p.41,,p.42,,p.43,,p.356,,,,p.45,p.46,,,p.49,p.357
356,r.-10.9.0,r.-10.9.0,r.-10.9.0,r.-10.9.0,,r.-10.9.0,r.-10.9.0,r.-10.9.0,r.-10.9.0,r.-10.9.0,r.-10.9.0,r.-10.9.0,r.-10.9.0,r.-10.9.0,r.-10.9.0,r.-10.9.0,r.-10.9.0,r.-10.9.0,r.-10.9.0,r.-10.9.0,r.-10.9.0,r.-10.9.0,r.-10.9.0,r.-10.9.0,r.-10.9.0,r.-10.9.0,r.-10.9.0,r.-10.9.0,r.-10.9.0,r.-10.9.0,r.-10.9.0,r.-10.9.0,r.-10.9.0,r.-10.9.0,r.-10.9.0,r.-10.9.0,,r.-10.9.0,r.-10.9.0,,,,,r.-10.9.0,,r.-10.9.0,,,,,,,,,,,,,,,,,,,
357,r.-19.9.0,r.-19.9.0,r.-19.9.0,r.-19.9.0,,r.-19.9.0,r.-19.9.0,r.-19.9.0,r.-19.9.0,r.-19.9.0,r.-19.9.0,r.-19.9.0,r.-19.9.0,r.-19.9.0,r.-19.9.0,r.-19.9.0,r.-19.9.0,r.-19.9.0,r.-19.9.0,r.-19.9.0,r.-19.9.0,r.-19.9.0,r.-19.9.0,r.-19.9.0,r.-19.9.0,r.-19.9.0,r.-19.9.0,r.-19.9.0,r.-19.9.0,r.-19.9.0,r.-19.9.0,r.-19.9.0,r.-19.9.0,r.-19.9.0,r.-19.9.0,r.-19.9.0,,r.-19.9.0,r.-19.9.0,,,,,r.-19.9.0,,r.-19.9.0,,,,,,,,,,,,,,,,,,,
358,r.-10.2.0,r.-10.2.0,r.-10.2.0,r.-10.2.0,r.-10.2.0,r.-10.2.0,r.-10.2.0,r.-10.2.0,r.-10.2.0,r.-10.2.0,r.-10.2.0,r.-10.2.0,r.-10.2.0,r.-10.2.0,r.-10.2.0,r.-10.2.0,r.-10.2.0,r.-10.2.0,r.-10.2.0,r.-10.2.0,r.-10.2.0,r.-10.2.0,r.-10.2.0,r.-10.2.0,r.-10.2.0,r.-10.2.0,r.-10.2.0,r.-10.2.0,r.-10.2.0,r.-10.2.0,r.-10.2.0,r.-10.2.0,r.-10.2.0,r.-10.2.0,r.-10.2.0,r.-10.2.0,,r.-10.2.0,r.-10.2.0,,,,,r.-10.2.0,,r.-10.2.0,,,,,,,,,,,,,,,,,,,
359,,,,,,,,,,,,,,,,,,,,,,,,,,,,,,,,,,,,,,,,p.360,,,,,,,,,,,,,,,,,,,,,,,,,
360,r.-10.3.0,r.-10.3.0,r.-10.3.0,r.-10.3.0,r.-10.3.0,r.-10.3.0,r.-10.3.0,r.-10.3.0,r.-10.3.0,r.-10.3.0,r.-10.3.0,r.-10.3.0,r.-10.3.0,r.-10.3.0,r.-10.3.0,r.-10.3.0,r.-10.3.0,r.-10.3.0,r.-10.3.0,r.-10.3.0,r.-10.3.0,r.-10.3.0,r.-10.3.0,r.-10.3.0,r.-10.3.0,r.-10.3.0,r.-10.3.0,r.-10.3.0,r.-10.3.0,r.-10.3.0,r.-10.3.0,r.-10.3.0,r.-10.3.0,r.-10.3.0,r.-10.3.0,r.-10.3.0,,r.-10.3.0,r.-10.3.0,,,,,r.-10.3.0,,r.-10.3.0,,,,,,,,,,,,,,,,,,,
361,,,,,,,,,p.362,,,,,,,,,,,,,,,,,,,,,,,,,,,,,,,,,,,,,,,,,,,,,,,,,,,,,,,,
362,,,,,,,,,,,,p.363,,,,,,,,,,,,,,,,,,,,,,,,,,,,,,,,,,,,,,,,,,,,,,,,,,,,,
363,,,,,p.364,,,,,,,,,,,,,,,,,,,,,,,,,,,,,,,,,,,,,,,,,,,,,,,,,,,,,,,,,,,,
364,,,,,,,,,,,,,,,,,,,,,,,,,,,,,,,,,,,,,,,,,,,,p.206,,,,,,,,,,,,,,,,p.365,,,,,
365,p.1,p.2,p.3,p.344,,p.5,p.6,p.7,p.345,p.9,p.10,p.11,p.12,p.13,p.14,p.15,p.16,p.17,p.18,p.19,p.20,p.21,p.346,p.23,p.24,p.25,p.26,p.27,p.28,p.29,p.30,p.31,p.32,p.33,p.34,p.35,,p.347,p.348,,,,,p.38,,,,,p.40,p.349,,p.42,,p.43,,p.366,,,,p.45,p.46,,,p.49,p.341
366,r.-10.7.0,r.-10.7.0,r.-10.7.0,r.-10.7.0,r.-10.7.0,r.-10.7.0,r.-10.7.0,r.-10.7.0,r.-10.7.0,r.-10.7.0,r.-10.7.0,r.-10.7.0,r.-10.7.0,r.-10.7.0,r.-10.7.0,r.-10.7.0,r.-10.7.0,r.-10.7.0,r.-10.7.0,r.-10.7.0,r.-10.7.0,r.-10.7.0,r.-10.7.0,r.-10.7.0,r.-10.7.0,r.-10.7.0,r.-10.7.0,r.-10.7.0,r.-10.7.0,r.-10.7.0,r.-10.7.0,r.-10.7.0,r.-10.7.0,r.-10.7.0,r.-10.7.0,r.-10.7.0,,r.-10.7.0,r.-10.7.0,,,,,r.-10.7.0,,r.-10.7.0,,,,,,,,,,,,,,,,,,,
367,,,,,,,,,,,,,,,,,,,,,,,,,,,,,,,,,,,,,,,,,,,,p.206,,,,,,,,,,,,,,,,p.368,,,,,
368,p.1,p.2,p.3,p.344,,p.5,p.6,p.7,p.345,p.9,p.10,p.11,p.12,p.13,p.14,p.15,p.16,p.17,p.18,p.19,p.20,p.21,p.346,p.23,p.24,p.25,p.26,p.27,p.28,p.29,p.30,p.31,p.32,p.33,p.34,p.35,,p.347,p.348,,,,,p.38,,,,,p.40,p.349,,p.42,,p.43,,p.369,,,,p.45,p.46,p.351,,p.49,p.50
369,r.-16.1.0,r.-16.1.0,r.-16.1.0,r.-16.1.0,p.370,r.-16.1.0,r.-16.1.0,r.-16.1.0,r.-16.1.0,r.-16.1.0,r.-16.1.0,r.-16.1.0,r.-16.1.0,r.-16.1.0,r.-16.1.0,r.-16.1.0,r.-16.1.0,r.-16.1.0,r.-16.1.0,r.-16.1.0,r.-16.1.0,r.-16.1.0,r.-16.1.0,r.-16.1.0,r.-16.1.0,r.-16.1.0,r.-16.1.0,r.-16.1.0,r.-16.1.0,r.-16.1.0,r.-16.1.0,r.-16.1.0,r.-16.1.0,r.-16.1.0,r.-16.1.0,r.-16.1.0,,r.-16.1.0,r.-16.1.0,,,,,r.-16.1.0,,r.-16.1.0,,,,,,,,,,,,,,,,,,,
370,,,,,,,,,,,,p.371,,,,,,,,,,,,,,,,,,,,,,,,,,,,,,,,,,,,,,,,,,,,,,,,,,,,,
371,,,,,,,,,,,,,,,,,,,p.372,,,,,,,,,,,,,,,,,,,,,,,,,,,,,,,,,,,,,,,,,,,,,,
372,,,,,p.373,,,,,,,,,,,,,,,,,,,,,,,,,,,,,,,,,,,,,,,,,,,,,,,,,,,,,,,,,,,,
373,p.1,p.2,p.3,p.344,,p.5,p.6,p.7,p.345,p.9,p.10,p.11,p.12,p.13,p.14,p.15,p.16,p.17,p.18,p.19,p.20,p.21,p.346,p.23,p.24,p.25,p.26,p.27,p.28,p.29,p.30,p.31,p.32,p.33,p.34,p.35,,p.347,p.348,,,,,p.38,,,,,p.40,p.349,,p.42,,p.43,,p.374,,,,p.45,p.46,,,p.49,p.357
374,r.-10.9.0,r.-10.9.0,r.-10.9.0,r.-10.9.0,r.-10.9.0,r.-10.9.0,r.-10.9.0,r.-10.9.0,r.-10.9.0,r.-10.9.0,r.-10.9.0,r.-10.9.0,r.-10.9.0,r.-10.9.0,r.-10.9.0,r.-10.9.0,r.-10.9.0,r.-10.9.0,r.-10.9.0,r.-10.9.0,r.-10.9.0,r.-10.9.0,r.-10.9.0,r.-10.9.0,r.-10.9.0,r.-10.9.0,r.-10.9.0,r.-10.9.0,r.-10.9.0,r.-10.9.0,r.-10.9.0,r.-10.9.0,r.-10.9.0,r.-10.9.0,r.-10.9.0,r.-10.9.0,,r.-10.9.0,r.-10.9.0,,,,,r.-10.9.0,,r.-10.9.0,,,,,,,,,,,,,,,,,,,
375,p.1,p.2,p.3,p.246,,p.5,p.6,p.7,p.247,p.9,p.10,p.11,p.12,p.13,p.14,p.15,p.16,p.17,p.18,p.19,p.20,p.21,p.248,p.23,p.24,p.25,p.26,p.27,p.28,p.29,p.30,p.31,p.32,p.33,p.34,p.35,,p.249,p.250,,,,,p.38,,,,,p.40,p.251,,p.42,,p.43,,p.252,,,,p.45,p.46,p.376,,p.49,p.254
376,,,,,,,,,,,,,,,,,,,,,,,p.377,,,,,,,,,,,,,,,,,,,,,,,,,,,,,,,,,,,,,,,,,,
377,,,,,,,,p.378,,,,,,,,,,,,,,,,,,,,,,,,,,,,,,,,,,,,,,,,,,,,,,,,,,,,,,,,,
378,,,,,,,,,p.379,,,,,,,,,,,,,,,,,,,,,,,,,,,,,,,,,,,,,,,,,,,,,,,,,,,,,,,,
379,,,,,,,,,,,,p.380,,,,,,,,,,,,,,,,,,,,,,,,,,,,,,,,,,,,,,,,,,,,,,,,,,,,,
380,,,,,p.381,,,,,,,,,,,,,,,,,,,,,,,,,,,,,,,,,,,,,,,,,,,,,,,,,,,,,,,,,,,,
381,,,,,,,,,,,,,,,,,,,,,,,,,,,,,,,,,,,,,,,,,,,,p.260,,,,,,,,,,,,,,,,p.382,,,,,
382,,,,,,,,,,,,,,,,,,,,,,,,,,,,,,,,,,,,,,p.383,,,,,,,,,,,,,,,,,,,,,,,,,,,
383,r.-10.10.0,r.-10.10.0,r.-10.10.0,r.-10.10.0,r.-10.10.0,r.-10.10.0,r.-10.10.0,r.-10.10.0,r.-10.10.0,r.-10.10.0,r.-10.10.0,r.-10.10.0,r.-10.10.0,r.-10.10.0,r.-10.10.0,r.-10.10.0,r.-10.10.0,r.-10.10.0,r.-10.10.0,r.-10.10.0,r.-10.10.0,r.-10.10.0,r.-10.10.0,r.-10.10.0,r.-10.10.0,r.-10.10.0,r.-10.10.0,r.-10.10.0,r.-10.10.0,r.-10.10.0,r.-10.10.0,r.-10.10.0,r.-10.10.0,r.-10.10.0,r.-10.10.0,r.-10.10.0,,r.-10.10.0,r.-10.10.0,,,,,r.-10.10.0,,r.-10.10.0,,,,,,,,,,,,,,,,,,,
384,p.1,p.2,p.3,p.246,,p.5,p.6,p.7,p.247,p.9,p.10,p.11,p.12,p.13,p.14,p.15,p.16,p.17,p.18,p.19,p.20,p.21,p.248,p.23,p.24,p.25,p.26,p.27,p.28,p.29,p.30,p.31,p.32,p.33,p.34,p.35,,p.249,p.250,,,,,p.38,,,,,p.40,p.251,,p.42,,p.43,,p.252,,,,p.45,p.46,p.385,,p.49,p.254
385,,,,,,,,,,,,,,,,,,,,,,,p.386,,,,,,,,,,,,,,,,,,,,,,,,,,,,,,,,,,,,,,,,,,
386,,,,,,,,p.387,,,,,,,,,,,,,,,,,,,,,,,,,,,,,,,,,,,,,,,,,,,,,,,,,,,,,,,,,
387,,,,,,,,,p.388,,,,,,,,,,,,,,,,,,,,,,,,,,,,,,,,,,,,,,,,,,,,,,,,,,,,,,,,
388,,,,,,,,,,,,p.389,,,,,,,,,,,,,,,,,,,,,,,,,,,,,,,,,,,,,,,,,,,,,,,,,,,,,
389,,,,,p.390,,,,,,,,,,,,,,,,,,,,,,,,,,,,,,,,,,,,,,,,,,,,,,,,,,,,,,,,,,,,
390,,,,,,,,,,,,,,,,,,,,,,,,,,,,,,,,,,,,,,,,,,,,p.260,,,,,,,,,,,,,,,,p.391,,,,,
391,,,,,,,,,,,,,,,,,,,,,,,,,,,,,,,,,,,,,,p.392,,,,,,,,,,,,,,,,,,,,,,,,,,,
392,r.-10.10.0,r.-10.10.0,r.-10.10.0,r.-10.10.0,,r.-10.10.0,r.-10.10.0,r.-10.10.0,r.-10.10.0,r.-10.10.0,r.-10.10.0,r.-10.10.0,r.-10.10.0,r.-10.10.0,r.-10.10.0,r.-10.10.0,r.-10.10.0,r.-10.10.0,r.-10.10.0,r.-10.10.0,r.-10.10.0,r.-10.10.0,r.-10.10.0,r.-10.10.0,r.-10.10.0,r.-10.10.0,r.-10.10.0,r.-10.10.0,r.-10.10.0,r.-10.10.0,r.-10.10.0,r.-10.10.0,r.-10.10.0,r.-10.10.0,r.-10.10.0,r.-10.10.0,,r.-10.10.0,r.-10.10.0,,,,,r.-10.10.0,,r.-10.10.0,,,,,,,,,,,,,,,,,,,
